MAKR0_SI722,5.9
MAKR0_SX182,15.0
MAKR0_SX272,16.0
MAKR0_SX362,9.5
MAKR0_SX452,5.0
MAKR0_SX92,21.2
MAPV0_SI1293,23.8
MAPV0_SI1923,12.5
MAPV0_SI663,10.9
MAPV0_SX123,19.0
MAPV0_SX213,21.2
MAPV0_SX303,3.4
MAPV0_SX33,24.1
MAPV0_SX393,5.9
MARC0_SI1188,5.6
MARC0_SI1818,10.0
MARC0_SI558,24.5
MARC0_SX108,11.1
MARC0_SX18,9.4
MARC0_SX198,9.4
MARC0_SX288,12.2
MARC0_SX378,17.5
MARW0_SI1276,13.9
MARW0_SI1906,25.9
MARW0_SI646,8.3
MARW0_SX106,16.7
MARW0_SX16,0.0
MARW0_SX286,16.0
MARW0_SX349,18.3
MARW0_SX376,26.3
MBAR0_SI1319,12.7
MBAR0_SI1949,0.0
MBAR0_SI689,6.3
MBAR0_SX149,14.3
MBAR0_SX239,17.6
MBAR0_SX329,18.9
MBAR0_SX419,8.1
MBAR0_SX59,0.0
MBBR0_SI1055,20.3
MBBR0_SI1685,12.5
MBBR0_SI2315,11.5
MBBR0_SX155,18.6
MBBR0_SX245,0.0
MBBR0_SX335,21.1
MBBR0_SX425,15.4
MBBR0_SX65,12.5
MBCG0_SI2217,12.1
MBCG0_SI486,13.0
MBCG0_SI957,16.7
MBCG0_SX147,9.8
MBCG0_SX237,20.0
MBCG0_SX327,19.7
MBCG0_SX417,10.5
MBCG0_SX57,0.0
MBEF0_SI1281,23.6
MBEF0_SI1911,13.9
MBEF0_SI651,7.3
MBEF0_SX111,3.6
MBEF0_SX201,0.0
MBEF0_SX21,30.0
MBEF0_SX291,9.7
MBEF0_SX381,17.2
MBGT0_SI1341,12.0
MBGT0_SI1841,16.7
MBGT0_SI711,4.9
MBGT0_SX171,13.2
MBGT0_SX261,8.0
MBGT0_SX351,12.8
MBGT0_SX441,18.9
MBGT0_SX81,2.9
MBJV0_SI1247,6.1
MBJV0_SI1877,6.5
MBJV0_SI617,12.8
MBJV0_SX167,13.0
MBJV0_SX257,16.7
MBJV0_SX347,19.0
MBJV0_SX437,11.1
MBJV0_SX77,13.9
MBMA0_SI1222,19.6
MBMA0_SI1852,25.0
MBMA0_SI592,15.8
MBMA0_SX142,9.1
MBMA0_SX232,13.6
MBMA0_SX322,3.0
MBMA0_SX412,11.6
MBMA0_SX52,11.4
MBMA1_SI2207,0.0
MBMA1_SI2214,14.7
MBMA1_SI954,14.6
MBMA1_SX144,6.3
MBMA1_SX234,8.8
MBMA1_SX324,20.0
MBMA1_SX414,7.3
MBMA1_SX54,23.9
MBML0_SI1169,0.0
MBML0_SI1799,3.3
MBML0_SI539,22.2
MBML0_SX179,13.5
MBML0_SX269,7.1
MBML0_SX359,8.9
MBML0_SX449,14.9
MBML0_SX89,2.9
MBOM0_SI1014,20.8
MBOM0_SI1644,10.3
MBOM0_SI2274,2.7
MBOM0_SX114,5.4
MBOM0_SX204,6.5
MBOM0_SX294,13.8
MBOM0_SX311,7.1
MBOM0_SX384,4.3
MBSB0_SI1353,20.0
MBSB0_SI1983,21.1
MBSB0_SI723,38.0
MBSB0_SX183,21.4
MBSB0_SX273,24.1
MBSB0_SX3,18.8
MBSB0_SX363,28.6
MBSB0_SX93,8.3
MBTH0_SI2102,7.0
MBTH0_SI505,11.1
MBTH0_SI757,14.3
MBTH0_SX122,4.3
MBTH0_SX212,20.5
MBTH0_SX302,13.3
MBTH0_SX32,8.1
MBTH0_SX392,7.1
MBWP0_SI1531,4.8
MBWP0_SI1969,5.6
MBWP0_SI709,8.3
MBWP0_SX169,14.0
MBWP0_SX259,5.4
MBWP0_SX349,17.7
MBWP0_SX439,2.3
MBWP0_SX79,0.0
MCAE0_SI1447,23.7
MCAE0_SI2077,34.9
MCAE0_SI817,16.7
MCAE0_SX187,4.3
MCAE0_SX277,26.9
MCAE0_SX367,25.7
MCAE0_SX7,21.4
MCAE0_SX97,12.9
MCAL0_SI1138,18.3
MCAL0_SI1768,0.0
MCAL0_SI508,4.5
MCAL0_SX148,12.8
MCAL0_SX238,5.6
MCAL0_SX328,10.9
MCAL0_SX418,12.5
MCAL0_SX58,9.4
MCDC0_SI1292,6.1
MCDC0_SI1922,9.7
MCDC0_SI662,9.1
MCDC0_SX122,8.7
MCDC0_SX212,20.9
MCDC0_SX302,10.7
MCDC0_SX32,7.9
MCDC0_SX392,11.6
MCDD0_SI1513,0.0
MCDD0_SI2143,9.1
MCDD0_SI883,10.5
MCDD0_SX163,8.1
MCDD0_SX253,13.8
MCDD0_SX343,12.8
MCDD0_SX433,11.6
MCDD0_SX73,10.5
MCDR0_SI1154,22.0
MCDR0_SI1784,21.1
MCDR0_SI524,13.8
MCDR0_SX164,19.0
MCDR0_SX254,25.0
MCDR0_SX344,12.5
MCDR0_SX434,14.3
MCDR0_SX74,2.9
MCEF0_SI1135,17.1
MCEF0_SI1765,8.8
MCEF0_SI842,8.1
MCEF0_SX145,7.3
MCEF0_SX235,9.7
MCEF0_SX325,11.5
MCEF0_SX415,5.4
MCEF0_SX55,7.0
MCEW0_SI1442,20.0
MCEW0_SI2072,22.0
MCEW0_SI812,11.9
MCEW0_SX182,28.6
MCEW0_SX272,7.4
MCEW0_SX362,11.6
MCEW0_SX452,10.9
MCEW0_SX92,14.7
MCHL0_SI1347,18.3
MCHL0_SI1404,27.9
MCHL0_SI1977,4.2
MCHL0_SX177,4.0
MCHL0_SX267,10.8
MCHL0_SX357,8.1
MCHL0_SX447,11.1
MCHL0_SX87,6.1
MCLK0_SI1660,5.6
MCLK0_SI2290,21.8
MCLK0_SI650,16.9
MCLK0_SX130,8.8
MCLK0_SX220,10.2
MCLK0_SX310,5.9
MCLK0_SX40,16.7
MCLK0_SX400,5.6
MCLM0_SI1456,25.5
MCLM0_SI2086,15.8
MCLM0_SI826,21.1
MCLM0_SX106,16.7
MCLM0_SX16,14.3
MCLM0_SX196,12.5
MCLM0_SX286,17.6
MCLM0_SX376,17.1
MCPM0_SI1194,20.0
MCPM0_SI1824,22.8
MCPM0_SI564,13.6
MCPM0_SX114,13.5
MCPM0_SX204,13.3
MCPM0_SX24,9.1
MCPM0_SX294,3.8
MCPM0_SX384,4.8
MCRE0_SI1121,30.6
MCRE0_SI1725,6.3
MCRE0_SI1751,19.1
MCRE0_SX131,20.6
MCRE0_SX221,11.9
MCRE0_SX24,9.5
MCRE0_SX401,7.7
MCRE0_SX41,14.0
MCSS0_SI1380,22.0
MCSS0_SI688,11.7
MCSS0_SI750,9.4
MCSS0_SX120,8.1
MCSS0_SX210,4.0
MCSS0_SX30,0.0
MCSS0_SX300,3.7
MCSS0_SX390,5.6
MCTH0_SI1209,10.3
MCTH0_SI1839,3.1
MCTH0_SI579,7.5
MCTH0_SX129,10.7
MCTH0_SX219,19.0
MCTH0_SX309,2.4
MCTH0_SX39,7.3
MCTH0_SX399,3.4
MCTM0_SI1350,12.7
MCTM0_SI1980,20.0
MCTM0_SI720,10.0
MCTM0_SX180,5.7
MCTM0_SX270,12.9
MCTM0_SX360,12.9
MCTM0_SX450,11.1
MCTM0_SX90,11.1
MCXM0_SI1351,2.8
MCXM0_SI1981,16.0
MCXM0_SI721,6.9
MCXM0_SX181,15.6
MCXM0_SX271,8.8
MCXM0_SX361,9.1
MCXM0_SX451,27.1
MCXM0_SX91,12.5
MDAC0_SI1261,7.7
MDAC0_SI1837,13.8
MDAC0_SI631,20.3
MDAC0_SX181,23.4
MDAC0_SX271,12.1
MDAC0_SX361,14.3
MDAC0_SX451,14.9
MDAC0_SX91,8.1
MDAS0_SI1266,18.8
MDAS0_SI1896,24.1
MDAS0_SI636,8.8
MDAS0_SX186,15.4
MDAS0_SX21,14.3
MDAS0_SX276,9.7
MDAS0_SX6,8.0
MDAS0_SX96,5.4
MDBB1_SI1006,10.4
MDBB1_SI1636,11.5
MDBB1_SI2056,9.8
MDBB1_SX106,9.7
MDBB1_SX16,9.5
MDBB1_SX196,9.5
MDBB1_SX286,5.9
MDBB1_SX376,12.2
MDBP0_SI1158,15.8
MDBP0_SI1788,18.6
MDBP0_SI528,15.2
MDBP0_SX168,11.5
MDBP0_SX258,5.3
MDBP0_SX348,4.2
MDBP0_SX438,15.7
MDBP0_SX78,3.2
MDCD0_SI1415,13.5
MDCD0_SI2045,20.0
MDCD0_SI785,21.7
MDCD0_SX155,12.2
MDCD0_SX245,13.8
MDCD0_SX335,27.3
MDCD0_SX425,8.3
MDCD0_SX65,9.7
MDCM0_SI1480,13.1
MDCM0_SI2110,12.8
MDCM0_SI850,8.1
MDCM0_SX130,6.5
MDCM0_SX220,12.8
MDCM0_SX310,3.0
MDCM0_SX40,6.7
MDCM0_SX400,8.1
MDDC0_SI1419,11.1
MDDC0_SI2049,5.9
MDDC0_SI789,4.9
MDDC0_SX159,10.3
MDDC0_SX249,7.7
MDDC0_SX339,12.5
MDDC0_SX429,8.1
MDDC0_SX69,9.1
MDED0_SI1170,9.1
MDED0_SI1800,6.5
MDED0_SI540,9.8
MDED0_SX180,5.4
MDED0_SX270,10.0
MDED0_SX360,3.2
MDED0_SX450,11.1
MDED0_SX90,0.0
MDEF0_SI1123,15.8
MDEF0_SI1563,8.1
MDEF0_SI2193,17.6
MDEF0_SX123,11.4
MDEF0_SX213,6.5
MDEF0_SX303,3.7
MDEF0_SX33,6.3
MDEF0_SX393,6.7
MDEM0_SI1868,7.7
MDEM0_SI608,19.4
MDEM0_SI800,13.8
MDEM0_SX158,3.4
MDEM0_SX248,6.9
MDEM0_SX338,10.3
MDEM0_SX428,11.4
MDEM0_SX68,21.2
MDHL0_SI1439,13.6
MDHL0_SI2069,9.4
MDHL0_SI809,2.7
MDHL0_SX179,18.4
MDHL0_SX269,17.9
MDHL0_SX359,13.3
MDHL0_SX449,8.9
MDHL0_SX89,8.3
MDHS0_SI1530,24.2
MDHS0_SI2160,8.3
MDHS0_SI900,16.1
MDHS0_SX180,5.9
MDHS0_SX270,6.5
MDHS0_SX360,0.0
MDHS0_SX450,19.1
MDHS0_SX90,8.0
MDJM0_SI1455,12.5
MDJM0_SI2085,10.5
MDJM0_SI825,11.1
MDJM0_SX105,6.3
MDJM0_SX15,15.6
MDJM0_SX195,0.0
MDJM0_SX285,0.0
MDJM0_SX375,17.1
MDKS0_SI1066,4.3
MDKS0_SI1696,20.7
MDKS0_SI2326,9.8
MDKS0_SX166,12.9
MDKS0_SX256,3.0
MDKS0_SX346,12.2
MDKS0_SX436,8.7
MDKS0_SX76,14.3
MDLB0_SI1306,11.1
MDLB0_SI1936,24.0
MDLB0_SI676,4.5
MDLB0_SX136,14.8
MDLB0_SX226,11.9
MDLB0_SX316,13.8
MDLB0_SX406,14.0
MDLB0_SX46,12.9
MDLC0_SI1395,12.1
MDLC0_SI2025,6.5
MDLC0_SI765,0.0
MDLC0_SX135,2.3
MDLC0_SX225,3.7
MDLC0_SX315,13.8
MDLC0_SX405,13.5
MDLC0_SX45,9.4
MDLC1_SI1435,12.9
MDLC1_SI2065,15.0
MDLC1_SI2144,19.0
MDLC1_SX175,19.6
MDLC1_SX265,5.3
MDLC1_SX355,19.4
MDLC1_SX445,5.7
MDLC1_SX85,14.7
MDLC2_SI1614,0.0
MDLC2_SI2244,10.0
MDLC2_SI984,13.0
MDLC2_SX174,18.9
MDLC2_SX264,7.4
MDLC2_SX354,22.9
MDLC2_SX444,5.0
MDLC2_SX84,14.6
MDLH0_SI1960,17.6
MDLH0_SI574,8.7
MDLH0_SI700,17.5
MDLH0_SX160,13.0
MDLH0_SX250,5.1
MDLH0_SX340,9.7
MDLH0_SX430,17.0
MDLH0_SX70,0.0
MDLM0_SI1234,22.9
MDLM0_SI1864,15.8
MDLM0_SI604,14.3
MDLM0_SX154,6.3
MDLM0_SX244,12.2
MDLM0_SX334,21.4
MDLM0_SX424,20.0
MDLM0_SX64,17.1
MDLR0_SI1233,16.1
MDLR0_SI1863,5.6
MDLR0_SI603,0.0
MDLR0_SX153,10.6
MDLR0_SX243,2.6
MDLR0_SX333,14.0
MDLR0_SX423,17.4
MDLR0_SX63,11.4
MDLR1_SI1299,12.8
MDLR1_SI1929,14.3
MDLR1_SI669,10.7
MDLR1_SX129,3.6
MDLR1_SX219,7.1
MDLR1_SX309,7.0
MDLR1_SX39,11.9
MDLR1_SX399,10.3
MDMA0_SI1238,9.5
MDMA0_SI1430,7.9
MDMA0_SI2060,12.1
MDMA0_SX170,12.5
MDMA0_SX260,4.5
MDMA0_SX350,10.2
MDMA0_SX440,8.3
MDMA0_SX80,6.7
MDMT0_SI1832,7.1
MDMT0_SI2341,16.7
MDMT0_SI572,14.0
MDMT0_SX122,18.0
MDMT0_SX212,22.7
MDMT0_SX302,7.1
MDMT0_SX32,17.1
MDMT0_SX392,14.0
MDNS0_SI1011,9.8
MDNS0_SI2271,8.0
MDNS0_SI873,6.7
MDNS0_SX111,3.2
MDNS0_SX201,2.7
MDNS0_SX21,4.8
MDNS0_SX291,5.9
MDNS0_SX381,3.2
MDPB0_SI1760,9.4
MDPB0_SI2126,5.1
MDPB0_SI866,12.1
MDPB0_SX146,8.1
MDPB0_SX236,21.2
MDPB0_SX326,7.4
MDPB0_SX416,3.6
MDPB0_SX56,12.2
MDPK0_SI1053,17.6
MDPK0_SI1683,13.3
MDPK0_SI552,6.3
MDPK0_SX153,12.8
MDPK0_SX243,2.5
MDPK0_SX333,14.3
MDPK0_SX423,10.9
MDPK0_SX63,5.3
MDPS0_SI1651,0.0
MDPS0_SI1979,13.2
MDPS0_SI719,2.4
MDPS0_SX179,5.3
MDPS0_SX269,10.7
MDPS0_SX359,4.4
MDPS0_SX449,8.5
MDPS0_SX89,8.1
MDRD0_SI1382,22.2
MDRD0_SI2012,10.3
MDRD0_SI752,14.8
MDRD0_SX122,22.2
MDRD0_SX212,20.5
MDRD0_SX302,0.0
MDRD0_SX32,2.8
MDRD0_SX392,7.1
MDSJ0_SI1462,16.7
MDSJ0_SI2092,20.7
MDSJ0_SI832,8.1
MDSJ0_SX112,8.8
MDSJ0_SX22,4.3
MDSJ0_SX292,5.9
MDSJ0_SX382,16.7
MDSJ0_SX438,18.0
MDSS0_SI1881,0.0
MDSS0_SI2087,8.7
MDSS0_SI621,10.8
MDSS0_SX171,11.5
MDSS0_SX261,8.7
MDSS0_SX351,12.2
MDSS0_SX441,22.2
MDSS0_SX81,5.7
MDSS1_SI1327,13.3
MDSS1_SI1713,0.0
MDSS1_SI697,14.5
MDSS1_SX157,9.7
MDSS1_SX247,18.2
MDSS1_SX337,16.2
MDSS1_SX427,18.5
MDSS1_SX67,12.5
MDTB0_SI1200,13.9
MDTB0_SI1830,5.4
MDTB0_SI570,14.5
MDTB0_SX120,19.4
MDTB0_SX210,8.0
MDTB0_SX300,13.8
MDTB0_SX321,18.0
MDTB0_SX390,15.8
MDWD0_SI1260,13.8
MDWD0_SI1890,10.9
MDWD0_SI557,11.8
MDWD0_SX180,6.3
MDWD0_SX270,6.7
MDWD0_SX360,6.1
MDWD0_SX450,9.1
MDWD0_SX90,4.0
MDWH0_SI1168,14.8
MDWH0_SI1925,21.1
MDWH0_SI665,22.7
MDWH0_SX125,3.7
MDWH0_SX215,13.5
MDWH0_SX305,16.1
MDWH0_SX35,3.3
MDWH0_SX395,20.5
MDWM0_SI1546,11.8
MDWM0_SI2176,12.5
MDWM0_SI916,8.0
MDWM0_SX106,3.3
MDWM0_SX16,14.3
MDWM0_SX286,5.9
MDWM0_SX376,7.3
MDWM0_SX433,11.9
MEAL0_SI1547,3.6
MEAL0_SI2177,14.7
MEAL0_SI917,24.2
MEAL0_SX107,22.2
MEAL0_SX197,4.2
MEAL0_SX287,22.2
MEAL0_SX347,23.6
MEAL0_SX377,20.5
MEDR0_SI1374,11.8
MEDR0_SI2004,13.3
MEDR0_SI744,8.2
MEDR0_SX114,13.9
MEDR0_SX204,6.3
MEDR0_SX24,18.2
MEDR0_SX294,13.3
MEDR0_SX384,4.3
MEFG0_SI465,12.1
MEFG0_SI491,7.1
MEFG0_SI598,2.0
MEFG0_SX105,16.7
MEFG0_SX15,32.3
MEFG0_SX195,4.2
MEFG0_SX285,3.4
MEFG0_SX375,25.0
MEGJ0_SI1337,16.7
MEGJ0_SI1967,11.1
MEGJ0_SI707,28.8
MEGJ0_SX167,14.6
MEGJ0_SX257,7.7
MEGJ0_SX3,0.0
MEGJ0_SX437,14.9
MEGJ0_SX77,14.6
MEJL0_SI1592,23.1
MEJL0_SI1654,8.7
MEJL0_SI962,20.9
MEJL0_SX152,15.0
MEJL0_SX242,12.5
MEJL0_SX332,7.1
MEJL0_SX422,7.1
MEJL0_SX62,9.3
MEJS0_SI1240,16.1
MEJS0_SI1870,17.2
MEJS0_SI610,8.3
MEJS0_SX160,10.6
MEJS0_SX250,2.6
MEJS0_SX340,9.1
MEJS0_SX430,13.6
MEJS0_SX70,0.0
MESG0_SI1332,20.0
MESG0_SI1962,7.7
MESG0_SI702,8.6
MESG0_SX162,5.7
MESG0_SX252,2.9
MESG0_SX342,11.1
MESG0_SX432,9.1
MESG0_SX72,8.0
MESJ0_SI2039,25.0
MESJ0_SI2257,12.1
MESJ0_SI997,18.5
MESJ0_SX187,31.8
MESJ0_SX277,8.0
MESJ0_SX367,5.9
MESJ0_SX7,13.3
MESJ0_SX97,10.0
MEWM0_SI1348,10.7
MEWM0_SI1978,11.1
MEWM0_SI718,10.5
MEWM0_SX178,25.0
MEWM0_SX268,22.0
MEWM0_SX358,14.8
MEWM0_SX448,24.1
MEWM0_SX88,20.4
MFER0_SI1492,13.0
MFER0_SI2122,5.9
MFER0_SI862,8.3
MFER0_SX142,15.2
MFER0_SX232,9.1
MFER0_SX322,3.0
MFER0_SX412,17.5
MFER0_SX52,4.9
MFMC0_SI1132,11.9
MFMC0_SI1762,16.2
MFMC0_SI502,15.6
MFMC0_SX142,17.0
MFMC0_SX232,9.1
MFMC0_SX322,2.9
MFMC0_SX412,7.0
MFMC0_SX52,6.7
MFRM0_SI1155,24.1
MFRM0_SI1717,14.3
MFRM0_SI1785,20.6
MFRM0_SX165,20.0
MFRM0_SX255,3.0
MFRM0_SX345,10.7
MFRM0_SX435,12.5
MFRM0_SX75,10.0
MFWK0_SI1249,12.0
MFWK0_SI1879,3.7
MFWK0_SI619,19.4
MFWK0_SX169,22.0
MFWK0_SX259,17.6
MFWK0_SX349,25.9
MFWK0_SX439,4.4
MFWK0_SX79,14.6
MFXS0_SI1674,2.8
MFXS0_SI2225,6.3
MFXS0_SI2304,5.4
MFXS0_SX144,21.2
MFXS0_SX234,8.8
MFXS0_SX324,13.4
MFXS0_SX414,14.0
MFXS0_SX54,24.4
MFXV0_SI1005,18.5
MFXV0_SI1342,16.7
MFXV0_SI1635,11.1
MFXV0_SX105,5.9
MFXV0_SX15,3.0
MFXV0_SX195,8.7
MFXV0_SX285,5.6
MFXV0_SX375,2.4
MGAF0_SI1282,14.8
MGAF0_SI1912,19.6
MGAF0_SI652,14.7
MGAF0_SX112,13.9
MGAF0_SX202,4.2
MGAF0_SX22,4.8
MGAF0_SX292,4.1
MGAF0_SX382,0.0
MGAG0_SI1321,21.1
MGAG0_SI645,8.7
MGAG0_SI691,14.5
MGAG0_SX151,14.0
MGAG0_SX241,12.5
MGAG0_SX331,15.2
MGAG0_SX421,22.9
MGAG0_SX61,19.4
MGAK0_SI1036,13.8
MGAK0_SI1666,2.9
MGAK0_SI2296,5.7
MGAK0_SX136,15.8
MGAK0_SX226,2.4
MGAK0_SX316,10.3
MGAK0_SX406,12.2
MGAK0_SX46,0.0
MGAR0_SI1212,14.3
MGAR0_SI1694,28.6
MGAR0_SI1842,12.5
MGAR0_SX132,8.1
MGAR0_SX222,26.2
MGAR0_SX312,24.5
MGAR0_SX402,12.5
MGAR0_SX42,3.3
MGAW0_SI1165,23.4
MGAW0_SI1802,24.1
MGAW0_SI535,10.7
MGAW0_SX175,25.0
MGAW0_SX265,5.6
MGAW0_SX355,28.1
MGAW0_SX445,3.1
MGAW0_SX85,15.6
MGES0_SI1481,0.0
MGES0_SI2111,10.5
MGES0_SI851,17.3
MGES0_SX131,13.3
MGES0_SX221,20.9
MGES0_SX311,14.5
MGES0_SX401,20.0
MGES0_SX41,5.9
MGJC0_SI1256,20.0
MGJC0_SI1335,16.2
MGJC0_SI1965,13.9
MGJC0_SX165,25.6
MGJC0_SX255,2.9
MGJC0_SX345,20.7
MGJC0_SX435,12.2
MGJC0_SX75,9.4
MGRL0_SI1497,16.1
MGRL0_SI2127,5.9
MGRL0_SI867,18.0
MGRL0_SX147,16.3
MGRL0_SX237,11.8
MGRL0_SX327,16.9
MGRL0_SX417,10.5
MGRL0_SX57,13.3
MGRP0_SI1317,20.8
MGRP0_SI1947,16.1
MGRP0_SI687,19.4
MGRP0_SX147,13.0
MGRP0_SX237,5.3
MGRP0_SX327,19.0
MGRP0_SX417,10.5
MGRP0_SX57,0.0
MGSH0_SI1176,10.9
MGSH0_SI1806,7.7
MGSH0_SI546,18.5
MGSH0_SX127,4.2
MGSH0_SX186,10.3
MGSH0_SX276,18.8
MGSH0_SX6,7.7
MGSH0_SX96,5.6
MGSL0_SI1164,21.9
MGSL0_SI534,8.3
MGSL0_SI797,9.1
MGSL0_SX174,18.9
MGSL0_SX264,29.6
MGSL0_SX354,32.3
MGSL0_SX444,18.9
MGSL0_SX84,14.6
MGXP0_SI1087,27.8
MGXP0_SI457,17.2
MGXP0_SI525,27.6
MGXP0_SX187,3.8
MGXP0_SX277,17.9
MGXP0_SX367,13.9
MGXP0_SX7,10.3
MGXP0_SX97,15.2
MHBS0_SI1575,8.1
MHBS0_SI2205,12.1
MHBS0_SI945,11.9
MHBS0_SX135,4.5
MHBS0_SX225,3.8
MHBS0_SX315,10.7
MHBS0_SX405,5.4
MHBS0_SX45,6.1
MHIT0_SI1613,12.1
MHIT0_SI2243,12.0
MHIT0_SI983,21.7
MHIT0_SX173,18.0
MHIT0_SX263,7.1
MHIT0_SX353,9.1
MHIT0_SX443,6.7
MHIT0_SX83,8.1
MHJB0_SI1017,11.1
MHJB0_SI1647,7.9
MHJB0_SI2277,12.5
MHJB0_SX117,19.4
MHJB0_SX207,8.7
MHJB0_SX27,0.0
MHJB0_SX297,0.0
MHJB0_SX387,15.0
MHMG0_SI1365,6.3
MHMG0_SI1995,0.0
MHMG0_SI735,21.1
MHMG0_SX105,6.3
MHMG0_SX15,3.1
MHMG0_SX195,15.0
MHMG0_SX285,6.3
MHMG0_SX375,17.5
MHMR0_SI1119,9.1
MHMR0_SI1692,22.8
MHMR0_SI489,0.0
MHMR0_SX129,7.4
MHMR0_SX219,7.0
MHMR0_SX309,12.2
MHMR0_SX39,14.6
MHMR0_SX399,11.1
MHRM0_SI1475,8.0
MHRM0_SI2218,7.9
MHRM0_SI958,27.3
MHRM0_SX148,13.5
MHRM0_SX238,17.9
MHRM0_SX328,21.3
MHRM0_SX418,26.3
MHRM0_SX58,11.8
MHXL0_SI1772,8.8
MHXL0_SI512,10.8
MHXL0_SI612,7.7
MHXL0_SX152,5.0
MHXL0_SX242,19.4
MHXL0_SX332,9.8
MHXL0_SX422,12.2
MHXL0_SX62,13.6
MILB0_SI2163,3.0
MILB0_SI807,14.8
MILB0_SI903,24.2
MILB0_SX183,3.7
MILB0_SX273,15.6
MILB0_SX3,14.3
MILB0_SX363,11.9
MILB0_SX93,8.0
MJAC0_SI1331,20.5
MJAC0_SI2148,0.0
MJAC0_SI701,12.9
MJAC0_SX251,15.4
MJAC0_SX307,5.0
MJAC0_SX341,2.5
MJAC0_SX431,7.9
MJAC0_SX71,17.2
MJAE0_SI1524,10.5
MJAE0_SI1999,5.6
MJAE0_SI2154,6.3
MJAE0_SX174,14.6
MJAE0_SX264,20.7
MJAE0_SX354,14.7
MJAE0_SX444,16.2
MJAE0_SX84,6.8
MJAI0_SI1604,6.7
MJAI0_SI682,12.3
MJAI0_SI710,13.6
MJAI0_SX164,22.7
MJAI0_SX254,14.3
MJAI0_SX344,8.3
MJAI0_SX434,3.6
MJAI0_SX74,8.8
MJBG0_SI1232,16.3
MJBG0_SI1724,0.0
MJBG0_SI1862,8.3
MJBG0_SX152,9.5
MJBG0_SX242,5.4
MJBG0_SX332,11.1
MJBG0_SX422,9.8
MJBG0_SX62,4.4
MJDA0_SI1031,18.8
MJDA0_SI1661,23.5
MJDA0_SI2291,10.8
MJDA0_SX131,8.8
MJDA0_SX221,17.1
MJDA0_SX311,12.7
MJDA0_SX401,20.0
MJDA0_SX41,13.2
MJDC0_SI1161,20.0
MJDC0_SI2165,0.0
MJDC0_SI531,20.3
MJDC0_SX171,16.3
MJDC0_SX261,13.6
MJDC0_SX351,18.6
MJDC0_SX441,8.8
MJDC0_SX81,10.3
MJDE0_SI1120,12.5
MJDE0_SI463,5.0
MJDE0_SI490,10.1
MJDE0_SX130,5.9
MJDE0_SX220,6.0
MJDE0_SX310,23.7
MJDE0_SX40,15.2
MJDE0_SX400,9.8
MJDG0_SI1042,5.6
MJDG0_SI1672,12.5
MJDG0_SI1705,14.8
MJDG0_SX142,8.7
MJDG0_SX232,10.9
MJDG0_SX322,9.4
MJDG0_SX412,4.5
MJDG0_SX52,13.0
MJDM0_SI1340,23.5
MJDM0_SI1937,7.1
MJDM0_SI974,0.0
MJDM0_SX170,13.2
MJDM0_SX260,11.9
MJDM0_SX350,21.6
MJDM0_SX440,18.8
MJDM0_SX80,23.3
MJEB0_SI1286,6.4
MJEB0_SI1916,16.7
MJEB0_SI656,10.0
MJEB0_SX170,18.2
MJEB0_SX206,14.6
MJEB0_SX26,8.0
MJEB0_SX296,9.7
MJEB0_SX386,12.9
MJEB1_SI1467,19.3
MJEB1_SI2097,9.1
MJEB1_SI837,22.0
MJEB1_SX117,10.0
MJEB1_SX207,16.7
MJEB1_SX27,4.0
MJEB1_SX297,9.7
MJEB1_SX387,16.2
MJEE0_SI1237,23.1
MJEE0_SI1867,18.9
MJEE0_SI607,0.0
MJEE0_SX157,18.8
MJEE0_SX247,13.6
MJEE0_SX337,17.5
MJEE0_SX427,0.0
MJEE0_SX67,25.0
MJFH0_SI1107,18.8
MJFH0_SI1737,25.0
MJFH0_SI477,17.5
MJFH0_SX117,10.0
MJFH0_SX207,8.3
MJFH0_SX27,0.0
MJFH0_SX297,0.0
MJFH0_SX387,24.3
MJFR0_SI1605,13.5
MJFR0_SI2235,6.1
MJFR0_SI975,10.0
MJFR0_SX165,7.5
MJFR0_SX255,0.0
MJFR0_SX345,3.3
MJFR0_SX435,7.7
MJFR0_SX75,12.1
MJHI0_SI1328,26.6
MJHI0_SI555,3.6
MJHI0_SI698,19.0
MJHI0_SX158,7.1
MJHI0_SX248,23.1
MJHI0_SX338,20.0
MJHI0_SX428,13.3
MJHI0_SX68,5.9
MJJB0_SI1139,8.6
MJJB0_SI1277,4.2
MJJB0_SI1769,18.8
MJJB0_SX149,6.4
MJJB0_SX239,2.8
MJJB0_SX329,14.0
MJJB0_SX419,5.4
MJJB0_SX59,7.7
MJJJ0_SI1163,14.1
MJJJ0_SI1793,5.9
MJJJ0_SI533,6.5
MJJJ0_SX173,14.6
MJJJ0_SX263,10.3
MJJJ0_SX353,6.5
MJJJ0_SX443,6.7
MJJJ0_SX83,5.4
MJJM0_SI1251,15.0
MJJM0_SI1457,20.3
MJJM0_SI827,13.5
MJJM0_SX107,16.7
MJJM0_SX17,5.0
MJJM0_SX197,12.5
MJJM0_SX287,13.2
MJJM0_SX377,9.8
MJKR0_SI1201,9.4
MJKR0_SI1831,13.9
MJKR0_SI571,13.3
MJKR0_SX121,17.1
MJKR0_SX211,2.9
MJKR0_SX301,2.6
MJKR0_SX31,11.5
MJKR0_SX391,5.0
MJLB0_SI1616,17.8
MJLB0_SI2246,3.7
MJLB0_SI986,12.1
MJLB0_SX176,13.6
MJLB0_SX266,6.5
MJLB0_SX356,9.1
MJLB0_SX446,12.8
MJLB0_SX86,3.2
MJLG1_SI1012,14.7
MJLG1_SI1642,25.0
MJLG1_SI2272,20.3
MJLG1_SX112,16.2
MJLG1_SX202,20.0
MJLG1_SX22,9.1
MJLG1_SX292,15.7
MJLG1_SX382,12.8
MJLS0_SI1096,15.6
MJLS0_SI1726,18.8
MJLS0_SI466,3.4
MJLS0_SX106,13.3
MJLS0_SX16,0.0
MJLS0_SX196,0.0
MJLS0_SX286,7.8
MJLS0_SX376,7.1
MJMA0_SI1495,13.2
MJMA0_SI2125,13.5
MJMA0_SI865,22.9
MJMA0_SX145,5.1
MJMA0_SX235,10.0
MJMA0_SX325,8.0
MJMA0_SX415,19.4
MJMA0_SX55,13.3
MJMD0_SI1028,11.5
MJMD0_SI1658,0.0
MJMD0_SI2288,19.0
MJMD0_SX128,10.0
MJMD0_SX218,19.0
MJMD0_SX308,17.6
MJMD0_SX38,11.6
MJMD0_SX398,11.6
MJMM0_SI1255,20.0
MJMM0_SI1885,18.5
MJMM0_SI625,20.6
MJMM0_SX175,16.4
MJMM0_SX265,18.9
MJMM0_SX355,21.2
MJMM0_SX445,17.6
MJMM0_SX85,11.8
MJPG0_SI1191,14.7
MJPG0_SI1821,22.4
MJPG0_SI561,20.3
MJPG0_SX111,18.5
MJPG0_SX201,5.7
MJPG0_SX21,20.0
MJPG0_SX291,6.9
MJPG0_SX381,6.5
MJPM0_SI1368,16.1
MJPM0_SI1998,25.0
MJPM0_SI738,14.3
MJPM0_SX108,8.3
MJPM0_SX18,3.0
MJPM0_SX198,6.9
MJPM0_SX288,11.6
MJPM0_SX378,13.2
MJPM1_SI1897,5.9
MJPM1_SI2280,9.1
MJPM1_SI761,24.5
MJPM1_SX131,17.9
MJPM1_SX221,16.7
MJPM1_SX311,26.5
MJPM1_SX401,8.3
MJPM1_SX41,25.5
MJRA0_SI1236,16.7
MJRA0_SI1866,14.7
MJRA0_SI606,10.0
MJRA0_SX156,6.4
MJRA0_SX246,10.7
MJRA0_SX336,13.0
MJRA0_SX426,10.8
MJRA0_SX66,8.1
MJRG0_SI1366,5.7
MJRG0_SI1996,0.0
MJRG0_SI736,12.1
MJRG0_SX106,6.7
MJRG0_SX16,14.3
MJRG0_SX286,12.0
MJRG0_SX352,15.2
MJRG0_SX376,14.6
MJRH0_SI1125,10.5
MJRH0_SI1755,11.4
MJRH0_SI1840,20.6
MJRH0_SX135,9.8
MJRH0_SX225,8.3
MJRH0_SX315,14.3
MJRH0_SX405,2.7
MJRH0_SX45,3.2
MJRH1_SI1558,14.5
MJRH1_SI1774,8.8
MJRH1_SI514,6.9
MJRH1_SX154,2.9
MJRH1_SX244,9.5
MJRH1_SX334,11.8
MJRH1_SX424,14.7
MJRH1_SX64,12.1
MJRK0_SI1662,0.0
MJRK0_SI2103,0.0
MJRK0_SI880,10.9
MJRK0_SX160,15.6
MJRK0_SX250,5.1
MJRK0_SX340,6.5
MJRK0_SX430,8.3
MJRK0_SX70,6.7
MJRP0_SI1835,21.4
MJRP0_SI1845,11.3
MJRP0_SI585,10.0
MJRP0_SX135,11.4
MJRP0_SX225,12.0
MJRP0_SX315,10.7
MJRP0_SX405,19.4
MJRP0_SX45,25.0
MJSR0_SI1424,15.4
MJSR0_SI2054,16.9
MJSR0_SI794,21.4
MJSR0_SX164,26.3
MJSR0_SX254,14.3
MJSR0_SX344,12.5
MJSR0_SX434,0.0
MJSR0_SX74,6.3
MJWG0_SI2155,17.9
MJWG0_SI813,32.7
MJWG0_SI895,24.6
MJWG0_SX175,14.3
MJWG0_SX265,6.1
MJWG0_SX355,6.5
MJWG0_SX445,6.1
MJWG0_SX85,9.1
MJWS0_SI1143,9.7
MJWS0_SI1773,9.1
MJWS0_SI513,7.9
MJWS0_SX153,13.2
MJWS0_SX243,4.9
MJWS0_SX333,20.0
MJWS0_SX423,14.6
MJWS0_SX63,15.8
MJWT0_SI1291,15.6
MJWT0_SI1381,12.7
MJWT0_SI751,18.2
MJWT0_SX121,12.8
MJWT0_SX211,11.8
MJWT0_SX301,13.2
MJWT0_SX31,3.7
MJWT0_SX391,0.0
MJXA0_SI1507,17.3
MJXA0_SI2137,14.3
MJXA0_SI877,23.5
MJXA0_SX157,6.9
MJXA0_SX247,12.8
MJXA0_SX337,16.2
MJXA0_SX427,7.7
MJXA0_SX67,7.3
MJXL0_SI1172,19.7
MJXL0_SI1795,11.8
MJXL0_SI542,3.2
MJXL0_SX182,17.4
MJXL0_SX272,0.0
MJXL0_SX362,4.8
MJXL0_SX452,11.4
MJXL0_SX92,11.4
MKAG0_SI1609,10.6
MKAG0_SI2239,12.0
MKAG0_SI979,16.1
MKAG0_SX169,7.3
MKAG0_SX259,4.9
MKAG0_SX30,4.0
MKAG0_SX439,15.2
MKAG0_SX79,7.0
MKAH0_SI1528,13.9
MKAH0_SI2158,17.6
MKAH0_SI898,8.8
MKAH0_SX178,18.0
MKAH0_SX268,9.3
MKAH0_SX358,6.9
MKAH0_SX448,6.3
MKAH0_SX88,4.2
MKAJ0_SI1414,6.7
MKAJ0_SI2044,10.9
MKAJ0_SI784,4.9
MKAJ0_SX154,6.5
MKAJ0_SX244,10.3
MKAJ0_SX334,3.4
MKAJ0_SX424,8.8
MKAJ0_SX64,11.1
MKAM0_SI1250,18.2
MKAM0_SI1316,5.4
MKAM0_SI1465,5.6
MKAM0_SX146,5.7
MKAM0_SX236,6.5
MKAM0_SX326,10.3
MKAM0_SX416,11.1
MKAM0_SX56,9.8
MKDB0_SI2132,13.2
MKDB0_SI588,13.8
MKDB0_SI872,18.4
MKDB0_SX152,2.4
MKDB0_SX242,13.5
MKDB0_SX332,11.6
MKDB0_SX422,2.4
MKDB0_SX62,8.9
MKDD0_SI1567,4.0
MKDD0_SI2197,15.8
MKDD0_SI937,11.7
MKDD0_SX127,0.0
MKDD0_SX217,16.7
MKDD0_SX307,9.5
MKDD0_SX37,7.9
MKDD0_SX397,8.8
MKDT0_SI2153,6.5
MKDT0_SI814,15.3
MKDT0_SI893,0.0
MKDT0_SX173,12.0
MKDT0_SX263,3.6
MKDT0_SX353,18.8
MKDT0_SX443,0.0
MKDT0_SX83,0.0
MKES0_SI1253,7.1
MKES0_SI1883,15.4
MKES0_SI623,16.7
MKES0_SX173,8.3
MKES0_SX263,0.0
MKES0_SX353,6.1
MKES0_SX443,0.0
MKES0_SX83,7.9
MKJO0_SI1517,9.5
MKJO0_SI2147,24.2
MKJO0_SI887,5.6
MKJO0_SX167,18.2
MKJO0_SX257,11.5
MKJO0_SX424,14.3
MKJO0_SX437,14.3
MKJO0_SX77,11.9
MKLN0_SI1598,27.1
MKLN0_SI2228,13.3
MKLN0_SI968,16.7
MKLN0_SX158,16.7
MKLN0_SX248,3.4
MKLN0_SX338,13.9
MKLN0_SX428,11.1
MKLN0_SX68,18.2
MKLR0_SI1059,22.0
MKLR0_SI1689,3.8
MKLR0_SI2319,11.1
MKLR0_SX159,22.2
MKLR0_SX249,7.7
MKLR0_SX339,29.0
MKLR0_SX429,20.0
MKLR0_SX69,12.5
MKLS0_SI1437,16.4
MKLS0_SI1533,5.3
MKLS0_SI2067,15.0
MKLS0_SX177,0.0
MKLS0_SX267,10.3
MKLS0_SX357,25.0
MKLS0_SX447,7.7
MKLS0_SX87,5.9
MKLS1_SI1545,6.5
MKLS1_SI2175,8.7
MKLS1_SI915,15.5
MKLS1_SX105,3.2
MKLS1_SX15,2.9
MKLS1_SX195,4.0
MKLS1_SX285,0.0
MKLS1_SX375,2.4
MKLW0_SI1571,16.4
MKLW0_SI1844,0.0
MKLW0_SI2201,15.0
MKLW0_SX131,12.1
MKLW0_SX221,9.1
MKLW0_SX311,18.6
MKLW0_SX401,14.3
MKLW0_SX41,11.3
MKRG0_SI1491,7.3
MKRG0_SI2121,14.5
MKRG0_SI861,9.3
MKRG0_SX141,10.2
MKRG0_SX231,0.0
MKRG0_SX31,0.0
MKRG0_SX411,10.3
MKRG0_SX51,14.3
MKXL0_SI1185,2.9
MKXL0_SI1815,9.5
MKXL0_SI1958,20.0
MKXL0_SX105,9.7
MKXL0_SX15,3.1
MKXL0_SX195,8.7
MKXL0_SX285,6.5
MKXL0_SX375,10.3
MLBC0_SI1239,19.0
MLBC0_SI1869,9.1
MLBC0_SI609,9.8
MLBC0_SX159,2.7
MLBC0_SX249,0.0
MLBC0_SX339,14.7
MLBC0_SX429,12.5
MLBC0_SX69,5.7
MLEL0_SI1246,16.7
MLEL0_SI1876,5.0
MLEL0_SI616,14.5
MLEL0_SX166,11.9
MLEL0_SX256,6.3
MLEL0_SX346,14.3
MLEL0_SX436,17.4
MLEL0_SX76,10.5
MLJC0_SI1225,18.9
MLJC0_SI1855,5.3
MLJC0_SI595,16.2
MLJC0_SX145,7.7
MLJC0_SX235,13.8
MLJC0_SX325,11.1
MLJC0_SX415,10.8
MLJC0_SX55,18.2
MLJH0_SI1324,12.0
MLJH0_SI1422,16.4
MLJH0_SI694,13.5
MLJH0_SX154,8.3
MLJH0_SX244,22.2
MLJH0_SX334,12.1
MLJH0_SX424,14.3
MLJH0_SX64,8.3
MLNS0_SI1407,25.7
MLNS0_SI2037,20.0
MLNS0_SI777,14.7
MLNS0_SX147,5.0
MLNS0_SX237,0.0
MLNS0_SX327,18.6
MLNS0_SX417,15.4
MLNS0_SX57,0.0
MLSH0_SI1417,12.7
MLSH0_SI2047,22.6
MLSH0_SI787,6.7
MLSH0_SX157,14.3
MLSH0_SX247,4.3
MLSH0_SX337,7.5
MLSH0_SX427,10.7
MLSH0_SX67,9.5
MMAA0_SI1588,13.7
MMAA0_SI2105,16.0
MMAA0_SI845,21.2
MMAA0_SX125,6.9
MMAA0_SX215,5.4
MMAA0_SX305,14.3
MMAA0_SX35,6.7
MMAA0_SX395,10.3
MMAB1_SI1494,5.6
MMAB1_SI2124,4.0
MMAB1_SI864,13.1
MMAB1_SX144,12.1
MMAB1_SX234,9.1
MMAB1_SX324,6.2
MMAB1_SX414,2.4
MMAB1_SX54,11.1
MMAG0_SI1126,15.2
MMAG0_SI1756,8.0
MMAG0_SI496,13.9
MMAG0_SX136,9.3
MMAG0_SX226,7.1
MMAG0_SX316,10.3
MMAG0_SX406,4.0
MMAG0_SX46,6.3
MMAM0_SI1597,20.4
MMAM0_SI1668,32.0
MMAM0_SI2227,21.4
MMAM0_SX157,0.0
MMAM0_SX247,10.9
MMAM0_SX337,5.1
MMAM0_SX427,3.8
MMAM0_SX67,18.4
MMAR0_SI1336,9.5
MMAR0_SI1966,18.2
MMAR0_SI706,23.5
MMAR0_SX166,11.7
MMAR0_SX256,0.0
MMAR0_SX346,8.3
MMAR0_SX436,16.7
MMAR0_SX76,7.7
MMBS0_SI1151,3.7
MMBS0_SI1781,6.7
MMBS0_SI521,28.8
MMBS0_SX161,17.3
MMBS0_SX251,11.1
MMBS0_SX341,11.4
MMBS0_SX431,19.4
MMBS0_SX71,6.5
MMCC0_SI1338,17.9
MMCC0_SI1968,8.3
MMCC0_SI708,10.8
MMCC0_SX168,4.2
MMCC0_SX258,9.1
MMCC0_SX348,16.7
MMCC0_SX438,20.0
MMCC0_SX78,13.8
MMDB0_SI1358,15.0
MMDB0_SI1617,9.1
MMDB0_SI987,14.3
MMDB0_SX177,7.7
MMDB0_SX267,5.6
MMDB0_SX357,5.4
MMDB0_SX447,3.8
MMDB0_SX87,2.9
MMDG0_SI1780,15.2
MMDG0_SI2035,4.3
MMDG0_SI520,5.4
MMDG0_SX160,6.5
MMDG0_SX250,4.9
MMDG0_SX340,9.1
MMDG0_SX430,11.3
MMDG0_SX70,0.0
MMDM0_SI1311,17.2
MMDM0_SI1941,14.3
MMDM0_SI681,9.7
MMDM0_SX141,4.3
MMDM0_SX231,18.2
MMDM0_SX321,15.9
MMDM0_SX411,12.8
MMDM0_SX51,4.7
MMDM1_SI1650,5.9
MMDM1_SI2043,5.3
MMDM1_SI783,11.1
MMDM1_SX153,5.9
MMDM1_SX243,2.5
MMDM1_SX333,8.2
MMDM1_SX423,17.0
MMDM1_SX63,11.4
MMDS0_SI1343,18.9
MMDS0_SI1973,11.1
MMDS0_SI713,15.6
MMDS0_SX173,20.8
MMDS0_SX263,14.8
MMDS0_SX353,3.2
MMDS0_SX443,16.7
MMDS0_SX83,17.1
MMEA0_SI1388,16.9
MMEA0_SI2018,0.0
MMEA0_SI758,12.9
MMEA0_SX128,7.1
MMEA0_SX218,13.2
MMEA0_SX308,15.6
MMEA0_SX38,15.0
MMEA0_SX398,14.6
MMEB0_SI1357,11.1
MMEB0_SI1987,20.7
MMEB0_SI727,0.0
MMEB0_SX187,9.5
MMEB0_SX327,30.0
MMEB0_SX367,5.9
MMEB0_SX7,11.5
MMEB0_SX97,10.7
MMGC0_SI1305,20.3
MMGC0_SI1935,13.5
MMGC0_SI2184,8.7
MMGC0_SX135,11.4
MMGC0_SX225,11.1
MMGC0_SX315,6.9
MMGC0_SX405,10.3
MMGC0_SX45,3.0
MMGG0_SI1079,15.0
MMGG0_SI1709,19.2
MMGG0_SI2339,24.2
MMGG0_SX179,21.1
MMGG0_SX269,3.6
MMGG0_SX359,0.0
MMGG0_SX449,16.3
MMGG0_SX89,7.9
MMGK0_SI1322,27.1
MMGK0_SI1952,0.0
MMGK0_SI692,12.0
MMGK0_SX152,10.8
MMGK0_SX242,11.4
MMGK0_SX332,27.5
MMGK0_SX422,10.3
MMGK0_SX62,12.8
MMJB1_SI1408,14.6
MMJB1_SI2038,7.9
MMJB1_SI778,20.0
MMJB1_SX148,13.5
MMJB1_SX238,11.1
MMJB1_SX328,6.3
MMJB1_SX418,5.1
MMJB1_SX58,11.5
MMLM0_SI1527,0.0
MMLM0_SI2150,17.9
MMLM0_SI897,12.9
MMLM0_SX177,0.0
MMLM0_SX267,11.9
MMLM0_SX357,12.2
MMLM0_SX447,7.4
MMLM0_SX87,2.9
MMPM0_SI1061,11.4
MMPM0_SI1691,11.8
MMPM0_SI2321,6.1
MMPM0_SX161,9.8
MMPM0_SX251,7.5
MMPM0_SX341,10.0
MMPM0_SX431,13.5
MMPM0_SX71,9.7
MMRP0_SI2034,10.0
MMRP0_SI717,14.3
MMRP0_SI774,14.3
MMRP0_SX144,17.2
MMRP0_SX234,2.9
MMRP0_SX324,10.9
MMRP0_SX414,9.5
MMRP0_SX54,18.8
MMSM0_SI1106,19.0
MMSM0_SI1736,13.3
MMSM0_SI476,17.3
MMSM0_SX116,7.4
MMSM0_SX206,7.1
MMSM0_SX26,7.4
MMSM0_SX296,0.0
MMSM0_SX386,10.0
MMVP0_SI1284,3.4
MMVP0_SI1914,29.6
MMVP0_SI654,11.6
MMVP0_SX114,5.4
MMVP0_SX204,9.1
MMVP0_SX294,6.9
MMVP0_SX347,11.7
MMVP0_SX384,7.4
MMWB0_SI1619,9.1
MMWB0_SI2249,8.3
MMWB0_SI989,7.9
MMWB0_SX179,12.8
MMWB0_SX269,10.7
MMWB0_SX359,13.0
MMWB0_SX449,9.8
MMWB0_SX89,17.9
MMWS0_SI1518,14.7
MMWS0_SI559,10.0
MMWS0_SI888,8.1
MMWS0_SX168,14.8
MMWS0_SX258,8.8
MMWS0_SX348,26.7
MMWS0_SX438,18.8
MMWS0_SX78,6.1
MMWS1_SI1071,19.1
MMWS1_SI1701,22.9
MMWS1_SI2331,15.6
MMWS1_SX261,12.5
MMWS1_SX27,12.0
MMWS1_SX351,17.0
MMWS1_SX441,8.3
MMWS1_SX81,6.1
MMXS0_SI2136,5.9
MMXS0_SI629,13.6
MMXS0_SI876,11.1
MMXS0_SX156,13.6
MMXS0_SX246,3.3
MMXS0_SX336,11.1
MMXS0_SX426,13.5
MMXS0_SX66,5.4
MNET0_SI1446,18.9
MNET0_SI2076,17.4
MNET0_SI816,10.5
MNET0_SX186,10.3
MNET0_SX276,18.8
MNET0_SX366,11.8
MNET0_SX6,16.7
MNET0_SX96,13.9
MNTW0_SI1068,13.6
MNTW0_SI1698,13.0
MNTW0_SI2328,0.0
MNTW0_SX168,14.8
MNTW0_SX202,16.0
MNTW0_SX258,18.9
MNTW0_SX348,15.9
MNTW0_SX78,6.3
MPAR0_SI1576,11.8
MPAR0_SI2206,28.3
MPAR0_SI946,17.6
MPAR0_SX136,19.3
MPAR0_SX226,9.8
MPAR0_SX316,9.7
MPAR0_SX406,13.3
MPAR0_SX46,7.4
MPEB0_SI1034,5.3
MPEB0_SI1860,13.6
MPEB0_SI600,20.0
MPEB0_SX150,16.1
MPEB0_SX240,7.5
MPEB0_SX330,23.7
MPEB0_SX420,20.0
MPEB0_SX60,11.3
MPFU0_SI1258,16.4
MPFU0_SI1888,0.0
MPFU0_SI628,15.2
MPFU0_SX178,15.7
MPFU0_SX268,9.3
MPFU0_SX358,16.1
MPFU0_SX448,18.8
MPFU0_SX88,20.4
MPGH0_SI1554,19.2
MPGH0_SI675,21.7
MPGH0_SI924,15.2
MPGH0_SX114,6.1
MPGH0_SX204,9.7
MPGH0_SX24,23.8
MPGH0_SX294,10.7
MPGH0_SX384,15.0
MPGR0_SI1410,20.4
MPGR0_SI2040,4.8
MPGR0_SI780,24.0
MPGR0_SX150,13.3
MPGR0_SX240,7.3
MPGR0_SX330,13.5
MPGR0_SX420,17.8
MPGR0_SX60,14.0
MPGR1_SI1269,10.0
MPGR1_SI1499,12.3
MPGR1_SI2129,10.5
MPGR1_SX149,13.0
MPGR1_SX239,28.6
MPGR1_SX329,11.5
MPGR1_SX419,27.8
MPGR1_SX59,8.0
MPMB0_SI1501,23.5
MPMB0_SI2131,13.9
MPMB0_SI871,26.3
MPMB0_SX151,14.3
MPMB0_SX241,3.0
MPMB0_SX331,14.7
MPMB0_SX421,18.9
MPMB0_SX61,12.5
MPPC0_SI1412,17.2
MPPC0_SI2042,9.1
MPPC0_SI782,13.6
MPPC0_SX152,5.0
MPPC0_SX242,13.9
MPPC0_SX332,4.8
MPPC0_SX422,12.5
MPPC0_SX62,7.0
MPRB0_SI1205,19.4
MPRB0_SI1215,34.0
MPRB0_SI575,23.6
MPRB0_SX125,11.5
MPRB0_SX215,15.0
MPRB0_SX305,10.0
MPRB0_SX35,16.7
MPRB0_SX395,19.5
MPRD0_SI1431,6.3
MPRD0_SI2061,6.3
MPRD0_SI801,18.9
MPRD0_SX171,14.8
MPRD0_SX261,4.2
MPRD0_SX351,12.2
MPRD0_SX441,10.5
MPRD0_SX81,11.4
MPRK0_SI1097,11.9
MPRK0_SI1727,10.0
MPRK0_SI467,11.6
MPRK0_SX107,2.8
MPRK0_SX17,19.0
MPRK0_SX197,4.2
MPRK0_SX287,12.5
MPRK0_SX377,11.9
MPRT0_SI1210,18.9
MPRT0_SI495,14.3
MPRT0_SI580,15.6
MPRT0_SX130,9.7
MPRT0_SX220,8.5
MPRT0_SX310,11.8
MPRT0_SX40,15.6
MPRT0_SX400,9.1
MPSW0_SI1067,20.6
MPSW0_SI1697,17.1
MPSW0_SI2327,24.1
MPSW0_SX167,15.2
MPSW0_SX24,19.0
MPSW0_SX257,18.2
MPSW0_SX437,14.3
MPSW0_SX77,2.8
MRAB0_SI1224,11.1
MRAB0_SI1854,13.7
MRAB0_SI594,8.7
MRAB0_SX144,10.0
MRAB0_SX234,6.3
MRAB0_SX324,20.6
MRAB0_SX414,4.9
MRAB0_SX54,17.8
MRAB1_SI1478,12.8
MRAB1_SI2108,5.6
MRAB1_SI848,10.2
MRAB1_SX128,7.4
MRAB1_SX218,11.9
MRAB1_SX308,8.8
MRAB1_SX38,4.8
MRAB1_SX398,9.3
MRAI0_SI1954,5.9
MRAI0_SI2052,8.8
MRAI0_SI792,13.2
MRAI0_SX162,12.5
MRAI0_SX252,0.0
MRAI0_SX342,5.3
MRAI0_SX432,10.0
MRAI0_SX72,7.7
MRAM0_SI1275,14.3
MRAM0_SI1905,6.1
MRAM0_SI1951,16.7
MRAM0_SX105,6.5
MRAM0_SX15,8.6
MRAM0_SX195,0.0
MRAM0_SX285,5.9
MRAM0_SX375,7.7
MRAV0_SI1008,5.0
MRAV0_SI1638,14.6
MRAV0_SI2268,22.8
MRAV0_SX108,16.2
MRAV0_SX18,6.5
MRAV0_SX198,3.2
MRAV0_SX288,11.6
MRAV0_SX378,25.6
MRBC0_SI1665,12.0
MRBC0_SI1859,6.7
MRBC0_SI599,12.8
MRBC0_SX149,13.0
MRBC0_SX239,8.1
MRBC0_SX329,17.6
MRBC0_SX419,10.5
MRBC0_SX59,8.0
MRCG0_SI1428,14.5
MRCG0_SI2058,10.5
MRCG0_SI798,17.9
MRCG0_SX168,11.1
MRCG0_SX258,5.4
MRCG0_SX348,8.9
MRCG0_SX438,16.3
MRCG0_SX78,12.9
MRCW0_SI1371,25.7
MRCW0_SI2001,14.6
MRCW0_SI741,8.2
MRCW0_SX111,3.4
MRCW0_SX201,2.9
MRCW0_SX21,15.0
MRCW0_SX291,12.5
MRCW0_SX381,6.9
MRDD0_SI1050,19.7
MRDD0_SI1680,5.6
MRDD0_SI2310,7.4
MRDD0_SX150,9.7
MRDD0_SX240,5.0
MRDD0_SX277,14.3
MRDD0_SX330,17.5
MRDD0_SX60,5.7
MRDM0_SI1044,26.6
MRDM0_SI1595,16.7
MRDM0_SI965,9.1
MRDM0_SX155,13.6
MRDM0_SX245,10.7
MRDM0_SX335,9.1
MRDM0_SX425,18.5
MRDM0_SX65,12.9
MRDS0_SI1167,15.4
MRDS0_SI1797,27.7
MRDS0_SI537,20.3
MRDS0_SX177,4.0
MRDS0_SX267,10.8
MRDS0_SX357,13.2
MRDS0_SX447,7.1
MRDS0_SX87,12.1
MREE0_SI1104,13.1
MREE0_SI1734,11.8
MREE0_SI1959,22.0
MREE0_SX114,0.0
MREE0_SX204,6.1
MREE0_SX24,8.7
MREE0_SX294,10.3
MREE0_SX384,16.0
MREH1_SI1599,13.5
MREH1_SI2229,0.0
MREH1_SI969,15.9
MREH1_SX159,18.4
MREH1_SX249,12.0
MREH1_SX339,22.6
MREH1_SX429,4.8
MREH1_SX69,8.3
MREM0_SI1591,5.7
MREM0_SI511,14.3
MREM0_SI961,11.8
MREM0_SX151,13.3
MREM0_SX241,3.0
MREM0_SX331,11.8
MREM0_SX421,11.1
MREM0_SX61,7.9
MREW1_SI1500,19.4
MREW1_SI2130,20.0
MREW1_SI870,13.0
MREW1_SX150,6.5
MREW1_SX240,7.5
MREW1_SX330,24.3
MREW1_SX420,17.4
MREW1_SX60,7.8
MRFK0_SI1076,7.1
MRFK0_SI1706,13.0
MRFK0_SI2336,4.2
MRFK0_SX176,3.8
MRFK0_SX266,10.3
MRFK0_SX356,11.1
MRFK0_SX446,9.3
MRFK0_SX86,12.5
MRFL0_SI1156,21.1
MRFL0_SI1786,15.0
MRFL0_SI526,19.4
MRFL0_SX166,16.1
MRFL0_SX256,9.4
MRFL0_SX346,10.9
MRFL0_SX436,8.7
MRFL0_SX76,10.0
MRGM0_SI1162,15.4
MRGM0_SI1792,44.7
MRGM0_SI532,28.6
MRGM0_SX172,24.4
MRGM0_SX262,20.0
MRGM0_SX416,23.1
MRGM0_SX442,20.8
MRGM0_SX82,17.6
MRGS0_SI1356,25.9
MRGS0_SI1986,6.7
MRGS0_SI726,24.1
MRGS0_SX186,22.2
MRGS0_SX276,9.1
MRGS0_SX366,7.8
MRGS0_SX6,12.0
MRGS0_SX96,11.1
MRHL0_SI1515,0.0
MRHL0_SI2145,15.5
MRHL0_SI885,12.2
MRHL0_SX165,14.0
MRHL0_SX255,20.6
MRHL0_SX345,14.3
MRHL0_SX435,14.3
MRHL0_SX75,10.0
MRJB1_SI1020,13.5
MRJB1_SI1413,13.8
MRJB1_SI2021,18.5
MRJB1_SX120,10.3
MRJB1_SX210,4.0
MRJB1_SX30,15.4
MRJB1_SX300,17.2
MRJB1_SX390,8.1
MRJH0_SI1519,7.8
MRJH0_SI889,7.5
MRJH0_SI914,10.0
MRJH0_SX169,9.3
MRJH0_SX259,7.5
MRJH0_SX307,0.0
MRJH0_SX439,4.3
MRJH0_SX79,14.6
MRJM0_SI1095,12.0
MRJM0_SI1228,5.6
MRJM0_SI1858,10.9
MRJM0_SX148,8.1
MRJM0_SX238,13.2
MRJM0_SX328,8.5
MRJM0_SX418,10.0
MRJM0_SX58,10.9
MRJM1_SI1298,19.4
MRJM1_SI1928,11.1
MRJM1_SI668,9.1
MRJM1_SX128,18.5
MRJM1_SX218,15.0
MRJM1_SX308,27.8
MRJM1_SX38,14.3
MRJM1_SX398,16.3
MRJT0_SI1498,10.3
MRJT0_SI1805,0.0
MRJT0_SI868,14.5
MRJT0_SX148,13.5
MRJT0_SX238,8.6
MRJT0_SX328,8.5
MRJT0_SX418,25.0
MRJT0_SX58,7.3
MRKM0_SI1267,40.4
MRKM0_SI1391,25.4
MRKM0_SI637,25.5
MRKM0_SX187,14.3
MRKM0_SX277,7.4
MRKM0_SX367,14.7
MRKM0_SX7,37.0
MRKM0_SX97,25.0
MRLD0_SI1594,23.5
MRLD0_SI2224,11.5
MRLD0_SI964,10.5
MRLD0_SX154,3.0
MRLD0_SX244,14.3
MRLD0_SX334,10.3
MRLD0_SX424,13.9
MRLD0_SX64,11.8
MRLJ0_SI1420,16.2
MRLJ0_SI2050,15.8
MRLJ0_SI790,23.3
MRLJ0_SX160,16.7
MRLJ0_SX250,10.8
MRLJ0_SX340,6.9
MRLJ0_SX430,17.4
MRLJ0_SX70,0.0
MRLJ1_SI1671,11.4
MRLJ1_SI2301,11.7
MRLJ1_SI2332,11.1
MRLJ1_SX141,2.0
MRLJ1_SX231,18.2
MRLJ1_SX321,18.8
MRLJ1_SX411,7.5
MRLJ1_SX51,14.6
MRLK0_SI1468,21.3
MRLK0_SI2140,17.9
MRLK0_SI843,17.1
MRLK0_SX123,17.1
MRLK0_SX213,19.4
MRLK0_SX303,3.6
MRLK0_SX33,16.1
MRLK0_SX393,16.1
MRLR0_SI1196,13.6
MRLR0_SI1826,8.6
MRLR0_SI566,15.4
MRLR0_SX116,6.9
MRLR0_SX206,17.5
MRLR0_SX26,11.5
MRLR0_SX296,11.8
MRLR0_SX386,10.7
MRMB0_SI1581,5.4
MRMB0_SI2211,9.1
MRMB0_SI951,8.3
MRMB0_SX141,6.3
MRMB0_SX231,16.7
MRMB0_SX321,13.3
MRMB0_SX411,15.4
MRMB0_SX51,4.9
MRMG0_SI1080,8.8
MRMG0_SI1710,6.5
MRMG0_SI2340,8.5
MRMG0_SX180,11.1
MRMG0_SX270,9.4
MRMG0_SX360,3.1
MRMG0_SX450,4.2
MRMG0_SX90,20.0
MRMH0_SI1021,19.2
MRMH0_SI1349,15.5
MRMH0_SI2281,5.7
MRMH0_SX121,5.1
MRMH0_SX211,15.2
MRMH0_SX301,10.8
MRMH0_SX31,7.4
MRMH0_SX391,0.0
MRML0_SI1421,22.0
MRML0_SI2051,17.6
MRML0_SI791,9.1
MRML0_SX161,28.8
MRML0_SX251,14.3
MRML0_SX341,16.7
MRML0_SX431,5.7
MRML0_SX71,3.4
MRMS0_SI1113,13.8
MRMS0_SI2057,15.0
MRMS0_SI2100,7.1
MRMS0_SX120,2.9
MRMS0_SX210,4.0
MRMS0_SX30,4.0
MRMS0_SX300,22.2
MRMS0_SX390,5.3
MRPC1_SI1482,14.3
MRPC1_SI2026,0.0
MRPC1_SI2112,14.7
MRPC1_SX132,21.2
MRPC1_SX222,12.5
MRPC1_SX312,24.1
MRPC1_SX402,6.3
MRPC1_SX42,3.3
MRRE0_SI1334,14.7
MRRE0_SI704,14.7
MRRE0_SI952,19.0
MRRE0_SX164,8.9
MRRE0_SX254,17.4
MRRE0_SX344,8.0
MRRE0_SX434,10.7
MRRE0_SX74,0.0
MRSO0_SI1206,16.4
MRSO0_SI1659,13.9
MRSO0_SI2289,6.5
MRSO0_SX129,17.2
MRSO0_SX219,9.1
MRSO0_SX309,9.8
MRSO0_SX39,7.3
MRSO0_SX399,9.7
MRSP0_SI1429,8.1
MRSP0_SI2059,10.0
MRSP0_SI799,3.1
MRSP0_SX169,11.9
MRSP0_SX196,10.0
MRSP0_SX259,5.3
MRSP0_SX439,6.5
MRSP0_SX79,7.5
MRTC0_SI1458,13.8
MRTC0_SI2088,2.4
MRTC0_SI828,8.1
MRTC0_SX108,7.7
MRTC0_SX18,9.7
MRTC0_SX198,3.3
MRTC0_SX288,18.6
MRTC0_SX378,12.8
MRTJ0_SI1551,4.8
MRTJ0_SI2032,6.3
MRTJ0_SI772,15.0
MRTJ0_SX142,18.2
MRTJ0_SX232,11.1
MRTJ0_SX322,15.2
MRTJ0_SX412,2.3
MRTJ0_SX52,10.6
MRVG0_SI1140,21.9
MRVG0_SI1770,12.9
MRVG0_SI510,5.3
MRVG0_SX150,10.3
MRVG0_SX240,18.9
MRVG0_SX330,16.7
MRVG0_SX420,14.9
MRVG0_SX60,20.0
MRWA0_SI1603,2.9
MRWA0_SI2233,9.3
MRWA0_SI973,17.6
MRWA0_SX163,5.3
MRWA0_SX253,8.0
MRWA0_SX343,4.7
MRWA0_SX433,9.5
MRWA0_SX73,10.8
MRWS0_SI1102,14.3
MRWS0_SI1732,4.5
MRWS0_SI472,27.3
MRWS0_SX112,11.8
MRWS0_SX202,8.7
MRWS0_SX22,4.8
MRWS0_SX292,14.6
MRWS0_SX382,12.5
MRXB0_SI1585,8.3
MRXB0_SI2215,11.5
MRXB0_SI955,18.2
MRXB0_SX145,2.6
MRXB0_SX235,10.3
MRXB0_SX325,10.7
MRXB0_SX415,5.6
MRXB0_SX55,16.3
MSAH1_SI1049,14.7
MSAH1_SI1679,15.0
MSAH1_SI2309,9.4
MSAH1_SX149,6.3
MSAH1_SX239,5.6
MSAH1_SX329,14.8
MSAH1_SX419,10.8
MSAH1_SX59,4.2
MSAS0_SI1376,9.0
MSAS0_SI2006,27.3
MSAS0_SI746,12.5
MSAS0_SX116,15.4
MSAS0_SX206,7.3
MSAS0_SX26,7.7
MSAS0_SX296,9.1
MSAS0_SX386,13.8
MSAT0_SI1526,13.8
MSAT0_SI2156,11.1
MSAT0_SI896,22.9
MSAT0_SX176,14.3
MSAT0_SX266,0.0
MSAT0_SX356,17.1
MSAT0_SX446,19.5
MSAT0_SX86,12.9
MSAT1_SI1073,17.6
MSAT1_SI1703,12.1
MSAT1_SI2333,8.8
MSAT1_SX173,16.0
MSAT1_SX263,14.3
MSAT1_SX353,6.7
MSAT1_SX443,3.6
MSAT1_SX83,2.8
MSDB0_SI1007,15.5
MSDB0_SI1637,22.6
MSDB0_SI2267,15.2
MSDB0_SX107,11.1
MSDB0_SX17,0.0
MSDB0_SX197,16.0
MSDB0_SX287,17.6
MSDB0_SX377,17.9
MSDH0_SI2113,0.0
MSDH0_SI2240,5.3
MSDH0_SI980,11.5
MSDH0_SX170,15.4
MSDH0_SX260,17.1
MSDH0_SX350,16.3
MSDH0_SX440,10.2
MSDH0_SX80,10.7
MSDS0_SI1077,26.7
MSDS0_SI1707,22.2
MSDS0_SI2337,15.2
MSDS0_SX177,15.4
MSDS0_SX267,17.9
MSDS0_SX357,12.2
MSDS0_SX447,12.0
MSDS0_SX87,14.7
MSEM1_SI1440,5.7
MSEM1_SI2070,11.3
MSEM1_SI810,12.5
MSEM1_SX180,0.0
MSEM1_SX270,0.0
MSEM1_SX360,3.2
MSEM1_SX450,8.7
MSEM1_SX90,7.7
MSES0_SI1589,16.1
MSES0_SI2216,4.2
MSES0_SI2219,13.3
MSES0_SX149,13.3
MSES0_SX239,8.6
MSES0_SX329,17.3
MSES0_SX419,16.2
MSES0_SX59,16.7
MSFH0_SI1216,16.0
MSFH0_SI1738,19.2
MSFH0_SI586,6.3
MSFH0_SX136,7.8
MSFH0_SX226,2.4
MSFH0_SX316,7.1
MSFH0_SX406,6.4
MSFH0_SX46,12.9
MSFV0_SI1262,14.3
MSFV0_SI1892,25.6
MSFV0_SI632,14.5
MSFV0_SX182,4.3
MSFV0_SX272,14.8
MSFV0_SX362,14.0
MSFV0_SX452,2.2
MSFV0_SX92,8.6
MSJK0_SI1596,11.7
MSJK0_SI2226,15.4
MSJK0_SI966,6.5
MSJK0_SX156,11.4
MSJK0_SX246,12.9
MSJK0_SX336,10.9
MSJK0_SX426,13.2
MSJK0_SX66,5.6
MSMC0_SI1907,9.4
MSMC0_SI509,13.1
MSMC0_SI647,11.1
MSMC0_SX107,5.6
MSMC0_SX17,5.0
MSMC0_SX197,12.5
MSMC0_SX287,18.4
MSMC0_SX377,4.9
MSMR0_SI1150,22.2
MSMR0_SI1405,12.5
MSMR0_SI775,15.2
MSMR0_SX145,8.1
MSMR0_SX235,3.4
MSMR0_SX325,16.0
MSMR0_SX415,9.1
MSMR0_SX55,19.5
MSMS0_SI1433,16.9
MSMS0_SI2063,15.6
MSMS0_SI803,15.6
MSMS0_SX173,12.8
MSMS0_SX263,10.7
MSMS0_SX353,9.7
MSMS0_SX443,6.9
MSMS0_SX83,3.0
MSRG0_SI1221,19.0
MSRG0_SI1851,4.8
MSRG0_SI591,16.1
MSRG0_SX141,4.1
MSRG0_SX231,0.0
MSRG0_SX321,22.4
MSRG0_SX411,15.0
MSRG0_SX51,14.6
MSRR0_SI1131,17.6
MSRR0_SI1761,22.6
MSRR0_SI501,27.9
MSRR0_SX141,10.0
MSRR0_SX231,0.0
MSRR0_SX30,4.0
MSRR0_SX411,12.8
MSRR0_SX51,6.8
MSTF0_SI1396,5.7
MSTF0_SI766,5.0
MSTF0_SI852,23.4
MSTF0_SX136,21.2
MSTF0_SX226,15.0
MSTF0_SX316,13.8
MSTF0_SX406,12.5
MSTF0_SX46,15.6
MSVS0_SI1568,3.4
MSVS0_SI2198,12.3
MSVS0_SI938,15.3
MSVS0_SX128,10.7
MSVS0_SX218,14.3
MSVS0_SX308,8.8
MSVS0_SX38,9.5
MSVS0_SX398,8.9
MTAB0_SI1572,16.7
MTAB0_SI2202,12.5
MTAB0_SI942,9.8
MTAB0_SX132,25.0
MTAB0_SX222,10.0
MTAB0_SX312,19.0
MTAB0_SX402,2.9
MTAB0_SX42,3.2
MTAS0_SI1385,12.5
MTAS0_SI2015,0.0
MTAS0_SI755,18.9
MTAS0_SX125,7.1
MTAS0_SX215,11.8
MTAS0_SX305,7.1
MTAS0_SX35,0.0
MTAS0_SX395,20.0
MTAT0_SI1110,13.1
MTAT0_SI1740,12.8
MTAT0_SI811,10.5
MTAT0_SX120,16.7
MTAT0_SX210,0.0
MTAT0_SX30,4.0
MTAT0_SX300,14.8
MTAT0_SX390,2.7
MTAT1_SI1409,12.1
MTAT1_SI1627,5.3
MTAT1_SI779,5.7
MTAT1_SX149,8.0
MTAT1_SX239,10.8
MTAT1_SX329,13.0
MTAT1_SX419,8.1
MTAT1_SX59,7.1
MTBC0_SI1173,0.0
MTBC0_SI1803,11.8
MTBC0_SI543,15.9
MTBC0_SX183,6.5
MTBC0_SX273,22.6
MTBC0_SX347,10.0
MTBC0_SX363,14.0
MTBC0_SX93,12.0
MTCS0_SI1972,7.1
MTCS0_SI2265,0.0
MTCS0_SI712,12.1
MTCS0_SX172,10.0
MTCS0_SX262,19.4
MTCS0_SX352,4.6
MTCS0_SX442,4.3
MTCS0_SX82,14.7
MTDB0_SI1401,9.8
MTDB0_SI2031,19.2
MTDB0_SI771,11.5
MTDB0_SX141,4.1
MTDB0_SX231,0.0
MTDB0_SX321,18.0
MTDB0_SX411,12.8
MTDB0_SX51,7.1
MTDP0_SI1274,14.3
MTDP0_SI1521,20.4
MTDP0_SI2151,21.6
MTDP0_SX171,20.0
MTDP0_SX261,11.5
MTDP0_SX351,29.4
MTDP0_SX441,5.4
MTDP0_SX81,14.3
MTER0_SI1157,10.9
MTER0_SI1787,23.3
MTER0_SI527,6.3
MTER0_SX167,6.1
MTER0_SX17,0.0
MTER0_SX257,8.0
MTER0_SX437,12.8
MTER0_SX77,10.3
MTJG0_SI1520,0.0
MTJG0_SI2157,7.1
MTJG0_SI890,14.3
MTJG0_SX170,19.2
MTJG0_SX260,9.5
MTJG0_SX350,12.2
MTJG0_SX440,6.3
MTJG0_SX80,10.3
MTJM0_SI1226,6.0
MTJM0_SI1856,15.0
MTJM0_SI655,13.6
MTJM0_SX146,8.8
MTJM0_SX236,9.7
MTJM0_SX326,0.0
MTJM0_SX416,7.4
MTJM0_SX56,5.0
MTJS0_SI1192,0.0
MTJS0_SI1822,12.3
MTJS0_SI562,18.0
MTJS0_SX112,14.3
MTJS0_SX202,13.0
MTJS0_SX22,15.0
MTJS0_SX292,6.1
MTJS0_SX382,13.5
MTJU0_SI2020,23.3
MTJU0_SI2269,6.7
MTJU0_SI760,18.2
MTJU0_SX130,18.2
MTJU0_SX220,17.6
MTJU0_SX310,13.5
MTJU0_SX40,19.1
MTJU0_SX400,7.7
MTKD0_SI1187,3.1
MTKD0_SI1817,13.0
MTKD0_SI630,12.9
MTKD0_SX107,8.1
MTKD0_SX17,0.0
MTKD0_SX197,0.0
MTKD0_SX287,10.3
MTKD0_SX377,10.0
MTKP0_SI1023,21.2
MTKP0_SI2283,23.6
MTKP0_SI454,20.3
MTKP0_SX123,32.5
MTKP0_SX213,14.7
MTKP0_SX303,13.8
MTKP0_SX33,15.6
MTKP0_SX393,6.5
MTLB0_SI1134,21.7
MTLB0_SI1764,10.0
MTLB0_SI504,10.7
MTLB0_SX144,10.0
MTLB0_SX234,3.0
MTLB0_SX324,20.0
MTLB0_SX414,14.6
MTLB0_SX54,19.6
MTLC0_SI1313,13.8
MTLC0_SI1477,12.3
MTLC0_SI847,0.0
MTLC0_SX127,0.0
MTLC0_SX217,7.7
MTLC0_SX307,9.1
MTLC0_SX37,24.4
MTLC0_SX397,12.1
MTML0_SI1065,6.1
MTML0_SI1695,25.7
MTML0_SI2325,17.9
MTML0_SX165,11.9
MTML0_SX255,12.1
MTML0_SX345,20.0
MTML0_SX435,26.0
MTML0_SX75,9.7
MTMN0_SI1064,21.4
MTMN0_SI2324,17.9
MTMN0_SI582,24.6
MTMN0_SX164,16.7
MTMN0_SX254,17.4
MTMN0_SX344,4.5
MTMN0_SX434,10.3
MTMN0_SX74,11.8
MTMT0_SI1118,17.1
MTMT0_SI1748,8.8
MTMT0_SI488,21.2
MTMT0_SX128,7.4
MTMT0_SX218,11.9
MTMT0_SX308,3.0
MTMT0_SX38,13.6
MTMT0_SX398,11.4
MTPF0_SI1235,14.9
MTPF0_SI1865,22.7
MTPF0_SI605,16.9
MTPF0_SX155,7.5
MTPF0_SX245,17.9
MTPF0_SX335,17.9
MTPF0_SX425,8.3
MTPF0_SX65,10.0
MTPG0_SI1383,15.5
MTPG0_SI2013,3.3
MTPG0_SI753,22.0
MTPG0_SX123,25.7
MTPG0_SX213,16.7
MTPG0_SX303,6.9
MTPG0_SX33,3.2
MTPG0_SX393,3.0
MTPP0_SI1508,20.3
MTPP0_SI2138,9.1
MTPP0_SI878,18.5
MTPP0_SX158,0.0
MTPP0_SX248,7.1
MTPP0_SX338,13.5
MTPP0_SX428,10.4
MTPP0_SX68,11.8
MTPR0_SI1600,15.8
MTPR0_SI2230,17.2
MTPR0_SI506,9.5
MTPR0_SX160,8.7
MTPR0_SX250,7.7
MTPR0_SX340,6.3
MTPR0_SX430,13.7
MTPR0_SX70,0.0
MTQC0_SI1441,21.5
MTQC0_SI2071,47.6
MTQC0_SI480,13.0
MTQC0_SX181,23.4
MTQC0_SX271,12.5
MTQC0_SX361,5.6
MTQC0_SX451,39.2
MTQC0_SX91,15.4
MTRC0_SI1623,13.5
MTRC0_SI589,23.4
MTRC0_SI993,3.6
MTRC0_SX170,16.1
MTRC0_SX183,6.9
MTRC0_SX273,26.7
MTRC0_SX363,12.5
MTRC0_SX93,12.0
MTRR0_SI1548,4.8
MTRR0_SI2178,11.1
MTRR0_SI918,12.7
MTRR0_SX108,17.5
MTRR0_SX18,13.8
MTRR0_SX198,9.4
MTRR0_SX288,11.6
MTRR0_SX378,15.8
MTRT0_SI1227,19.0
MTRT0_SI1857,16.7
MTRT0_SI597,5.9
MTRT0_SX147,16.7
MTRT0_SX237,0.0
MTRT0_SX254,4.8
MTRT0_SX417,17.5
MTRT0_SX57,6.5
MTWH1_SI1512,12.5
MTWH1_SI2142,15.0
MTWH1_SI882,21.9
MTWH1_SX162,11.4
MTWH1_SX252,2.9
MTWH1_SX342,13.5
MTWH1_SX432,9.8
MTWH1_SX72,7.4
MTXS0_SI1060,17.3
MTXS0_SI1690,10.0
MTXS0_SI2320,19.0
MTXS0_SX160,14.3
MTXS0_SX250,15.8
MTXS0_SX340,6.9
MTXS0_SX430,8.5
MTXS0_SX70,7.1
MVJH0_SI1556,34.0
MVJH0_SI2186,9.8
MVJH0_SI926,16.2
MVJH0_SX116,10.0
MVJH0_SX206,10.0
MVJH0_SX26,11.5
MVJH0_SX296,10.0
MVJH0_SX386,12.9
MVLO0_SI1147,11.8
MVLO0_SI1777,14.3
MVLO0_SI517,10.9
MVLO0_SX157,6.1
MVLO0_SX247,6.4
MVLO0_SX337,5.3
MVLO0_SX427,4.0
MVLO0_SX67,2.3
MVRW0_SI1485,15.3
MVRW0_SI2115,5.3
MVRW0_SI855,8.1
MVRW0_SX135,11.4
MVRW0_SX225,23.1
MVRW0_SX315,13.8
MVRW0_SX405,13.9
MVRW0_SX45,9.1
MWAC0_SI1601,28.0
MWAC0_SI2231,10.5
MWAC0_SI971,17.2
MWAC0_SX161,8.2
MWAC0_SX251,13.2
MWAC0_SX341,18.6
MWAC0_SX431,17.1
MWAC0_SX71,12.9
MWAD0_SI1062,16.4
MWAD0_SI1749,11.1
MWAD0_SI2322,11.8
MWAD0_SX162,6.7
MWAD0_SX252,9.4
MWAD0_SX342,8.3
MWAD0_SX432,17.0
MWAD0_SX72,9.1
MWAR0_SI1045,15.3
MWAR0_SI1675,7.9
MWAR0_SI2305,3.7
MWAR0_SX145,7.9
MWAR0_SX235,13.8
MWAR0_SX325,4.0
MWAR0_SX415,5.6
MWAR0_SX55,17.4
MWCH0_SI1622,16.7
MWCH0_SI1895,7.1
MWCH0_SI2252,19.0
MWCH0_SX182,4.5
MWCH0_SX272,12.0
MWCH0_SX362,14.3
MWCH0_SX452,9.1
MWCH0_SX92,8.8
MWDK0_SI1436,10.2
MWDK0_SI2017,6.7
MWDK0_SI806,2.9
MWDK0_SX176,13.7
MWDK0_SX266,0.0
MWDK0_SX356,2.9
MWDK0_SX446,9.8
MWDK0_SX86,3.3
MWEM0_SI1320,11.1
MWEM0_SI1393,18.8
MWEM0_SI1950,20.0
MWEM0_SX150,3.3
MWEM0_SX240,18.4
MWEM0_SX330,7.7
MWEM0_SX420,27.5
MWEM0_SX60,18.4
MWGR0_SI1606,10.8
MWGR0_SI2236,12.1
MWGR0_SI976,18.3
MWGR0_SX166,17.2
MWGR0_SX256,9.1
MWGR0_SX346,8.7
MWGR0_SX436,20.0
MWGR0_SX76,7.9
MWRE0_SI1057,10.3
MWRE0_SI1687,5.0
MWRE0_SI2317,14.3
MWRE0_SX157,19.4
MWRE0_SX247,10.4
MWRE0_SX337,15.9
MWRE0_SX427,3.7
MWRE0_SX67,11.1
MWRP0_SI1443,14.1
MWRP0_SI1525,10.5
MWRP0_SI2073,10.0
MWRP0_SX183,16.7
MWRP0_SX273,19.4
MWRP0_SX3,6.7
MWRP0_SX363,18.2
MWRP0_SX93,4.2
MWSB0_SI1626,24.1
MWSB0_SI2256,18.2
MWSB0_SI996,23.5
MWSB0_SX186,3.8
MWSB0_SX276,3.1
MWSB0_SX366,7.5
MWSB0_SX6,14.8
MWSB0_SX96,13.2
MWSH0_SI1426,17.5
MWSH0_SI2266,8.3
MWSH0_SI796,14.6
MWSH0_SX166,15.8
MWSH0_SX256,6.1
MWSH0_SX346,11.4
MWSH0_SX436,29.2
MWSH0_SX76,20.0
MZMB0_SI1166,12.1
MZMB0_SI1796,0.0
MZMB0_SI536,9.1
MZMB0_SX176,10.4
MZMB0_SX266,9.1
MZMB0_SX356,11.1
MZMB0_SX446,0.0
MZMB0_SX86,12.5
