MAKR0_SI722,11.8
MAKR0_SX182,20.0
MAKR0_SX272,32.0
MAKR0_SX362,16.7
MAKR0_SX452,5.0
MAKR0_SX92,24.2
MAPV0_SI1293,19.0
MAPV0_SI1923,15.6
MAPV0_SI663,10.9
MAPV0_SX123,14.3
MAPV0_SX213,21.2
MAPV0_SX303,6.9
MAPV0_SX33,17.2
MAPV0_SX393,2.9
MARC0_SI1188,5.6
MARC0_SI1818,3.3
MARC0_SI558,18.4
MARC0_SX108,5.6
MARC0_SX18,3.1
MARC0_SX198,6.3
MARC0_SX288,9.8
MARC0_SX378,20.0
MARW0_SI1276,8.3
MARW0_SI1906,22.2
MARW0_SI646,20.8
MARW0_SX106,13.3
MARW0_SX16,0.0
MARW0_SX286,14.0
MARW0_SX349,15.0
MARW0_SX376,18.4
MBAR0_SI1319,15.9
MBAR0_SI1949,0.0
MBAR0_SI689,8.3
MBAR0_SX149,10.2
MBAR0_SX239,17.6
MBAR0_SX329,15.1
MBAR0_SX419,2.7
MBAR0_SX59,7.7
MBBR0_SI1055,18.8
MBBR0_SI1685,12.5
MBBR0_SI2315,11.5
MBBR0_SX155,11.6
MBBR0_SX245,3.7
MBBR0_SX335,17.5
MBBR0_SX425,15.4
MBBR0_SX65,6.3
MBCG0_SI2217,6.1
MBCG0_SI486,4.3
MBCG0_SI957,20.4
MBCG0_SX147,12.2
MBCG0_SX237,10.0
MBCG0_SX327,16.7
MBCG0_SX417,5.3
MBCG0_SX57,9.4
MBEF0_SI1281,16.4
MBEF0_SI1911,11.1
MBEF0_SI651,10.9
MBEF0_SX111,7.1
MBEF0_SX201,5.6
MBEF0_SX21,25.0
MBEF0_SX291,3.2
MBEF0_SX381,24.1
MBGT0_SI1341,8.0
MBGT0_SI1841,9.3
MBGT0_SI711,4.9
MBGT0_SX171,9.4
MBGT0_SX261,4.0
MBGT0_SX351,14.9
MBGT0_SX441,5.4
MBGT0_SX81,11.8
MBJV0_SI1247,12.1
MBJV0_SI1877,6.5
MBJV0_SI617,15.4
MBJV0_SX167,17.4
MBJV0_SX257,12.5
MBJV0_SX347,19.0
MBJV0_SX437,11.1
MBJV0_SX77,13.9
MBMA0_SI1222,15.7
MBMA0_SI1852,31.3
MBMA0_SI592,5.3
MBMA0_SX142,4.5
MBMA0_SX232,13.6
MBMA0_SX322,3.0
MBMA0_SX412,18.6
MBMA0_SX52,9.1
MBMA1_SI2207,0.0
MBMA1_SI2214,14.7
MBMA1_SI954,14.6
MBMA1_SX144,9.4
MBMA1_SX234,2.9
MBMA1_SX324,18.3
MBMA1_SX414,2.4
MBMA1_SX54,28.3
MBML0_SI1169,0.0
MBML0_SI1799,10.0
MBML0_SI539,13.9
MBML0_SX179,24.3
MBML0_SX269,3.6
MBML0_SX359,8.9
MBML0_SX449,19.1
MBML0_SX89,14.7
MBOM0_SI1014,20.8
MBOM0_SI1644,20.7
MBOM0_SI2274,8.1
MBOM0_SX114,10.8
MBOM0_SX204,6.5
MBOM0_SX294,10.3
MBOM0_SX311,14.3
MBOM0_SX384,4.3
MBSB0_SI1353,25.5
MBSB0_SI1983,21.1
MBSB0_SI723,36.0
MBSB0_SX183,17.9
MBSB0_SX273,24.1
MBSB0_SX3,18.8
MBSB0_SX363,17.1
MBSB0_SX93,8.3
MBTH0_SI2102,8.8
MBTH0_SI505,19.4
MBTH0_SI757,9.5
MBTH0_SX122,14.9
MBTH0_SX212,22.7
MBTH0_SX302,13.3
MBTH0_SX32,8.1
MBTH0_SX392,16.7
MBWP0_SI1531,4.8
MBWP0_SI1969,5.6
MBWP0_SI709,8.3
MBWP0_SX169,4.7
MBWP0_SX259,5.4
MBWP0_SX349,17.7
MBWP0_SX439,9.3
MBWP0_SX79,4.8
MCAE0_SI1447,16.9
MCAE0_SI2077,27.9
MCAE0_SI817,13.9
MCAE0_SX187,4.3
MCAE0_SX277,26.9
MCAE0_SX367,17.1
MCAE0_SX7,21.4
MCAE0_SX97,22.6
MCAL0_SI1138,23.3
MCAL0_SI1768,4.8
MCAL0_SI508,4.5
MCAL0_SX148,12.8
MCAL0_SX238,16.7
MCAL0_SX328,10.9
MCAL0_SX418,7.5
MCAL0_SX58,5.7
MCDC0_SI1292,3.0
MCDC0_SI1922,9.7
MCDC0_SI662,3.0
MCDC0_SX122,8.7
MCDC0_SX212,7.0
MCDC0_SX302,10.7
MCDC0_SX32,5.3
MCDC0_SX392,7.0
MCDD0_SI1513,7.7
MCDD0_SI2143,12.1
MCDD0_SI883,5.3
MCDD0_SX163,13.5
MCDD0_SX253,17.2
MCDD0_SX343,8.5
MCDD0_SX433,11.6
MCDD0_SX73,13.2
MCDR0_SI1154,22.0
MCDR0_SI1784,17.5
MCDR0_SI524,13.8
MCDR0_SX164,21.4
MCDR0_SX254,15.0
MCDR0_SX344,8.3
MCDR0_SX434,7.1
MCDR0_SX74,8.8
MCEF0_SI1135,11.4
MCEF0_SI1765,14.7
MCEF0_SI842,11.3
MCEF0_SX145,4.9
MCEF0_SX235,6.5
MCEF0_SX325,23.1
MCEF0_SX415,5.4
MCEF0_SX55,7.0
MCEW0_SI1442,2.9
MCEW0_SI2072,22.0
MCEW0_SI812,20.3
MCEW0_SX182,19.0
MCEW0_SX272,7.4
MCEW0_SX362,9.3
MCEW0_SX452,10.9
MCEW0_SX92,11.8
MCHL0_SI1347,20.0
MCHL0_SI1404,26.2
MCHL0_SI1977,0.0
MCHL0_SX177,8.0
MCHL0_SX267,0.0
MCHL0_SX357,5.4
MCHL0_SX447,14.8
MCHL0_SX87,3.0
MCLK0_SI1660,16.7
MCLK0_SI2290,21.8
MCLK0_SI650,20.3
MCLK0_SX130,8.8
MCLK0_SX220,14.3
MCLK0_SX310,11.8
MCLK0_SX40,14.6
MCLK0_SX400,11.1
MCLM0_SI1456,19.1
MCLM0_SI2086,31.6
MCLM0_SI826,21.1
MCLM0_SX106,10.0
MCLM0_SX16,19.0
MCLM0_SX196,8.3
MCLM0_SX286,11.8
MCLM0_SX376,14.6
MCPM0_SI1194,12.5
MCPM0_SI1824,28.1
MCPM0_SI564,11.4
MCPM0_SX114,10.8
MCPM0_SX204,23.3
MCPM0_SX24,13.6
MCPM0_SX294,7.7
MCPM0_SX384,4.8
MCRE0_SI1121,28.6
MCRE0_SI1725,6.3
MCRE0_SI1751,27.7
MCRE0_SX131,23.5
MCRE0_SX221,7.1
MCRE0_SX24,4.8
MCRE0_SX401,15.4
MCRE0_SX41,12.0
MCSS0_SI1380,20.3
MCSS0_SI688,13.3
MCSS0_SI750,12.5
MCSS0_SX120,10.8
MCSS0_SX210,0.0
MCSS0_SX30,4.0
MCSS0_SX300,3.7
MCSS0_SX390,8.3
MCTH0_SI1209,17.9
MCTH0_SI1839,9.4
MCTH0_SI579,2.5
MCTH0_SX129,10.7
MCTH0_SX219,28.6
MCTH0_SX309,12.2
MCTH0_SX39,14.6
MCTH0_SX399,13.8
MCTM0_SI1350,10.9
MCTM0_SI1980,16.0
MCTM0_SI720,10.0
MCTM0_SX180,5.7
MCTM0_SX270,3.2
MCTM0_SX360,16.1
MCTM0_SX450,13.3
MCTM0_SX90,11.1
MCXM0_SI1351,2.8
MCXM0_SI1981,12.0
MCXM0_SI721,6.9
MCXM0_SX181,26.7
MCXM0_SX271,11.8
MCXM0_SX361,9.1
MCXM0_SX451,20.8
MCXM0_SX91,12.5
MDAC0_SI1261,5.1
MDAC0_SI1837,6.9
MDAC0_SI631,25.4
MDAC0_SX181,19.1
MDAC0_SX271,9.1
MDAC0_SX361,17.1
MDAC0_SX451,17.0
MDAC0_SX91,5.4
MDAS0_SI1266,12.5
MDAS0_SI1896,8.6
MDAS0_SI636,10.5
MDAS0_SX186,23.1
MDAS0_SX21,14.3
MDAS0_SX276,9.7
MDAS0_SX6,20.0
MDAS0_SX96,2.7
MDBB1_SI1006,12.5
MDBB1_SI1636,15.4
MDBB1_SI2056,17.6
MDBB1_SX106,12.9
MDBB1_SX16,4.8
MDBB1_SX196,9.5
MDBB1_SX286,7.8
MDBB1_SX376,9.8
MDBP0_SI1158,10.5
MDBP0_SI1788,20.9
MDBP0_SI528,10.6
MDBP0_SX168,11.5
MDBP0_SX258,5.3
MDBP0_SX348,6.3
MDBP0_SX438,17.6
MDBP0_SX78,19.4
MDCD0_SI1415,24.3
MDCD0_SI2045,23.3
MDCD0_SI785,31.7
MDCD0_SX155,9.8
MDCD0_SX245,17.2
MDCD0_SX335,23.6
MDCD0_SX425,16.7
MDCD0_SX65,3.2
MDCM0_SI1480,13.1
MDCM0_SI2110,7.7
MDCM0_SI850,5.4
MDCM0_SX130,9.7
MDCM0_SX220,14.9
MDCM0_SX310,12.1
MDCM0_SX40,11.1
MDCM0_SX400,13.5
MDDC0_SI1419,14.3
MDDC0_SI2049,0.0
MDDC0_SI789,9.8
MDDC0_SX159,20.5
MDDC0_SX249,3.8
MDDC0_SX339,25.0
MDDC0_SX429,5.4
MDDC0_SX69,9.1
MDED0_SI1170,15.2
MDED0_SI1800,6.5
MDED0_SI540,9.8
MDED0_SX180,13.5
MDED0_SX270,3.3
MDED0_SX360,3.2
MDED0_SX450,15.6
MDED0_SX90,8.0
MDEF0_SI1123,15.8
MDEF0_SI1563,2.7
MDEF0_SI2193,23.5
MDEF0_SX123,17.1
MDEF0_SX213,9.7
MDEF0_SX303,7.4
MDEF0_SX33,18.8
MDEF0_SX393,13.3
MDEM0_SI1868,3.8
MDEM0_SI608,16.7
MDEM0_SI800,21.5
MDEM0_SX158,6.9
MDEM0_SX248,3.4
MDEM0_SX338,5.1
MDEM0_SX428,11.4
MDEM0_SX68,21.2
MDHL0_SI1439,13.6
MDHL0_SI2069,15.6
MDHL0_SI809,18.9
MDHL0_SX179,10.5
MDHL0_SX269,25.0
MDHL0_SX359,15.6
MDHL0_SX449,11.1
MDHL0_SX89,8.3
MDHS0_SI1530,24.2
MDHS0_SI2160,8.3
MDHS0_SI900,23.2
MDHS0_SX180,8.8
MDHS0_SX270,6.5
MDHS0_SX360,9.7
MDHS0_SX450,19.1
MDHS0_SX90,8.0
MDJM0_SI1455,18.8
MDJM0_SI2085,13.2
MDJM0_SI825,13.9
MDJM0_SX105,0.0
MDJM0_SX15,18.8
MDJM0_SX195,0.0
MDJM0_SX285,3.4
MDJM0_SX375,14.6
MDKS0_SI1066,4.3
MDKS0_SI1696,10.3
MDKS0_SI2326,9.8
MDKS0_SX166,6.5
MDKS0_SX256,9.1
MDKS0_SX346,10.2
MDKS0_SX436,4.3
MDKS0_SX76,16.7
MDLB0_SI1306,14.3
MDLB0_SI1936,16.0
MDLB0_SI676,18.2
MDLB0_SX136,11.1
MDLB0_SX226,14.3
MDLB0_SX316,13.8
MDLB0_SX406,8.0
MDLB0_SX46,9.7
MDLC0_SI1395,12.1
MDLC0_SI2025,15.2
MDLC0_SI765,5.3
MDLC0_SX135,7.0
MDLC0_SX225,7.4
MDLC0_SX315,17.2
MDLC0_SX405,8.1
MDLC0_SX45,15.6
MDLC1_SI1435,14.5
MDLC1_SI2065,13.3
MDLC1_SI2144,4.8
MDLC1_SX175,16.1
MDLC1_SX265,2.6
MDLC1_SX355,19.4
MDLC1_SX445,2.9
MDLC1_SX85,14.7
MDLC2_SI1614,0.0
MDLC2_SI2244,15.0
MDLC2_SI984,9.3
MDLC2_SX174,30.2
MDLC2_SX264,7.4
MDLC2_SX354,17.1
MDLC2_SX444,12.5
MDLC2_SX84,16.7
MDLH0_SI1960,5.9
MDLH0_SI574,4.3
MDLH0_SI700,17.5
MDLH0_SX160,15.2
MDLH0_SX250,2.6
MDLH0_SX340,19.4
MDLH0_SX430,8.5
MDLH0_SX70,8.3
MDLM0_SI1234,28.6
MDLM0_SI1864,21.1
MDLM0_SI604,14.3
MDLM0_SX154,6.3
MDLM0_SX244,22.0
MDLM0_SX334,35.7
MDLM0_SX424,25.7
MDLM0_SX64,14.3
MDLR0_SI1233,9.7
MDLR0_SI1863,8.3
MDLR0_SI603,0.0
MDLR0_SX153,8.5
MDLR0_SX243,5.1
MDLR0_SX333,10.0
MDLR0_SX423,26.1
MDLR0_SX63,17.1
MDLR1_SI1299,10.3
MDLR1_SI1929,10.7
MDLR1_SI669,12.5
MDLR1_SX129,7.1
MDLR1_SX219,9.5
MDLR1_SX309,16.3
MDLR1_SX39,7.1
MDLR1_SX399,3.4
MDMA0_SI1238,4.8
MDMA0_SI1430,10.5
MDMA0_SI2060,9.1
MDMA0_SX170,10.7
MDMA0_SX260,6.8
MDMA0_SX350,10.2
MDMA0_SX440,10.4
MDMA0_SX80,6.7
MDMT0_SI1832,7.1
MDMT0_SI2341,11.1
MDMT0_SI572,20.0
MDMT0_SX122,18.0
MDMT0_SX212,13.6
MDMT0_SX302,3.6
MDMT0_SX32,14.3
MDMT0_SX392,20.9
MDNS0_SI1011,6.6
MDNS0_SI2271,12.0
MDNS0_SI873,5.0
MDNS0_SX111,3.2
MDNS0_SX201,5.4
MDNS0_SX21,4.8
MDNS0_SX291,8.8
MDNS0_SX381,3.2
MDPB0_SI1760,11.3
MDPB0_SI2126,7.7
MDPB0_SI866,15.5
MDPB0_SX146,2.7
MDPB0_SX236,18.2
MDPB0_SX326,7.4
MDPB0_SX416,7.1
MDPB0_SX56,9.8
MDPK0_SI1053,26.5
MDPK0_SI1683,20.0
MDPK0_SI552,12.5
MDPK0_SX153,10.6
MDPK0_SX243,2.5
MDPK0_SX333,10.2
MDPK0_SX423,6.5
MDPK0_SX63,0.0
MDPS0_SI1651,4.0
MDPS0_SI1979,10.5
MDPS0_SI719,0.0
MDPS0_SX179,7.9
MDPS0_SX269,7.1
MDPS0_SX359,6.7
MDPS0_SX449,17.0
MDPS0_SX89,5.4
MDRD0_SI1382,11.1
MDRD0_SI2012,13.8
MDRD0_SI752,18.0
MDRD0_SX122,17.8
MDRD0_SX212,13.6
MDRD0_SX302,6.7
MDRD0_SX32,5.6
MDRD0_SX392,9.5
MDSJ0_SI1462,15.0
MDSJ0_SI2092,13.8
MDSJ0_SI832,21.6
MDSJ0_SX112,11.8
MDSJ0_SX22,4.3
MDSJ0_SX292,11.8
MDSJ0_SX382,19.4
MDSJ0_SX438,24.0
MDSS0_SI1881,7.7
MDSS0_SI2087,8.7
MDSS0_SI621,8.1
MDSS0_SX171,21.2
MDSS0_SX261,8.7
MDSS0_SX351,14.3
MDSS0_SX441,8.3
MDSS0_SX81,11.4
MDSS1_SI1327,22.2
MDSS1_SI1713,5.9
MDSS1_SI697,14.5
MDSS1_SX157,16.1
MDSS1_SX247,11.4
MDSS1_SX337,16.2
MDSS1_SX427,18.5
MDSS1_SX67,12.5
MDTB0_SI1200,11.1
MDTB0_SI1830,10.8
MDTB0_SI570,12.7
MDTB0_SX120,11.1
MDTB0_SX210,0.0
MDTB0_SX300,10.3
MDTB0_SX321,22.0
MDTB0_SX390,15.8
MDWD0_SI1260,13.8
MDWD0_SI1890,6.5
MDWD0_SI557,11.8
MDWD0_SX180,3.1
MDWD0_SX270,6.7
MDWD0_SX360,12.1
MDWD0_SX450,20.5
MDWD0_SX90,4.0
MDWH0_SI1168,9.8
MDWH0_SI1925,5.3
MDWH0_SI665,11.4
MDWH0_SX125,14.8
MDWH0_SX215,18.9
MDWH0_SX305,12.9
MDWH0_SX35,10.0
MDWH0_SX395,17.9
MDWM0_SI1546,11.8
MDWM0_SI2176,12.5
MDWM0_SI916,16.0
MDWM0_SX106,3.3
MDWM0_SX16,9.5
MDWM0_SX286,3.9
MDWM0_SX376,4.9
MDWM0_SX433,9.5
MEAL0_SI1547,3.6
MEAL0_SI2177,17.6
MEAL0_SI917,15.2
MEAL0_SX107,25.0
MEAL0_SX197,12.5
MEAL0_SX287,11.1
MEAL0_SX347,20.0
MEAL0_SX377,17.9
MEDR0_SI1374,5.9
MEDR0_SI2004,10.0
MEDR0_SI744,14.3
MEDR0_SX114,16.7
MEDR0_SX204,3.1
MEDR0_SX24,9.1
MEDR0_SX294,16.7
MEDR0_SX384,8.7
MEFG0_SI465,24.2
MEFG0_SI491,12.5
MEFG0_SI598,11.8
MEFG0_SX105,16.7
MEFG0_SX15,19.4
MEFG0_SX195,8.3
MEFG0_SX285,3.4
MEFG0_SX375,15.9
MEGJ0_SI1337,13.3
MEGJ0_SI1967,5.6
MEGJ0_SI707,23.1
MEGJ0_SX167,16.7
MEGJ0_SX257,7.7
MEGJ0_SX3,0.0
MEGJ0_SX437,8.5
MEGJ0_SX77,7.3
MEJL0_SI1592,17.9
MEJL0_SI1654,8.7
MEJL0_SI962,27.9
MEJL0_SX152,7.5
MEJL0_SX242,12.5
MEJL0_SX332,2.4
MEJL0_SX422,4.8
MEJL0_SX62,7.0
MEJS0_SI1240,16.1
MEJS0_SI1870,13.8
MEJS0_SI610,11.1
MEJS0_SX160,6.4
MEJS0_SX250,7.7
MEJS0_SX340,12.1
MEJS0_SX430,13.6
MEJS0_SX70,0.0
MESG0_SI1332,15.0
MESG0_SI1962,7.7
MESG0_SI702,14.3
MESG0_SX162,8.6
MESG0_SX252,2.9
MESG0_SX342,5.6
MESG0_SX432,7.3
MESG0_SX72,4.0
MESJ0_SI2039,21.2
MESJ0_SI2257,9.1
MESJ0_SI997,22.2
MESJ0_SX187,27.3
MESJ0_SX277,12.0
MESJ0_SX367,5.9
MESJ0_SX7,26.7
MESJ0_SX97,6.7
MEWM0_SI1348,28.6
MEWM0_SI1978,16.7
MEWM0_SI718,15.8
MEWM0_SX178,18.2
MEWM0_SX268,19.5
MEWM0_SX358,11.1
MEWM0_SX448,20.7
MEWM0_SX88,20.4
MFER0_SI1492,8.7
MFER0_SI2122,0.0
MFER0_SI862,15.0
MFER0_SX142,19.6
MFER0_SX232,15.9
MFER0_SX322,3.0
MFER0_SX412,5.0
MFER0_SX52,7.3
MFMC0_SI1132,14.3
MFMC0_SI1762,18.9
MFMC0_SI502,25.0
MFMC0_SX142,12.8
MFMC0_SX232,9.1
MFMC0_SX322,5.9
MFMC0_SX412,4.7
MFMC0_SX52,8.9
MFRM0_SI1155,29.6
MFRM0_SI1717,10.7
MFRM0_SI1785,23.5
MFRM0_SX165,17.5
MFRM0_SX255,6.1
MFRM0_SX345,10.7
MFRM0_SX435,18.8
MFRM0_SX75,10.0
MFWK0_SI1249,12.0
MFWK0_SI1879,3.7
MFWK0_SI619,19.4
MFWK0_SX169,12.2
MFWK0_SX259,2.9
MFWK0_SX349,25.9
MFWK0_SX439,6.7
MFWK0_SX79,12.2
MFXS0_SI1674,5.6
MFXS0_SI2225,0.0
MFXS0_SI2304,10.8
MFXS0_SX144,15.2
MFXS0_SX234,2.9
MFXS0_SX324,11.9
MFXS0_SX414,16.3
MFXS0_SX54,24.4
MFXV0_SI1005,11.1
MFXV0_SI1342,13.6
MFXV0_SI1635,22.2
MFXV0_SX105,8.8
MFXV0_SX15,15.2
MFXV0_SX195,21.7
MFXV0_SX285,11.1
MFXV0_SX375,2.4
MGAF0_SI1282,16.4
MGAF0_SI1912,12.5
MGAF0_SI652,17.6
MGAF0_SX112,5.6
MGAF0_SX202,8.3
MGAF0_SX22,4.8
MGAF0_SX292,6.1
MGAF0_SX382,2.7
MGAG0_SI1321,31.6
MGAG0_SI645,4.3
MGAG0_SI691,18.2
MGAG0_SX151,16.3
MGAG0_SX241,15.6
MGAG0_SX331,0.0
MGAG0_SX421,11.4
MGAG0_SX61,25.0
MGAK0_SI1036,10.3
MGAK0_SI1666,11.4
MGAK0_SI2296,2.9
MGAK0_SX136,10.5
MGAK0_SX226,2.4
MGAK0_SX316,3.4
MGAK0_SX406,8.2
MGAK0_SX46,3.2
MGAR0_SI1212,16.7
MGAR0_SI1694,21.4
MGAR0_SI1842,8.3
MGAR0_SX132,10.8
MGAR0_SX222,26.2
MGAR0_SX312,24.5
MGAR0_SX402,6.3
MGAR0_SX42,3.3
MGAW0_SI1165,17.2
MGAW0_SI1802,15.5
MGAW0_SI535,7.1
MGAW0_SX175,23.1
MGAW0_SX265,11.1
MGAW0_SX355,15.6
MGAW0_SX445,9.4
MGAW0_SX85,18.8
MGES0_SI1481,0.0
MGES0_SI2111,5.3
MGES0_SI851,19.2
MGES0_SX131,13.3
MGES0_SX221,23.3
MGES0_SX311,18.2
MGES0_SX401,8.6
MGES0_SX41,7.8
MGJC0_SI1256,17.1
MGJC0_SI1335,13.5
MGJC0_SI1965,16.7
MGJC0_SX165,12.8
MGJC0_SX255,2.9
MGJC0_SX345,17.2
MGJC0_SX435,14.3
MGJC0_SX75,15.6
MGRL0_SI1497,9.7
MGRL0_SI2127,8.8
MGRL0_SI867,18.0
MGRL0_SX147,18.6
MGRL0_SX237,23.5
MGRL0_SX327,15.4
MGRL0_SX417,13.2
MGRL0_SX57,26.7
MGRP0_SI1317,24.5
MGRP0_SI1947,12.9
MGRP0_SI687,11.1
MGRP0_SX147,15.2
MGRP0_SX237,5.3
MGRP0_SX327,20.6
MGRP0_SX417,2.6
MGRP0_SX57,2.9
MGSH0_SI1176,10.9
MGSH0_SI1806,12.8
MGSH0_SI546,18.5
MGSH0_SX127,0.0
MGSH0_SX186,6.9
MGSH0_SX276,15.6
MGSH0_SX6,0.0
MGSH0_SX96,11.1
MGSL0_SI1164,18.8
MGSL0_SI534,12.5
MGSL0_SI797,9.1
MGSL0_SX174,20.8
MGSL0_SX264,37.0
MGSL0_SX354,32.3
MGSL0_SX444,18.9
MGSL0_SX84,16.7
MGXP0_SI1087,20.4
MGXP0_SI457,17.2
MGXP0_SI525,27.6
MGXP0_SX187,7.7
MGXP0_SX277,14.3
MGXP0_SX367,13.9
MGXP0_SX7,13.8
MGXP0_SX97,21.2
MHBS0_SI1575,13.5
MHBS0_SI2205,9.1
MHBS0_SI945,16.9
MHBS0_SX135,0.0
MHBS0_SX225,7.7
MHBS0_SX315,3.6
MHBS0_SX405,8.1
MHBS0_SX45,12.1
MHIT0_SI1613,15.2
MHIT0_SI2243,0.0
MHIT0_SI983,23.3
MHIT0_SX173,22.0
MHIT0_SX263,17.9
MHIT0_SX353,9.1
MHIT0_SX443,10.0
MHIT0_SX83,18.9
MHJB0_SI1017,11.1
MHJB0_SI1647,7.9
MHJB0_SI2277,10.7
MHJB0_SX117,12.9
MHJB0_SX207,8.7
MHJB0_SX27,0.0
MHJB0_SX297,3.2
MHJB0_SX387,12.5
MHMG0_SI1365,3.1
MHMG0_SI1995,5.0
MHMG0_SI735,10.5
MHMG0_SX105,9.4
MHMG0_SX15,3.1
MHMG0_SX195,20.0
MHMG0_SX285,9.4
MHMG0_SX375,15.0
MHMR0_SI1119,9.1
MHMR0_SI1692,17.5
MHMR0_SI489,0.0
MHMR0_SX129,7.4
MHMR0_SX219,2.3
MHMR0_SX309,22.0
MHMR0_SX39,17.1
MHMR0_SX399,7.4
MHRM0_SI1475,4.0
MHRM0_SI2218,7.9
MHRM0_SI958,15.9
MHRM0_SX148,8.1
MHRM0_SX238,15.4
MHRM0_SX328,17.0
MHRM0_SX418,26.3
MHRM0_SX58,2.0
MHXL0_SI1772,11.8
MHXL0_SI512,16.2
MHXL0_SI612,15.4
MHXL0_SX152,25.0
MHXL0_SX242,22.2
MHXL0_SX332,9.8
MHXL0_SX422,19.5
MHXL0_SX62,11.4
MILB0_SI2163,12.1
MILB0_SI807,16.7
MILB0_SI903,21.2
MILB0_SX183,3.7
MILB0_SX273,15.6
MILB0_SX3,7.1
MILB0_SX363,16.7
MILB0_SX93,4.0
MJAC0_SI1331,12.8
MJAC0_SI2148,0.0
MJAC0_SI701,12.9
MJAC0_SX251,17.3
MJAC0_SX307,10.0
MJAC0_SX341,7.5
MJAC0_SX431,10.5
MJAC0_SX71,10.3
MJAE0_SI1524,13.2
MJAE0_SI1999,0.0
MJAE0_SI2154,15.6
MJAE0_SX174,10.4
MJAE0_SX264,10.3
MJAE0_SX354,8.8
MJAE0_SX444,10.8
MJAE0_SX84,9.1
MJAI0_SI1604,3.3
MJAI0_SI682,12.3
MJAI0_SI710,13.6
MJAI0_SX164,29.5
MJAI0_SX254,19.0
MJAI0_SX344,16.7
MJAI0_SX434,3.6
MJAI0_SX74,5.9
MJBG0_SI1232,16.3
MJBG0_SI1724,0.0
MJBG0_SI1862,4.2
MJBG0_SX152,7.1
MJBG0_SX242,10.8
MJBG0_SX332,11.1
MJBG0_SX422,14.6
MJBG0_SX62,8.9
MJDA0_SI1031,25.0
MJDA0_SI1661,17.6
MJDA0_SI2291,16.2
MJDA0_SX131,14.7
MJDA0_SX221,22.0
MJDA0_SX311,18.2
MJDA0_SX401,20.0
MJDA0_SX41,17.0
MJDC0_SI1161,28.0
MJDC0_SI2165,6.3
MJDC0_SI531,20.3
MJDC0_SX171,14.3
MJDC0_SX261,13.6
MJDC0_SX351,25.6
MJDC0_SX441,5.9
MJDC0_SX81,10.3
MJDE0_SI1120,14.1
MJDE0_SI463,5.0
MJDE0_SI490,13.0
MJDE0_SX130,11.8
MJDE0_SX220,14.0
MJDE0_SX310,18.4
MJDE0_SX40,13.0
MJDE0_SX400,7.3
MJDG0_SI1042,5.6
MJDG0_SI1672,14.6
MJDG0_SI1705,7.4
MJDG0_SX142,8.7
MJDG0_SX232,15.2
MJDG0_SX322,6.3
MJDG0_SX412,2.3
MJDG0_SX52,4.3
MJDM0_SI1340,13.7
MJDM0_SI1937,7.1
MJDM0_SI974,11.8
MJDM0_SX170,17.0
MJDM0_SX260,11.9
MJDM0_SX350,21.6
MJDM0_SX440,16.7
MJDM0_SX80,13.3
MJEB0_SI1286,8.5
MJEB0_SI1916,11.1
MJEB0_SI656,10.0
MJEB0_SX170,18.2
MJEB0_SX206,19.5
MJEB0_SX26,8.0
MJEB0_SX296,6.5
MJEB0_SX386,9.7
MJEB1_SI1467,12.3
MJEB1_SI2097,12.1
MJEB1_SI837,20.3
MJEB1_SX117,13.3
MJEB1_SX207,16.7
MJEB1_SX27,0.0
MJEB1_SX297,9.7
MJEB1_SX387,16.2
MJEE0_SI1237,23.1
MJEE0_SI1867,21.6
MJEE0_SI607,5.6
MJEE0_SX157,12.5
MJEE0_SX247,6.8
MJEE0_SX337,17.5
MJEE0_SX427,7.1
MJEE0_SX67,25.0
MJFH0_SI1107,12.5
MJFH0_SI1737,20.0
MJFH0_SI477,17.5
MJFH0_SX117,10.0
MJFH0_SX207,0.0
MJFH0_SX27,0.0
MJFH0_SX297,13.3
MJFH0_SX387,27.0
MJFR0_SI1605,13.5
MJFR0_SI2235,3.0
MJFR0_SI975,10.0
MJFR0_SX165,12.5
MJFR0_SX255,2.8
MJFR0_SX345,3.3
MJFR0_SX435,11.5
MJFR0_SX75,3.0
MJHI0_SI1328,28.1
MJHI0_SI555,14.3
MJHI0_SI698,19.0
MJHI0_SX158,7.1
MJHI0_SX248,23.1
MJHI0_SX338,22.9
MJHI0_SX428,13.3
MJHI0_SX68,11.8
MJJB0_SI1139,17.2
MJJB0_SI1277,4.2
MJJB0_SI1769,21.9
MJJB0_SX149,17.0
MJJB0_SX239,5.6
MJJB0_SX329,18.0
MJJB0_SX419,8.1
MJJB0_SX59,7.7
MJJJ0_SI1163,29.7
MJJJ0_SI1793,5.9
MJJJ0_SI533,9.7
MJJJ0_SX173,22.9
MJJJ0_SX263,13.8
MJJJ0_SX353,9.7
MJJJ0_SX443,23.3
MJJJ0_SX83,10.8
MJJM0_SI1251,20.0
MJJM0_SI1457,22.0
MJJM0_SI827,18.9
MJJM0_SX107,13.9
MJJM0_SX17,0.0
MJJM0_SX197,12.5
MJJM0_SX287,10.5
MJJM0_SX377,7.3
MJKR0_SI1201,17.0
MJKR0_SI1831,11.1
MJKR0_SI571,11.1
MJKR0_SX121,17.1
MJKR0_SX211,8.8
MJKR0_SX301,2.6
MJKR0_SX31,11.5
MJKR0_SX391,10.0
MJLB0_SI1616,22.2
MJLB0_SI2246,11.1
MJLB0_SI986,9.1
MJLB0_SX176,6.8
MJLB0_SX266,9.7
MJLB0_SX356,6.1
MJLB0_SX446,5.1
MJLB0_SX86,19.4
MJLG1_SI1012,11.8
MJLG1_SI1642,7.1
MJLG1_SI2272,18.6
MJLG1_SX112,10.8
MJLG1_SX202,20.0
MJLG1_SX22,9.1
MJLG1_SX292,15.7
MJLG1_SX382,7.7
MJLS0_SI1096,12.5
MJLS0_SI1726,18.8
MJLS0_SI466,3.4
MJLS0_SX106,13.3
MJLS0_SX16,0.0
MJLS0_SX196,0.0
MJLS0_SX286,9.8
MJLS0_SX376,9.5
MJMA0_SI1495,21.1
MJMA0_SI2125,13.5
MJMA0_SI865,18.8
MJMA0_SX145,2.6
MJMA0_SX235,13.3
MJMA0_SX325,28.0
MJMA0_SX415,11.1
MJMA0_SX55,11.1
MJMD0_SI1028,3.8
MJMD0_SI1658,0.0
MJMD0_SI2288,17.5
MJMD0_SX128,16.7
MJMD0_SX218,16.7
MJMD0_SX308,11.8
MJMD0_SX38,9.3
MJMD0_SX398,20.9
MJMM0_SI1255,20.0
MJMM0_SI1885,7.4
MJMM0_SI625,14.7
MJMM0_SX175,20.0
MJMM0_SX265,16.2
MJMM0_SX355,12.1
MJMM0_SX445,14.7
MJMM0_SX85,8.8
MJPG0_SI1191,8.8
MJPG0_SI1821,17.2
MJPG0_SI561,22.0
MJPG0_SX111,14.8
MJPG0_SX201,8.6
MJPG0_SX21,25.0
MJPG0_SX291,3.4
MJPG0_SX381,12.9
MJPM0_SI1368,19.6
MJPM0_SI1998,14.6
MJPM0_SI738,14.3
MJPM0_SX108,8.3
MJPM0_SX18,3.0
MJPM0_SX198,3.4
MJPM0_SX288,16.3
MJPM0_SX378,15.8
MJPM1_SI1897,11.8
MJPM1_SI2280,4.5
MJPM1_SI761,18.4
MJPM1_SX131,25.0
MJPM1_SX221,26.2
MJPM1_SX311,22.4
MJPM1_SX401,16.7
MJPM1_SX41,25.5
MJRA0_SI1236,20.0
MJRA0_SI1866,14.7
MJRA0_SI606,6.7
MJRA0_SX156,6.4
MJRA0_SX246,10.7
MJRA0_SX336,11.1
MJRA0_SX426,2.7
MJRA0_SX66,10.8
MJRG0_SI1366,11.4
MJRG0_SI1996,0.0
MJRG0_SI736,20.7
MJRG0_SX106,6.7
MJRG0_SX16,19.0
MJRG0_SX286,16.0
MJRG0_SX352,16.7
MJRG0_SX376,12.2
MJRH0_SI1125,7.9
MJRH0_SI1755,20.0
MJRH0_SI1840,15.9
MJRH0_SX135,4.9
MJRH0_SX225,20.8
MJRH0_SX315,10.7
MJRH0_SX405,13.5
MJRH0_SX45,9.7
MJRH1_SI1558,18.2
MJRH1_SI1774,17.6
MJRH1_SI514,10.3
MJRH1_SX154,2.9
MJRH1_SX244,16.7
MJRH1_SX334,11.8
MJRH1_SX424,17.6
MJRH1_SX64,18.2
MJRK0_SI1662,10.0
MJRK0_SI2103,0.0
MJRK0_SI880,12.7
MJRK0_SX160,20.0
MJRK0_SX250,10.3
MJRK0_SX340,9.7
MJRK0_SX430,10.4
MJRK0_SX70,0.0
MJRP0_SI1835,7.1
MJRP0_SI1845,12.9
MJRP0_SI585,17.5
MJRP0_SX135,20.5
MJRP0_SX225,20.0
MJRP0_SX315,14.3
MJRP0_SX405,13.9
MJRP0_SX45,16.7
MJSR0_SI1424,20.5
MJSR0_SI2054,20.3
MJSR0_SI794,19.6
MJSR0_SX164,10.5
MJSR0_SX254,14.3
MJSR0_SX344,4.2
MJSR0_SX434,8.0
MJSR0_SX74,6.3
MJWG0_SI2155,14.3
MJWG0_SI813,32.7
MJWG0_SI895,27.7
MJWG0_SX175,17.9
MJWG0_SX265,9.1
MJWG0_SX355,9.7
MJWG0_SX445,12.1
MJWG0_SX85,9.1
MJWS0_SI1143,19.4
MJWS0_SI1773,12.1
MJWS0_SI513,5.3
MJWS0_SX153,13.2
MJWS0_SX243,12.2
MJWS0_SX333,20.0
MJWS0_SX423,16.7
MJWS0_SX63,15.8
MJWT0_SI1291,15.6
MJWT0_SI1381,11.1
MJWT0_SI751,18.2
MJWT0_SX121,7.7
MJWT0_SX211,11.8
MJWT0_SX301,13.2
MJWT0_SX31,7.4
MJWT0_SX391,0.0
MJXA0_SI1507,19.2
MJXA0_SI2137,9.5
MJXA0_SI877,23.5
MJXA0_SX157,13.8
MJXA0_SX247,10.6
MJXA0_SX337,10.8
MJXA0_SX427,15.4
MJXA0_SX67,4.9
MJXL0_SI1172,21.3
MJXL0_SI1795,11.8
MJXL0_SI542,12.9
MJXL0_SX182,13.0
MJXL0_SX272,3.8
MJXL0_SX362,9.5
MJXL0_SX452,20.5
MJXL0_SX92,17.1
MKAG0_SI1609,14.9
MKAG0_SI2239,12.0
MKAG0_SI979,17.7
MKAG0_SX169,9.8
MKAG0_SX259,9.8
MKAG0_SX30,4.0
MKAG0_SX439,15.2
MKAG0_SX79,4.7
MKAH0_SI1528,0.0
MKAH0_SI2158,14.7
MKAH0_SI898,11.8
MKAH0_SX178,18.0
MKAH0_SX268,16.3
MKAH0_SX358,3.4
MKAH0_SX448,0.0
MKAH0_SX88,0.0
MKAJ0_SI1414,6.7
MKAJ0_SI2044,8.7
MKAJ0_SI784,2.4
MKAJ0_SX154,3.2
MKAJ0_SX244,12.8
MKAJ0_SX334,10.3
MKAJ0_SX424,17.6
MKAJ0_SX64,11.1
MKAM0_SI1250,16.4
MKAM0_SI1316,5.4
MKAM0_SI1465,6.9
MKAM0_SX146,8.6
MKAM0_SX236,9.7
MKAM0_SX326,10.3
MKAM0_SX416,3.7
MKAM0_SX56,7.3
MKDB0_SI2132,18.4
MKDB0_SI588,6.9
MKDB0_SI872,18.4
MKDB0_SX152,4.9
MKDB0_SX242,8.1
MKDB0_SX332,14.0
MKDB0_SX422,2.4
MKDB0_SX62,8.9
MKDD0_SI1567,8.0
MKDD0_SI2197,10.5
MKDD0_SI937,5.0
MKDD0_SX127,4.3
MKDD0_SX217,16.7
MKDD0_SX307,4.8
MKDD0_SX37,10.5
MKDD0_SX397,5.9
MKDT0_SI2153,12.9
MKDT0_SI814,13.6
MKDT0_SI893,2.9
MKDT0_SX173,10.0
MKDT0_SX263,7.1
MKDT0_SX353,18.8
MKDT0_SX443,17.2
MKDT0_SX83,8.6
MKES0_SI1253,7.1
MKES0_SI1883,12.8
MKES0_SI623,11.1
MKES0_SX173,10.4
MKES0_SX263,3.4
MKES0_SX353,15.2
MKES0_SX443,0.0
MKES0_SX83,5.3
MKJO0_SI1517,14.3
MKJO0_SI2147,12.1
MKJO0_SI887,16.7
MKJO0_SX167,25.5
MKJO0_SX257,7.7
MKJO0_SX424,17.1
MKJO0_SX437,16.3
MKJO0_SX77,14.3
MKLN0_SI1598,22.9
MKLN0_SI2228,16.7
MKLN0_SI968,22.9
MKLN0_SX158,20.0
MKLN0_SX248,0.0
MKLN0_SX338,11.1
MKLN0_SX428,8.9
MKLN0_SX68,21.2
MKLR0_SI1059,14.0
MKLR0_SI1689,3.8
MKLR0_SI2319,14.8
MKLR0_SX159,13.9
MKLR0_SX249,3.8
MKLR0_SX339,22.6
MKLR0_SX429,22.9
MKLR0_SX69,9.4
MKLS0_SI1437,16.4
MKLS0_SI1533,0.0
MKLS0_SI2067,7.5
MKLS0_SX177,4.0
MKLS0_SX267,12.8
MKLS0_SX357,22.5
MKLS0_SX447,0.0
MKLS0_SX87,2.9
MKLS1_SI1545,25.8
MKLS1_SI2175,17.4
MKLS1_SI915,15.5
MKLS1_SX105,9.7
MKLS1_SX15,2.9
MKLS1_SX195,8.0
MKLS1_SX285,0.0
MKLS1_SX375,2.4
MKLW0_SI1571,12.7
MKLW0_SI1844,18.8
MKLW0_SI2201,5.0
MKLW0_SX131,15.2
MKLW0_SX221,9.1
MKLW0_SX311,15.3
MKLW0_SX401,11.9
MKLW0_SX41,9.4
MKRG0_SI1491,10.9
MKRG0_SI2121,16.4
MKRG0_SI861,11.1
MKRG0_SX141,14.3
MKRG0_SX231,9.1
MKRG0_SX31,11.5
MKRG0_SX411,10.3
MKRG0_SX51,7.1
MKXL0_SI1185,8.8
MKXL0_SI1815,19.0
MKXL0_SI1958,13.3
MKXL0_SX105,12.9
MKXL0_SX15,9.4
MKXL0_SX195,13.0
MKXL0_SX285,9.7
MKXL0_SX375,7.7
MLBC0_SI1239,20.7
MLBC0_SI1869,18.2
MLBC0_SI609,13.1
MLBC0_SX159,10.8
MLBC0_SX249,7.7
MLBC0_SX339,11.8
MLBC0_SX429,7.5
MLBC0_SX69,2.9
MLEL0_SI1246,13.9
MLEL0_SI1876,0.0
MLEL0_SI616,12.9
MLEL0_SX166,13.6
MLEL0_SX256,0.0
MLEL0_SX346,10.2
MLEL0_SX436,8.7
MLEL0_SX76,5.3
MLJC0_SI1225,20.3
MLJC0_SI1855,26.3
MLJC0_SI595,13.5
MLJC0_SX145,17.9
MLJC0_SX235,31.0
MLJC0_SX325,14.8
MLJC0_SX415,5.4
MLJC0_SX55,13.6
MLJH0_SI1324,8.0
MLJH0_SI1422,11.9
MLJH0_SI694,16.2
MLJH0_SX154,5.6
MLJH0_SX244,24.4
MLJH0_SX334,18.2
MLJH0_SX424,11.4
MLJH0_SX64,8.3
MLNS0_SI1407,28.6
MLNS0_SI2037,25.5
MLNS0_SI777,17.6
MLNS0_SX147,7.5
MLNS0_SX237,5.3
MLNS0_SX327,18.6
MLNS0_SX417,17.9
MLNS0_SX57,9.7
MLSH0_SI1417,14.5
MLSH0_SI2047,22.6
MLSH0_SI787,3.3
MLSH0_SX157,14.3
MLSH0_SX247,13.0
MLSH0_SX337,2.5
MLSH0_SX427,17.9
MLSH0_SX67,7.1
MMAA0_SI1588,13.7
MMAA0_SI2105,12.0
MMAA0_SI845,21.2
MMAA0_SX125,3.4
MMAA0_SX215,13.5
MMAA0_SX305,17.9
MMAA0_SX35,6.7
MMAA0_SX395,10.3
MMAB1_SI1494,22.2
MMAB1_SI2124,4.0
MMAB1_SI864,14.8
MMAB1_SX144,15.2
MMAB1_SX234,12.1
MMAB1_SX324,9.2
MMAB1_SX414,4.9
MMAB1_SX54,11.1
MMAG0_SI1126,9.1
MMAG0_SI1756,14.0
MMAG0_SI496,19.4
MMAG0_SX136,9.3
MMAG0_SX226,11.9
MMAG0_SX316,6.9
MMAG0_SX406,12.0
MMAG0_SX46,9.4
MMAM0_SI1597,20.4
MMAM0_SI1668,32.0
MMAM0_SI2227,35.7
MMAM0_SX157,9.7
MMAM0_SX247,10.9
MMAM0_SX337,10.3
MMAM0_SX427,3.8
MMAM0_SX67,15.8
MMAR0_SI1336,11.9
MMAR0_SI1966,18.2
MMAR0_SI706,17.6
MMAR0_SX166,8.3
MMAR0_SX256,0.0
MMAR0_SX346,14.6
MMAR0_SX436,20.8
MMAR0_SX76,10.3
MMBS0_SI1151,7.4
MMBS0_SI1781,6.7
MMBS0_SI521,27.1
MMBS0_SX161,13.5
MMBS0_SX251,22.2
MMBS0_SX341,9.1
MMBS0_SX431,22.2
MMBS0_SX71,19.4
MMCC0_SI1338,16.1
MMCC0_SI1968,11.1
MMCC0_SI708,10.8
MMCC0_SX168,8.3
MMCC0_SX258,3.0
MMCC0_SX348,11.9
MMCC0_SX438,14.0
MMCC0_SX78,13.8
MMDB0_SI1358,13.3
MMDB0_SI1617,9.1
MMDB0_SI987,14.3
MMDB0_SX177,7.7
MMDB0_SX267,8.3
MMDB0_SX357,5.4
MMDB0_SX447,7.7
MMDB0_SX87,8.8
MMDG0_SI1780,15.2
MMDG0_SI2035,8.7
MMDG0_SI520,2.7
MMDG0_SX160,10.9
MMDG0_SX250,4.9
MMDG0_SX340,15.2
MMDG0_SX430,20.8
MMDG0_SX70,9.1
MMDM0_SI1311,12.5
MMDM0_SI1941,19.0
MMDM0_SI681,3.2
MMDM0_SX141,4.3
MMDM0_SX231,18.2
MMDM0_SX321,27.3
MMDM0_SX411,12.8
MMDM0_SX51,2.3
MMDM1_SI1650,5.9
MMDM1_SI2043,10.5
MMDM1_SI783,8.3
MMDM1_SX153,9.8
MMDM1_SX243,5.0
MMDM1_SX333,8.2
MMDM1_SX423,21.3
MMDM1_SX63,11.4
MMDS0_SI1343,17.0
MMDS0_SI1973,16.7
MMDS0_SI713,21.9
MMDS0_SX173,16.7
MMDS0_SX263,18.5
MMDS0_SX353,3.2
MMDS0_SX443,10.0
MMDS0_SX83,17.1
MMEA0_SI1388,22.0
MMEA0_SI2018,0.0
MMEA0_SI758,27.4
MMEA0_SX128,14.3
MMEA0_SX218,10.5
MMEA0_SX308,15.6
MMEA0_SX38,10.0
MMEA0_SX398,7.3
MMEB0_SI1357,11.1
MMEB0_SI1987,24.1
MMEB0_SI727,3.8
MMEB0_SX187,9.5
MMEB0_SX327,25.0
MMEB0_SX367,17.6
MMEB0_SX7,7.7
MMEB0_SX97,10.7
MMGC0_SI1305,18.6
MMGC0_SI1935,16.2
MMGC0_SI2184,4.3
MMGC0_SX135,9.1
MMGC0_SX225,22.2
MMGC0_SX315,13.8
MMGC0_SX405,10.3
MMGC0_SX45,6.1
MMGG0_SI1079,16.7
MMGG0_SI1709,11.5
MMGG0_SI2339,24.2
MMGG0_SX179,15.8
MMGG0_SX269,3.6
MMGG0_SX359,2.2
MMGG0_SX449,10.2
MMGG0_SX89,7.9
MMGK0_SI1322,22.0
MMGK0_SI1952,0.0
MMGK0_SI692,8.0
MMGK0_SX152,10.8
MMGK0_SX242,20.0
MMGK0_SX332,20.0
MMGK0_SX422,12.8
MMGK0_SX62,12.8
MMJB1_SI1408,7.3
MMJB1_SI2038,10.5
MMJB1_SI778,6.7
MMJB1_SX148,13.5
MMJB1_SX238,11.1
MMJB1_SX328,10.4
MMJB1_SX418,5.1
MMJB1_SX58,3.8
MMLM0_SI1527,0.0
MMLM0_SI2150,26.8
MMLM0_SI897,9.7
MMLM0_SX177,4.0
MMLM0_SX267,14.3
MMLM0_SX357,14.6
MMLM0_SX447,7.4
MMLM0_SX87,5.7
MMPM0_SI1061,14.3
MMPM0_SI1691,8.8
MMPM0_SI2321,9.1
MMPM0_SX161,9.8
MMPM0_SX251,7.5
MMPM0_SX341,15.0
MMPM0_SX431,13.5
MMPM0_SX71,6.5
MMRP0_SI2034,10.0
MMRP0_SI717,9.5
MMRP0_SI774,8.6
MMRP0_SX144,6.9
MMRP0_SX234,5.9
MMRP0_SX324,9.4
MMRP0_SX414,7.1
MMRP0_SX54,22.9
MMSM0_SI1106,17.2
MMSM0_SI1736,6.7
MMSM0_SI476,19.2
MMSM0_SX116,7.4
MMSM0_SX206,7.1
MMSM0_SX26,11.1
MMSM0_SX296,0.0
MMSM0_SX386,6.7
MMVP0_SI1284,3.4
MMVP0_SI1914,22.2
MMVP0_SI654,14.5
MMVP0_SX114,8.1
MMVP0_SX204,12.1
MMVP0_SX294,0.0
MMVP0_SX347,16.7
MMVP0_SX384,14.8
MMWB0_SI1619,22.7
MMWB0_SI2249,11.7
MMWB0_SI989,13.2
MMWB0_SX179,12.8
MMWB0_SX269,14.3
MMWB0_SX359,8.7
MMWB0_SX449,7.8
MMWB0_SX89,23.1
MMWS0_SI1518,14.7
MMWS0_SI559,15.0
MMWS0_SI888,10.8
MMWS0_SX168,14.8
MMWS0_SX258,11.8
MMWS0_SX348,15.6
MMWS0_SX438,12.5
MMWS0_SX78,12.1
MMWS1_SI1071,17.0
MMWS1_SI1701,17.1
MMWS1_SI2331,15.6
MMWS1_SX261,20.8
MMWS1_SX27,4.0
MMWS1_SX351,14.9
MMWS1_SX441,11.1
MMWS1_SX81,6.1
MMXS0_SI2136,8.8
MMXS0_SI629,13.6
MMXS0_SI876,14.8
MMXS0_SX156,11.4
MMXS0_SX246,10.0
MMXS0_SX336,11.1
MMXS0_SX426,13.5
MMXS0_SX66,5.4
MNET0_SI1446,17.0
MNET0_SI2076,17.4
MNET0_SI816,13.2
MNET0_SX186,6.9
MNET0_SX276,9.4
MNET0_SX366,5.9
MNET0_SX6,8.3
MNET0_SX96,8.3
MNTW0_SI1068,6.8
MNTW0_SI1698,13.0
MNTW0_SI2328,21.4
MNTW0_SX168,11.1
MNTW0_SX202,16.0
MNTW0_SX258,16.2
MNTW0_SX348,18.2
MNTW0_SX78,9.4
MPAR0_SI1576,17.6
MPAR0_SI2206,24.5
MPAR0_SI946,8.8
MPAR0_SX136,17.5
MPAR0_SX226,12.2
MPAR0_SX316,9.7
MPAR0_SX406,13.3
MPAR0_SX46,11.1
MPEB0_SI1034,5.3
MPEB0_SI1860,9.1
MPEB0_SI600,25.5
MPEB0_SX150,6.5
MPEB0_SX240,12.5
MPEB0_SX330,21.1
MPEB0_SX420,11.1
MPEB0_SX60,13.2
MPFU0_SI1258,11.9
MPFU0_SI1888,0.0
MPFU0_SI628,12.1
MPFU0_SX178,15.7
MPFU0_SX268,11.6
MPFU0_SX358,19.4
MPFU0_SX448,21.9
MPFU0_SX88,18.4
MPGH0_SI1554,15.4
MPGH0_SI675,18.3
MPGH0_SI924,18.2
MPGH0_SX114,3.0
MPGH0_SX204,0.0
MPGH0_SX24,23.8
MPGH0_SX294,10.7
MPGH0_SX384,15.0
MPGR0_SI1410,14.8
MPGR0_SI2040,4.8
MPGR0_SI780,16.0
MPGR0_SX150,26.7
MPGR0_SX240,14.6
MPGR0_SX330,21.6
MPGR0_SX420,15.6
MPGR0_SX60,14.0
MPGR1_SI1269,20.0
MPGR1_SI1499,15.8
MPGR1_SI2129,2.6
MPGR1_SX149,13.0
MPGR1_SX239,17.1
MPGR1_SX329,9.6
MPGR1_SX419,16.7
MPGR1_SX59,12.0
MPMB0_SI1501,27.5
MPMB0_SI2131,13.9
MPMB0_SI871,21.1
MPMB0_SX151,16.3
MPMB0_SX241,3.0
MPMB0_SX331,29.4
MPMB0_SX421,16.2
MPMB0_SX61,8.3
MPPC0_SI1412,14.1
MPPC0_SI2042,4.5
MPPC0_SI782,4.5
MPPC0_SX152,12.5
MPPC0_SX242,11.1
MPPC0_SX332,4.8
MPPC0_SX422,7.5
MPPC0_SX62,2.3
MPRB0_SI1205,9.7
MPRB0_SI1215,28.3
MPRB0_SI575,21.8
MPRB0_SX125,11.5
MPRB0_SX215,10.0
MPRB0_SX305,16.7
MPRB0_SX35,10.0
MPRB0_SX395,17.1
MPRD0_SI1431,6.3
MPRD0_SI2061,6.3
MPRD0_SI801,15.1
MPRD0_SX171,3.7
MPRD0_SX261,12.5
MPRD0_SX351,16.3
MPRD0_SX441,13.2
MPRD0_SX81,14.3
MPRK0_SI1097,13.6
MPRK0_SI1727,15.0
MPRK0_SI467,4.7
MPRK0_SX107,2.8
MPRK0_SX17,14.3
MPRK0_SX197,12.5
MPRK0_SX287,7.5
MPRK0_SX377,14.3
MPRT0_SI1210,18.9
MPRT0_SI495,14.3
MPRT0_SI580,12.5
MPRT0_SX130,19.4
MPRT0_SX220,17.0
MPRT0_SX310,14.7
MPRT0_SX40,11.1
MPRT0_SX400,12.1
MPSW0_SI1067,14.7
MPSW0_SI1697,19.5
MPSW0_SI2327,31.0
MPSW0_SX167,23.9
MPSW0_SX24,19.0
MPSW0_SX257,27.3
MPSW0_SX437,14.3
MPSW0_SX77,2.8
MRAB0_SI1224,14.8
MRAB0_SI1854,15.7
MRAB0_SI594,0.0
MRAB0_SX144,13.3
MRAB0_SX234,12.5
MRAB0_SX324,11.1
MRAB0_SX414,9.8
MRAB0_SX54,6.7
MRAB1_SI1478,10.3
MRAB1_SI2108,8.3
MRAB1_SI848,16.9
MRAB1_SX128,3.7
MRAB1_SX218,9.5
MRAB1_SX308,17.6
MRAB1_SX38,9.5
MRAB1_SX398,16.3
MRAI0_SI1954,0.0
MRAI0_SI2052,10.5
MRAI0_SI792,13.2
MRAI0_SX162,12.5
MRAI0_SX252,6.1
MRAI0_SX342,13.2
MRAI0_SX432,12.0
MRAI0_SX72,3.8
MRAM0_SI1275,5.7
MRAM0_SI1905,12.1
MRAM0_SI1951,18.3
MRAM0_SX105,6.5
MRAM0_SX15,5.7
MRAM0_SX195,4.2
MRAM0_SX285,5.9
MRAM0_SX375,7.7
MRAV0_SI1008,5.0
MRAV0_SI1638,10.4
MRAV0_SI2268,22.8
MRAV0_SX108,8.1
MRAV0_SX18,3.2
MRAV0_SX198,3.2
MRAV0_SX288,14.0
MRAV0_SX378,28.2
MRBC0_SI1665,24.0
MRBC0_SI1859,20.0
MRBC0_SI599,12.8
MRBC0_SX149,13.0
MRBC0_SX239,21.6
MRBC0_SX329,13.7
MRBC0_SX419,13.2
MRBC0_SX59,4.0
MRCG0_SI1428,17.7
MRCG0_SI2058,10.5
MRCG0_SI798,17.9
MRCG0_SX168,7.4
MRCG0_SX258,8.1
MRCG0_SX348,8.9
MRCG0_SX438,16.3
MRCG0_SX78,16.1
MRCW0_SI1371,28.6
MRCW0_SI2001,4.9
MRCW0_SI741,8.2
MRCW0_SX111,13.8
MRCW0_SX201,5.7
MRCW0_SX21,20.0
MRCW0_SX291,18.8
MRCW0_SX381,6.9
MRDD0_SI1050,18.2
MRDD0_SI1680,11.1
MRDD0_SI2310,7.4
MRDD0_SX150,9.7
MRDD0_SX240,5.0
MRDD0_SX277,3.6
MRDD0_SX330,20.0
MRDD0_SX60,5.7
MRDM0_SI1044,17.2
MRDM0_SI1595,6.7
MRDM0_SI965,15.2
MRDM0_SX155,13.6
MRDM0_SX245,10.7
MRDM0_SX335,7.3
MRDM0_SX425,11.1
MRDM0_SX65,6.5
MRDS0_SI1167,30.8
MRDS0_SI1797,25.5
MRDS0_SI537,25.4
MRDS0_SX177,12.0
MRDS0_SX267,8.1
MRDS0_SX357,23.7
MRDS0_SX447,14.3
MRDS0_SX87,12.1
MREE0_SI1104,16.4
MREE0_SI1734,11.8
MREE0_SI1959,23.7
MREE0_SX114,0.0
MREE0_SX204,6.1
MREE0_SX24,13.0
MREE0_SX294,10.3
MREE0_SX384,8.0
MREH1_SI1599,13.5
MREH1_SI2229,0.0
MREH1_SI969,15.9
MREH1_SX159,18.4
MREH1_SX249,8.0
MREH1_SX339,12.9
MREH1_SX429,7.1
MREH1_SX69,2.8
MREM0_SI1591,2.9
MREM0_SI511,14.3
MREM0_SI961,2.9
MREM0_SX151,13.3
MREM0_SX241,3.0
MREM0_SX331,11.8
MREM0_SX421,8.3
MREM0_SX61,2.6
MREW1_SI1500,19.4
MREW1_SI2130,6.7
MREW1_SI870,15.2
MREW1_SX150,6.5
MREW1_SX240,2.5
MREW1_SX330,10.8
MREW1_SX420,15.2
MREW1_SX60,9.8
MRFK0_SI1076,12.5
MRFK0_SI1706,17.4
MRFK0_SI2336,16.7
MRFK0_SX176,15.4
MRFK0_SX266,10.3
MRFK0_SX356,5.6
MRFK0_SX446,4.7
MRFK0_SX86,15.6
MRFL0_SI1156,12.3
MRFL0_SI1786,10.0
MRFL0_SI526,14.5
MRFL0_SX166,16.1
MRFL0_SX256,9.4
MRFL0_SX346,6.5
MRFL0_SX436,4.3
MRFL0_SX76,15.0
MRGM0_SI1162,20.5
MRGM0_SI1792,36.8
MRGM0_SI532,32.1
MRGM0_SX172,24.4
MRGM0_SX262,26.7
MRGM0_SX416,26.9
MRGM0_SX442,25.0
MRGM0_SX82,20.6
MRGS0_SI1356,22.4
MRGS0_SI1986,6.7
MRGS0_SI726,12.1
MRGS0_SX186,14.8
MRGS0_SX276,6.1
MRGS0_SX366,9.8
MRGS0_SX6,12.0
MRGS0_SX96,13.9
MRHL0_SI1515,0.0
MRHL0_SI2145,17.2
MRHL0_SI885,17.1
MRHL0_SX165,18.6
MRHL0_SX255,11.8
MRHL0_SX345,7.1
MRHL0_SX435,20.4
MRHL0_SX75,6.7
MRJB1_SI1020,13.5
MRJB1_SI1413,20.0
MRJB1_SI2021,13.0
MRJB1_SX120,15.4
MRJB1_SX210,0.0
MRJB1_SX30,3.8
MRJB1_SX300,10.3
MRJB1_SX390,0.0
MRJH0_SI1519,11.8
MRJH0_SI889,7.5
MRJH0_SI914,5.0
MRJH0_SX169,9.3
MRJH0_SX259,10.0
MRJH0_SX307,5.0
MRJH0_SX439,14.9
MRJH0_SX79,14.6
MRJM0_SI1095,4.0
MRJM0_SI1228,8.3
MRJM0_SI1858,17.4
MRJM0_SX148,10.8
MRJM0_SX238,10.5
MRJM0_SX328,8.5
MRJM0_SX418,10.0
MRJM0_SX58,12.7
MRJM1_SI1298,19.4
MRJM1_SI1928,13.9
MRJM1_SI668,3.0
MRJM1_SX128,22.2
MRJM1_SX218,2.5
MRJM1_SX308,19.4
MRJM1_SX38,11.9
MRJM1_SX398,20.9
MRJT0_SI1498,0.0
MRJT0_SI1805,6.7
MRJT0_SI868,11.3
MRJT0_SX148,10.8
MRJT0_SX238,17.1
MRJT0_SX328,12.8
MRJT0_SX418,15.0
MRJT0_SX58,5.5
MRKM0_SI1267,36.8
MRKM0_SI1391,25.4
MRKM0_SI637,36.4
MRKM0_SX187,28.6
MRKM0_SX277,11.1
MRKM0_SX367,20.6
MRKM0_SX7,29.6
MRKM0_SX97,21.9
MRLD0_SI1594,14.7
MRLD0_SI2224,3.8
MRLD0_SI964,19.3
MRLD0_SX154,0.0
MRLD0_SX244,11.9
MRLD0_SX334,13.8
MRLD0_SX424,13.9
MRLD0_SX64,14.7
MRLJ0_SI1420,13.5
MRLJ0_SI2050,26.3
MRLJ0_SI790,23.3
MRLJ0_SX160,14.3
MRLJ0_SX250,8.1
MRLJ0_SX340,3.4
MRLJ0_SX430,19.6
MRLJ0_SX70,0.0
MRLJ1_SI1671,9.1
MRLJ1_SI2301,11.7
MRLJ1_SI2332,22.2
MRLJ1_SX141,6.1
MRLJ1_SX231,0.0
MRLJ1_SX321,16.7
MRLJ1_SX411,10.0
MRLJ1_SX51,9.8
MRLK0_SI1468,14.8
MRLK0_SI2140,10.7
MRLK0_SI843,20.0
MRLK0_SX123,28.6
MRLK0_SX213,16.1
MRLK0_SX303,3.6
MRLK0_SX33,19.4
MRLK0_SX393,9.7
MRLR0_SI1196,13.6
MRLR0_SI1826,8.6
MRLR0_SI566,7.7
MRLR0_SX116,6.9
MRLR0_SX206,12.5
MRLR0_SX26,7.7
MRLR0_SX296,5.9
MRLR0_SX386,10.7
MRMB0_SI1581,8.1
MRMB0_SI2211,18.2
MRMB0_SI951,5.6
MRMB0_SX141,6.3
MRMB0_SX231,16.7
MRMB0_SX321,17.8
MRMB0_SX411,7.7
MRMB0_SX51,4.9
MRMG0_SI1080,11.8
MRMG0_SI1710,3.2
MRMG0_SI2340,8.5
MRMG0_SX180,5.6
MRMG0_SX270,9.4
MRMG0_SX360,9.4
MRMG0_SX450,8.3
MRMG0_SX90,12.0
MRMH0_SI1021,17.3
MRMH0_SI1349,15.5
MRMH0_SI2281,8.6
MRMH0_SX121,5.1
MRMH0_SX211,12.1
MRMH0_SX301,5.4
MRMH0_SX31,3.7
MRMH0_SX391,5.3
MRML0_SI1421,30.0
MRML0_SI2051,29.4
MRML0_SI791,9.1
MRML0_SX161,19.2
MRML0_SX251,12.5
MRML0_SX341,19.0
MRML0_SX431,5.7
MRML0_SX71,6.9
MRMS0_SI1113,19.0
MRMS0_SI2057,11.7
MRMS0_SI2100,3.6
MRMS0_SX120,14.3
MRMS0_SX210,0.0
MRMS0_SX30,4.0
MRMS0_SX300,11.1
MRMS0_SX390,13.2
MRPC1_SI1482,16.7
MRPC1_SI2026,4.5
MRPC1_SI2112,11.8
MRPC1_SX132,12.1
MRPC1_SX222,12.5
MRPC1_SX312,9.3
MRPC1_SX402,9.4
MRPC1_SX42,10.0
MRRE0_SI1334,11.8
MRRE0_SI704,2.9
MRRE0_SI952,19.0
MRRE0_SX164,8.9
MRRE0_SX254,8.7
MRRE0_SX344,4.0
MRRE0_SX434,10.7
MRRE0_SX74,0.0
MRSO0_SI1206,16.4
MRSO0_SI1659,13.9
MRSO0_SI2289,9.7
MRSO0_SX129,24.1
MRSO0_SX219,6.8
MRSO0_SX309,22.0
MRSO0_SX39,14.6
MRSO0_SX399,12.9
MRSP0_SI1429,4.8
MRSP0_SI2059,20.0
MRSP0_SI799,15.6
MRSP0_SX169,14.3
MRSP0_SX196,5.0
MRSP0_SX259,10.5
MRSP0_SX439,4.3
MRSP0_SX79,15.0
MRTC0_SI1458,12.3
MRTC0_SI2088,7.1
MRTC0_SI828,8.1
MRTC0_SX108,12.8
MRTC0_SX18,0.0
MRTC0_SX198,10.0
MRTC0_SX288,9.3
MRTC0_SX378,7.7
MRTJ0_SI1551,14.3
MRTJ0_SI2032,12.5
MRTJ0_SI772,16.7
MRTJ0_SX142,18.2
MRTJ0_SX232,17.8
MRTJ0_SX322,9.1
MRTJ0_SX412,2.3
MRTJ0_SX52,12.8
MRVG0_SI1140,9.4
MRVG0_SI1770,6.5
MRVG0_SI510,5.3
MRVG0_SX150,13.8
MRVG0_SX240,27.0
MRVG0_SX330,16.7
MRVG0_SX420,14.9
MRVG0_SX60,10.0
MRWA0_SI1603,5.7
MRWA0_SI2233,7.0
MRWA0_SI973,2.9
MRWA0_SX163,5.3
MRWA0_SX253,8.0
MRWA0_SX343,7.0
MRWA0_SX433,7.1
MRWA0_SX73,10.8
MRWS0_SI1102,14.3
MRWS0_SI1732,4.5
MRWS0_SI472,15.9
MRWS0_SX112,17.6
MRWS0_SX202,0.0
MRWS0_SX22,9.5
MRWS0_SX292,12.5
MRWS0_SX382,15.0
MRXB0_SI1585,16.7
MRXB0_SI2215,14.8
MRXB0_SI955,14.5
MRXB0_SX145,5.1
MRXB0_SX235,17.2
MRXB0_SX325,14.3
MRXB0_SX415,0.0
MRXB0_SX55,9.3
MSAH1_SI1049,5.9
MSAH1_SI1679,20.0
MSAH1_SI2309,12.5
MSAH1_SX149,2.1
MSAH1_SX239,8.3
MSAH1_SX329,18.5
MSAH1_SX419,10.8
MSAH1_SX59,8.3
MSAS0_SI1376,13.4
MSAS0_SI2006,30.3
MSAS0_SI746,17.5
MSAS0_SX116,15.4
MSAS0_SX206,2.4
MSAS0_SX26,3.8
MSAS0_SX296,12.1
MSAS0_SX386,20.7
MSAT0_SI1526,10.3
MSAT0_SI2156,11.1
MSAT0_SI896,28.6
MSAT0_SX176,16.3
MSAT0_SX266,0.0
MSAT0_SX356,5.7
MSAT0_SX446,24.4
MSAT0_SX86,9.7
MSAT1_SI1073,11.8
MSAT1_SI1703,3.0
MSAT1_SI2333,17.6
MSAT1_SX173,14.0
MSAT1_SX263,17.9
MSAT1_SX353,13.3
MSAT1_SX443,10.7
MSAT1_SX83,8.3
MSDB0_SI1007,20.7
MSDB0_SI1637,25.8
MSDB0_SI2267,18.2
MSDB0_SX107,11.1
MSDB0_SX17,5.0
MSDB0_SX197,16.0
MSDB0_SX287,14.7
MSDB0_SX377,12.8
MSDH0_SI2113,0.0
MSDH0_SI2240,0.0
MSDH0_SI980,7.7
MSDH0_SX170,13.5
MSDH0_SX260,12.2
MSDH0_SX350,16.3
MSDH0_SX440,8.2
MSDH0_SX80,14.3
MSDS0_SI1077,16.7
MSDS0_SI1707,13.9
MSDS0_SI2337,27.3
MSDS0_SX177,11.5
MSDS0_SX267,15.4
MSDS0_SX357,4.9
MSDS0_SX447,8.0
MSDS0_SX87,14.7
MSEM1_SI1440,5.7
MSEM1_SI2070,12.9
MSEM1_SI810,10.9
MSEM1_SX180,5.6
MSEM1_SX270,6.5
MSEM1_SX360,6.5
MSEM1_SX450,10.9
MSEM1_SX90,11.5
MSES0_SI1589,8.9
MSES0_SI2216,8.3
MSES0_SI2219,10.0
MSES0_SX149,8.9
MSES0_SX239,11.4
MSES0_SX329,23.1
MSES0_SX419,18.9
MSES0_SX59,12.5
MSFH0_SI1216,4.0
MSFH0_SI1738,13.5
MSFH0_SI586,12.5
MSFH0_SX136,17.6
MSFH0_SX226,7.1
MSFH0_SX316,7.1
MSFH0_SX406,8.5
MSFH0_SX46,9.7
MSFV0_SI1262,4.8
MSFV0_SI1892,23.3
MSFV0_SI632,17.7
MSFV0_SX182,8.7
MSFV0_SX272,7.4
MSFV0_SX362,20.9
MSFV0_SX452,4.3
MSFV0_SX92,20.0
MSJK0_SI1596,6.7
MSJK0_SI2226,15.4
MSJK0_SI966,12.9
MSJK0_SX156,15.9
MSJK0_SX246,6.5
MSJK0_SX336,23.6
MSJK0_SX426,7.9
MSJK0_SX66,11.1
MSMC0_SI1907,15.6
MSMC0_SI509,9.8
MSMC0_SI647,11.1
MSMC0_SX107,8.3
MSMC0_SX17,15.0
MSMC0_SX197,12.5
MSMC0_SX287,13.2
MSMC0_SX377,7.3
MSMR0_SI1150,12.7
MSMR0_SI1405,6.3
MSMR0_SI775,9.1
MSMR0_SX145,13.5
MSMR0_SX235,0.0
MSMR0_SX325,12.0
MSMR0_SX415,21.2
MSMR0_SX55,14.6
MSMS0_SI1433,18.5
MSMS0_SI2063,9.4
MSMS0_SI803,22.2
MSMS0_SX173,10.6
MSMS0_SX263,14.3
MSMS0_SX353,12.9
MSMS0_SX443,17.2
MSMS0_SX83,15.2
MSRG0_SI1221,17.2
MSRG0_SI1851,0.0
MSRG0_SI591,16.1
MSRG0_SX141,18.4
MSRG0_SX231,0.0
MSRG0_SX321,18.4
MSRG0_SX411,15.0
MSRG0_SX51,9.8
MSRR0_SI1131,5.9
MSRR0_SI1761,15.1
MSRR0_SI501,27.9
MSRR0_SX141,10.0
MSRR0_SX231,9.1
MSRR0_SX30,0.0
MSRR0_SX411,12.8
MSRR0_SX51,4.5
MSTF0_SI1396,8.6
MSTF0_SI766,15.0
MSTF0_SI852,23.4
MSTF0_SX136,26.9
MSTF0_SX226,5.0
MSTF0_SX316,10.3
MSTF0_SX406,12.5
MSTF0_SX46,6.3
MSVS0_SI1568,6.9
MSVS0_SI2198,15.8
MSVS0_SI938,16.9
MSVS0_SX128,14.3
MSVS0_SX218,9.5
MSVS0_SX308,5.9
MSVS0_SX38,11.9
MSVS0_SX398,8.9
MTAB0_SI1572,16.7
MTAB0_SI2202,0.0
MTAB0_SI942,7.3
MTAB0_SX132,22.2
MTAB0_SX222,7.5
MTAB0_SX312,8.6
MTAB0_SX402,2.9
MTAB0_SX42,0.0
MTAS0_SI1385,10.7
MTAS0_SI2015,3.8
MTAS0_SI755,18.9
MTAS0_SX125,10.7
MTAS0_SX215,14.7
MTAS0_SX305,14.3
MTAS0_SX35,10.3
MTAS0_SX395,22.9
MTAT0_SI1110,8.2
MTAT0_SI1740,10.3
MTAT0_SI811,10.5
MTAT0_SX120,22.2
MTAT0_SX210,4.0
MTAT0_SX30,8.0
MTAT0_SX300,7.4
MTAT0_SX390,5.4
MTAT1_SI1409,3.0
MTAT1_SI1627,10.5
MTAT1_SI779,7.5
MTAT1_SX149,12.0
MTAT1_SX239,8.1
MTAT1_SX329,20.4
MTAT1_SX419,2.7
MTAT1_SX59,0.0
MTBC0_SI1173,6.7
MTBC0_SI1803,17.6
MTBC0_SI543,20.6
MTBC0_SX183,16.1
MTBC0_SX273,12.9
MTBC0_SX347,18.3
MTBC0_SX363,14.0
MTBC0_SX93,8.0
MTCS0_SI1972,14.3
MTCS0_SI2265,0.0
MTCS0_SI712,19.0
MTCS0_SX172,10.0
MTCS0_SX262,16.1
MTCS0_SX352,6.2
MTCS0_SX442,10.9
MTCS0_SX82,2.9
MTDB0_SI1401,11.5
MTDB0_SI2031,11.5
MTDB0_SI771,9.8
MTDB0_SX141,12.2
MTDB0_SX231,9.1
MTDB0_SX321,16.0
MTDB0_SX411,17.9
MTDB0_SX51,9.5
MTDP0_SI1274,14.3
MTDP0_SI1521,29.6
MTDP0_SI2151,16.2
MTDP0_SX171,18.0
MTDP0_SX261,11.5
MTDP0_SX351,29.4
MTDP0_SX441,10.8
MTDP0_SX81,17.1
MTER0_SI1157,12.5
MTER0_SI1787,6.7
MTER0_SI527,6.3
MTER0_SX167,8.2
MTER0_SX17,0.0
MTER0_SX257,4.0
MTER0_SX437,12.8
MTER0_SX77,5.1
MTJG0_SI1520,7.1
MTJG0_SI2157,7.1
MTJG0_SI890,14.3
MTJG0_SX170,15.4
MTJG0_SX260,4.8
MTJG0_SX350,12.2
MTJG0_SX440,12.5
MTJG0_SX80,10.3
MTJM0_SI1226,10.0
MTJM0_SI1856,10.0
MTJM0_SI655,22.0
MTJM0_SX146,5.9
MTJM0_SX236,16.1
MTJM0_SX326,3.4
MTJM0_SX416,7.4
MTJM0_SX56,12.5
MTJS0_SI1192,10.0
MTJS0_SI1822,12.3
MTJS0_SI562,19.7
MTJS0_SX112,11.4
MTJS0_SX202,21.7
MTJS0_SX22,5.0
MTJS0_SX292,6.1
MTJS0_SX382,10.8
MTJU0_SI2020,21.7
MTJU0_SI2269,13.3
MTJU0_SI760,27.3
MTJU0_SX130,21.2
MTJU0_SX220,21.6
MTJU0_SX310,21.6
MTJU0_SX40,21.3
MTJU0_SX400,5.1
MTKD0_SI1187,6.3
MTKD0_SI1817,8.7
MTKD0_SI630,12.9
MTKD0_SX107,8.1
MTKD0_SX17,0.0
MTKD0_SX197,4.2
MTKD0_SX287,5.1
MTKD0_SX377,12.5
MTKP0_SI1023,12.1
MTKP0_SI2283,27.3
MTKP0_SI454,23.7
MTKP0_SX123,22.5
MTKP0_SX213,8.8
MTKP0_SX303,10.3
MTKP0_SX33,15.6
MTKP0_SX393,6.5
MTLB0_SI1134,24.6
MTLB0_SI1764,15.0
MTLB0_SI504,14.3
MTLB0_SX144,3.3
MTLB0_SX234,3.0
MTLB0_SX324,24.6
MTLB0_SX414,14.6
MTLB0_SX54,21.7
MTLC0_SI1313,15.4
MTLC0_SI1477,13.8
MTLC0_SI847,3.0
MTLC0_SX127,4.2
MTLC0_SX217,19.2
MTLC0_SX307,4.5
MTLC0_SX37,17.1
MTLC0_SX397,6.1
MTML0_SI1065,9.1
MTML0_SI1695,17.1
MTML0_SI2325,17.9
MTML0_SX165,14.3
MTML0_SX255,9.1
MTML0_SX345,16.7
MTML0_SX435,22.0
MTML0_SX75,9.7
MTMN0_SI1064,4.8
MTMN0_SI2324,19.6
MTMN0_SI582,15.9
MTMN0_SX164,11.9
MTMN0_SX254,21.7
MTMN0_SX344,0.0
MTMN0_SX434,13.8
MTMN0_SX74,8.8
MTMT0_SI1118,9.8
MTMT0_SI1748,5.9
MTMT0_SI488,13.5
MTMT0_SX128,11.1
MTMT0_SX218,7.1
MTMT0_SX308,6.1
MTMT0_SX38,13.6
MTMT0_SX398,20.5
MTPF0_SI1235,21.3
MTPF0_SI1865,18.2
MTPF0_SI605,15.3
MTPF0_SX155,10.0
MTPF0_SX245,17.9
MTPF0_SX335,17.9
MTPF0_SX425,8.3
MTPF0_SX65,10.0
MTPG0_SI1383,10.3
MTPG0_SI2013,13.3
MTPG0_SI753,22.0
MTPG0_SX123,25.7
MTPG0_SX213,13.3
MTPG0_SX303,6.9
MTPG0_SX33,12.9
MTPG0_SX393,9.1
MTPP0_SI1508,14.1
MTPP0_SI2138,9.1
MTPP0_SI878,11.1
MTPP0_SX158,7.4
MTPP0_SX248,7.1
MTPP0_SX338,13.5
MTPP0_SX428,10.4
MTPP0_SX68,11.8
MTPR0_SI1600,18.4
MTPR0_SI2230,7.8
MTPR0_SI506,4.8
MTPR0_SX160,17.4
MTPR0_SX250,12.8
MTPR0_SX340,6.3
MTPR0_SX430,13.7
MTPR0_SX70,8.3
MTQC0_SI1441,16.9
MTQC0_SI2071,42.9
MTQC0_SI480,26.1
MTQC0_SX181,23.4
MTQC0_SX271,3.1
MTQC0_SX361,5.6
MTQC0_SX451,21.6
MTQC0_SX91,12.8
MTRC0_SI1623,10.8
MTRC0_SI589,20.3
MTRC0_SI993,7.1
MTRC0_SX170,19.6
MTRC0_SX183,10.3
MTRC0_SX273,16.7
MTRC0_SX363,10.0
MTRC0_SX93,8.0
MTRR0_SI1548,14.3
MTRR0_SI2178,7.4
MTRR0_SI918,20.0
MTRR0_SX108,12.5
MTRR0_SX18,17.2
MTRR0_SX198,9.4
MTRR0_SX288,11.6
MTRR0_SX378,18.4
MTRT0_SI1227,13.8
MTRT0_SI1857,9.5
MTRT0_SI597,2.9
MTRT0_SX147,23.8
MTRT0_SX237,11.1
MTRT0_SX254,4.8
MTRT0_SX417,17.5
MTRT0_SX57,12.9
MTWH1_SI1512,18.8
MTWH1_SI2142,5.0
MTWH1_SI882,15.6
MTWH1_SX162,14.3
MTWH1_SX252,2.9
MTWH1_SX342,21.6
MTWH1_SX432,9.8
MTWH1_SX72,7.4
MTXS0_SI1060,15.4
MTXS0_SI1690,20.0
MTXS0_SI2320,24.1
MTXS0_SX160,10.2
MTXS0_SX250,2.6
MTXS0_SX340,10.3
MTXS0_SX430,19.1
MTXS0_SX70,0.0
MVJH0_SI1556,18.9
MVJH0_SI2186,17.1
MVJH0_SI926,13.5
MVJH0_SX116,13.3
MVJH0_SX206,5.0
MVJH0_SX26,11.5
MVJH0_SX296,10.0
MVJH0_SX386,6.5
MVLO0_SI1147,8.8
MVLO0_SI1777,3.6
MVLO0_SI517,10.9
MVLO0_SX157,6.1
MVLO0_SX247,8.5
MVLO0_SX337,5.3
MVLO0_SX427,4.0
MVLO0_SX67,7.0
MVRW0_SI1485,13.6
MVRW0_SI2115,10.5
MVRW0_SI855,18.9
MVRW0_SX135,6.8
MVRW0_SX225,23.1
MVRW0_SX315,3.4
MVRW0_SX405,13.9
MVRW0_SX45,9.1
MWAC0_SI1601,22.0
MWAC0_SI2231,10.5
MWAC0_SI971,10.3
MWAC0_SX161,12.2
MWAC0_SX251,17.0
MWAC0_SX341,14.0
MWAC0_SX431,8.6
MWAC0_SX71,16.1
MWAD0_SI1062,19.4
MWAD0_SI1749,5.6
MWAD0_SI2322,5.9
MWAD0_SX162,10.0
MWAD0_SX252,18.8
MWAD0_SX342,22.2
MWAD0_SX432,17.0
MWAD0_SX72,4.5
MWAR0_SI1045,20.3
MWAR0_SI1675,7.9
MWAR0_SI2305,7.4
MWAR0_SX145,15.8
MWAR0_SX235,10.3
MWAR0_SX325,8.0
MWAR0_SX415,13.9
MWAR0_SX55,6.5
MWCH0_SI1622,23.8
MWCH0_SI1895,0.0
MWCH0_SI2252,11.9
MWCH0_SX182,9.1
MWCH0_SX272,20.0
MWCH0_SX362,7.1
MWCH0_SX452,2.3
MWCH0_SX92,17.6
MWDK0_SI1436,10.2
MWDK0_SI2017,10.0
MWDK0_SI806,23.5
MWDK0_SX176,5.9
MWDK0_SX266,12.9
MWDK0_SX356,2.9
MWDK0_SX446,7.3
MWDK0_SX86,10.0
MWEM0_SI1320,13.9
MWEM0_SI1393,31.3
MWEM0_SI1950,24.0
MWEM0_SX150,16.7
MWEM0_SX240,15.8
MWEM0_SX330,25.6
MWEM0_SX420,29.4
MWEM0_SX60,16.3
MWGR0_SI1606,10.8
MWGR0_SI2236,12.1
MWGR0_SI976,13.3
MWGR0_SX166,8.6
MWGR0_SX256,3.0
MWGR0_SX346,10.9
MWGR0_SX436,16.0
MWGR0_SX76,7.9
MWRE0_SI1057,7.7
MWRE0_SI1687,5.0
MWRE0_SI2317,17.1
MWRE0_SX157,16.7
MWRE0_SX247,14.6
MWRE0_SX337,13.6
MWRE0_SX427,11.1
MWRE0_SX67,6.7
MWRP0_SI1443,7.8
MWRP0_SI1525,10.5
MWRP0_SI2073,14.0
MWRP0_SX183,20.0
MWRP0_SX273,16.1
MWRP0_SX3,0.0
MWRP0_SX363,18.2
MWRP0_SX93,4.2
MWSB0_SI1626,20.7
MWSB0_SI2256,12.1
MWSB0_SI996,21.6
MWSB0_SX186,7.7
MWSB0_SX276,3.1
MWSB0_SX366,3.8
MWSB0_SX6,14.8
MWSB0_SX96,10.5
MWSH0_SI1426,15.9
MWSH0_SI2266,8.3
MWSH0_SI796,4.2
MWSH0_SX166,14.0
MWSH0_SX256,12.1
MWSH0_SX346,18.2
MWSH0_SX436,20.8
MWSH0_SX76,15.0
MZMB0_SI1166,13.8
MZMB0_SI1796,5.3
MZMB0_SI536,11.4
MZMB0_SX176,14.6
MZMB0_SX266,12.1
MZMB0_SX356,5.6
MZMB0_SX446,12.5
MZMB0_SX86,12.5
