MAKR0_SI722,64.7
MAKR0_SX182,80.0
MAKR0_SX272,88.0
MAKR0_SX362,66.7
MAKR0_SX452,70.0
MAKR0_SX92,66.7
MAPV0_SI1293,93.7
MAPV0_SI1923,84.4
MAPV0_SI663,78.3
MAPV0_SX123,90.5
MAPV0_SX213,97.0
MAPV0_SX303,93.1
MAPV0_SX33,89.7
MAPV0_SX393,88.2
MARC0_SI1188,66.7
MARC0_SI1818,86.7
MARC0_SI558,73.5
MARC0_SX108,61.1
MARC0_SX18,75.0
MARC0_SX198,87.5
MARC0_SX288,75.6
MARC0_SX378,77.5
MARW0_SI1276,75.0
MARW0_SI1906,70.4
MARW0_SI646,91.7
MARW0_SX106,93.3
MARW0_SX16,90.5
MARW0_SX286,92.0
MARW0_SX349,85.0
MARW0_SX376,81.6
MBAR0_SI1319,69.8
MBAR0_SI1949,70.6
MBAR0_SI689,79.2
MBAR0_SX149,73.5
MBAR0_SX239,102.9
MBAR0_SX329,64.2
MBAR0_SX419,86.5
MBAR0_SX59,80.8
MBBR0_SI1055,66.7
MBBR0_SI1685,65.0
MBBR0_SI2315,96.2
MBBR0_SX155,62.8
MBBR0_SX245,100.0
MBBR0_SX335,82.5
MBBR0_SX425,80.8
MBBR0_SX65,65.6
MBCG0_SI2217,75.8
MBCG0_SI486,69.6
MBCG0_SI957,72.2
MBCG0_SX147,70.7
MBCG0_SX237,85.0
MBCG0_SX327,68.2
MBCG0_SX417,73.7
MBCG0_SX57,81.3
MBEF0_SI1281,69.1
MBEF0_SI1911,63.9
MBEF0_SI651,80.0
MBEF0_SX111,67.9
MBEF0_SX201,63.9
MBEF0_SX21,90.0
MBEF0_SX291,71.0
MBEF0_SX381,69.0
MBGT0_SI1341,56.0
MBGT0_SI1841,94.4
MBGT0_SI711,73.2
MBGT0_SX171,86.8
MBGT0_SX261,88.0
MBGT0_SX351,100.0
MBGT0_SX441,67.6
MBGT0_SX81,70.6
MBJV0_SI1247,72.7
MBJV0_SI1877,80.6
MBJV0_SI617,74.4
MBJV0_SX167,78.3
MBJV0_SX257,79.2
MBJV0_SX347,70.7
MBJV0_SX437,66.7
MBJV0_SX77,69.4
MBMA0_SI1222,111.8
MBMA0_SI1852,106.3
MBMA0_SI592,57.9
MBMA0_SX142,72.7
MBMA0_SX232,84.1
MBMA0_SX322,81.8
MBMA0_SX412,76.7
MBMA0_SX52,63.6
MBMA1_SI2207,80.0
MBMA1_SI2214,102.9
MBMA1_SI954,85.4
MBMA1_SX144,81.3
MBMA1_SX234,64.7
MBMA1_SX324,66.7
MBMA1_SX414,73.2
MBMA1_SX54,63.0
MBML0_SI1169,110.0
MBML0_SI1799,96.7
MBML0_SI539,77.8
MBML0_SX179,70.3
MBML0_SX269,67.9
MBML0_SX359,82.2
MBML0_SX449,80.9
MBML0_SX89,85.3
MBOM0_SI1014,75.5
MBOM0_SI1644,55.2
MBOM0_SI2274,83.8
MBOM0_SX114,70.3
MBOM0_SX204,77.4
MBOM0_SX294,86.2
MBOM0_SX311,73.2
MBOM0_SX384,73.9
MBSB0_SI1353,69.1
MBSB0_SI1983,57.9
MBSB0_SI723,90.0
MBSB0_SX183,78.6
MBSB0_SX273,72.4
MBSB0_SX3,56.3
MBSB0_SX363,82.9
MBSB0_SX93,62.5
MBTH0_SI2102,96.5
MBTH0_SI505,58.3
MBTH0_SI757,90.5
MBTH0_SX122,68.1
MBTH0_SX212,77.3
MBTH0_SX302,100.0
MBTH0_SX32,73.0
MBTH0_SX392,88.1
MBWP0_SI1531,66.7
MBWP0_SI1969,63.9
MBWP0_SI709,91.7
MBWP0_SX169,76.7
MBWP0_SX259,91.9
MBWP0_SX349,64.5
MBWP0_SX439,72.1
MBWP0_SX79,61.9
MCAE0_SI1447,93.2
MCAE0_SI2077,134.9
MCAE0_SI817,97.2
MCAE0_SX187,95.7
MCAE0_SX277,115.4
MCAE0_SX367,102.9
MCAE0_SX7,150.0
MCAE0_SX97,87.1
MCAL0_SI1138,73.3
MCAL0_SI1768,66.7
MCAL0_SI508,72.7
MCAL0_SX148,66.7
MCAL0_SX238,75.0
MCAL0_SX328,80.4
MCAL0_SX418,90.0
MCAL0_SX58,81.1
MCDC0_SI1292,84.8
MCDC0_SI1922,71.0
MCDC0_SI662,78.8
MCDC0_SX122,76.1
MCDC0_SX212,90.7
MCDC0_SX302,117.9
MCDC0_SX32,76.3
MCDC0_SX392,88.4
MCDD0_SI1513,69.2
MCDD0_SI2143,78.8
MCDD0_SI883,73.7
MCDD0_SX163,81.1
MCDD0_SX253,82.8
MCDD0_SX343,74.5
MCDD0_SX433,60.5
MCDD0_SX73,44.7
MCDR0_SI1154,78.0
MCDR0_SI1784,78.9
MCDR0_SI524,91.4
MCDR0_SX164,76.2
MCDR0_SX254,110.0
MCDR0_SX344,104.2
MCDR0_SX434,85.7
MCDR0_SX74,76.5
MCEF0_SI1135,80.0
MCEF0_SI1765,88.2
MCEF0_SI842,64.5
MCEF0_SX145,73.2
MCEF0_SX235,93.5
MCEF0_SX325,92.3
MCEF0_SX415,70.3
MCEF0_SX55,55.8
MCEW0_SI1442,80.0
MCEW0_SI2072,71.2
MCEW0_SI812,84.7
MCEW0_SX182,100.0
MCEW0_SX272,88.9
MCEW0_SX362,83.7
MCEW0_SX452,82.6
MCEW0_SX92,82.4
MCHL0_SI1347,73.3
MCHL0_SI1404,68.9
MCHL0_SI1977,83.3
MCHL0_SX177,72.0
MCHL0_SX267,105.4
MCHL0_SX357,97.3
MCHL0_SX447,92.6
MCHL0_SX87,75.8
MCLK0_SI1660,94.4
MCLK0_SI2290,83.6
MCLK0_SI650,88.1
MCLK0_SX130,64.7
MCLK0_SX220,73.5
MCLK0_SX310,70.6
MCLK0_SX40,54.2
MCLK0_SX400,61.1
MCLM0_SI1456,78.7
MCLM0_SI2086,121.1
MCLM0_SI826,75.4
MCLM0_SX106,76.7
MCLM0_SX16,76.2
MCLM0_SX196,79.2
MCLM0_SX286,78.4
MCLM0_SX376,70.7
MCPM0_SI1194,82.5
MCPM0_SI1824,86.0
MCPM0_SI564,97.7
MCPM0_SX114,70.3
MCPM0_SX204,83.3
MCPM0_SX24,86.4
MCPM0_SX294,69.2
MCPM0_SX384,90.5
MCRE0_SI1121,75.5
MCRE0_SI1725,81.3
MCRE0_SI1751,83.0
MCRE0_SX131,64.7
MCRE0_SX221,66.7
MCRE0_SX24,104.8
MCRE0_SX401,76.9
MCRE0_SX41,64.0
MCSS0_SI1380,78.0
MCSS0_SI688,78.3
MCSS0_SI750,93.8
MCSS0_SX120,108.1
MCSS0_SX210,92.0
MCSS0_SX30,60.0
MCSS0_SX300,85.2
MCSS0_SX390,83.3
MCTH0_SI1209,82.1
MCTH0_SI1839,75.0
MCTH0_SI579,85.0
MCTH0_SX129,114.3
MCTH0_SX219,88.1
MCTH0_SX309,78.0
MCTH0_SX39,70.7
MCTH0_SX399,96.6
MCTM0_SI1350,80.0
MCTM0_SI1980,86.0
MCTM0_SI720,95.0
MCTM0_SX180,77.1
MCTM0_SX270,71.0
MCTM0_SX360,100.0
MCTM0_SX450,68.9
MCTM0_SX90,81.5
MCXM0_SI1351,86.1
MCXM0_SI1981,96.0
MCXM0_SI721,69.0
MCXM0_SX181,88.9
MCXM0_SX271,85.3
MCXM0_SX361,72.7
MCXM0_SX451,87.5
MCXM0_SX91,55.0
MDAC0_SI1261,69.2
MDAC0_SI1837,93.1
MDAC0_SI631,79.7
MDAC0_SX181,89.4
MDAC0_SX271,93.9
MDAC0_SX361,74.3
MDAC0_SX451,89.4
MDAC0_SX91,59.5
MDAS0_SI1266,65.6
MDAS0_SI1896,75.9
MDAS0_SI636,77.2
MDAS0_SX186,84.6
MDAS0_SX21,104.8
MDAS0_SX276,74.2
MDAS0_SX6,96.0
MDAS0_SX96,62.2
MDBB1_SI1006,81.3
MDBB1_SI1636,61.5
MDBB1_SI2056,88.2
MDBB1_SX106,74.2
MDBB1_SX16,114.3
MDBB1_SX196,81.0
MDBB1_SX286,84.3
MDBB1_SX376,73.2
MDBP0_SI1158,78.9
MDBP0_SI1788,72.1
MDBP0_SI528,77.3
MDBP0_SX168,80.8
MDBP0_SX258,97.4
MDBP0_SX348,79.2
MDBP0_SX438,90.2
MDBP0_SX78,80.6
MDCD0_SI1415,70.3
MDCD0_SI2045,83.3
MDCD0_SI785,88.3
MDCD0_SX155,73.2
MDCD0_SX245,93.1
MDCD0_SX335,87.3
MDCD0_SX425,87.5
MDCD0_SX65,74.2
MDCM0_SI1480,73.8
MDCM0_SI2110,79.5
MDCM0_SI850,70.3
MDCM0_SX130,74.2
MDCM0_SX220,80.9
MDCM0_SX310,78.8
MDCM0_SX40,62.2
MDCM0_SX400,64.9
MDDC0_SI1419,66.7
MDDC0_SI2049,70.6
MDDC0_SI789,87.8
MDDC0_SX159,76.9
MDDC0_SX249,103.8
MDDC0_SX339,75.0
MDDC0_SX429,75.7
MDDC0_SX69,81.8
MDED0_SI1170,75.8
MDED0_SI1800,106.5
MDED0_SI540,78.7
MDED0_SX180,78.4
MDED0_SX270,80.0
MDED0_SX360,103.2
MDED0_SX450,77.8
MDED0_SX90,92.0
MDEF0_SI1123,103.5
MDEF0_SI1563,78.4
MDEF0_SI2193,88.2
MDEF0_SX123,80.0
MDEF0_SX213,96.8
MDEF0_SX303,88.9
MDEF0_SX33,78.1
MDEF0_SX393,73.3
MDEM0_SI1868,107.7
MDEM0_SI608,113.9
MDEM0_SI800,75.4
MDEM0_SX158,96.6
MDEM0_SX248,100.0
MDEM0_SX338,89.7
MDEM0_SX428,84.1
MDEM0_SX68,87.9
MDHL0_SI1439,70.5
MDHL0_SI2069,90.6
MDHL0_SI809,78.4
MDHL0_SX179,78.9
MDHL0_SX269,60.7
MDHL0_SX359,100.0
MDHL0_SX449,91.1
MDHL0_SX89,86.1
MDHS0_SI1530,81.8
MDHS0_SI2160,66.7
MDHS0_SI900,82.1
MDHS0_SX180,76.5
MDHS0_SX270,71.0
MDHS0_SX360,83.9
MDHS0_SX450,63.8
MDHS0_SX90,84.0
MDJM0_SI1455,76.6
MDJM0_SI2085,94.7
MDJM0_SI825,88.9
MDJM0_SX105,65.6
MDJM0_SX15,84.4
MDJM0_SX195,86.4
MDJM0_SX285,82.8
MDJM0_SX375,73.2
MDKS0_SI1066,78.3
MDKS0_SI1696,79.3
MDKS0_SI2326,80.5
MDKS0_SX166,79.0
MDKS0_SX256,93.9
MDKS0_SX346,85.7
MDKS0_SX436,87.0
MDKS0_SX76,83.3
MDLB0_SI1306,71.4
MDLB0_SI1936,136.0
MDLB0_SI676,72.7
MDLB0_SX136,85.2
MDLB0_SX226,76.2
MDLB0_SX316,89.7
MDLB0_SX406,74.0
MDLB0_SX46,58.1
MDLC0_SI1395,77.3
MDLC0_SI2025,95.7
MDLC0_SI765,110.5
MDLC0_SX135,76.7
MDLC0_SX225,85.2
MDLC0_SX315,103.4
MDLC0_SX405,73.0
MDLC0_SX45,81.3
MDLC1_SI1435,75.8
MDLC1_SI2065,70.0
MDLC1_SI2144,85.7
MDLC1_SX175,69.6
MDLC1_SX265,71.1
MDLC1_SX355,83.9
MDLC1_SX445,68.6
MDLC1_SX85,73.5
MDLC2_SI1614,75.0
MDLC2_SI2244,65.0
MDLC2_SI984,75.9
MDLC2_SX174,73.6
MDLC2_SX264,111.1
MDLC2_SX354,68.6
MDLC2_SX444,77.5
MDLC2_SX84,75.0
MDLH0_SI1960,114.7
MDLH0_SI574,91.3
MDLH0_SI700,105.0
MDLH0_SX160,95.7
MDLH0_SX250,89.7
MDLH0_SX340,103.2
MDLH0_SX430,85.1
MDLH0_SX70,66.7
MDLM0_SI1234,77.1
MDLM0_SI1864,73.7
MDLM0_SI604,82.1
MDLM0_SX154,71.9
MDLM0_SX244,73.2
MDLM0_SX334,67.9
MDLM0_SX424,71.4
MDLM0_SX64,71.4
MDLR0_SI1233,64.5
MDLR0_SI1863,66.7
MDLR0_SI603,94.7
MDLR0_SX153,72.3
MDLR0_SX243,87.2
MDLR0_SX333,86.0
MDLR0_SX423,84.8
MDLR0_SX63,74.3
MDLR1_SI1299,97.4
MDLR1_SI1929,114.3
MDLR1_SI669,85.7
MDLR1_SX129,121.4
MDLR1_SX219,88.1
MDLR1_SX309,79.1
MDLR1_SX39,73.8
MDLR1_SX399,110.3
MDMA0_SI1238,90.5
MDMA0_SI1430,105.3
MDMA0_SI2060,97.0
MDMA0_SX170,87.5
MDMA0_SX260,95.5
MDMA0_SX350,100.0
MDMA0_SX440,100.0
MDMA0_SX80,66.7
MDMT0_SI1832,92.9
MDMT0_SI2341,88.9
MDMT0_SI572,86.0
MDMT0_SX122,66.0
MDMT0_SX212,79.5
MDMT0_SX302,117.9
MDMT0_SX32,88.6
MDMT0_SX392,76.7
MDNS0_SI1011,83.6
MDNS0_SI2271,100.0
MDNS0_SI873,73.3
MDNS0_SX111,74.2
MDNS0_SX201,83.8
MDNS0_SX21,109.5
MDNS0_SX291,85.3
MDNS0_SX381,71.0
MDPB0_SI1760,92.5
MDPB0_SI2126,87.2
MDPB0_SI866,74.1
MDPB0_SX146,73.0
MDPB0_SX236,81.8
MDPB0_SX326,96.3
MDPB0_SX416,103.6
MDPB0_SX56,63.4
MDPK0_SI1053,94.1
MDPK0_SI1683,66.7
MDPK0_SI552,68.8
MDPK0_SX153,63.8
MDPK0_SX243,60.0
MDPK0_SX333,81.6
MDPK0_SX423,73.9
MDPK0_SX63,55.3
MDPS0_SI1651,72.0
MDPS0_SI1979,89.5
MDPS0_SI719,64.3
MDPS0_SX179,78.9
MDPS0_SX269,75.0
MDPS0_SX359,80.0
MDPS0_SX449,83.0
MDPS0_SX89,73.0
MDRD0_SI1382,92.6
MDRD0_SI2012,100.0
MDRD0_SI752,98.4
MDRD0_SX122,80.0
MDRD0_SX212,95.5
MDRD0_SX302,103.3
MDRD0_SX32,100.0
MDRD0_SX392,81.0
MDSJ0_SI1462,65.0
MDSJ0_SI2092,96.6
MDSJ0_SI832,64.9
MDSJ0_SX112,76.5
MDSJ0_SX22,91.3
MDSJ0_SX292,58.8
MDSJ0_SX382,83.3
MDSJ0_SX438,84.0
MDSS0_SI1881,84.6
MDSS0_SI2087,91.3
MDSS0_SI621,62.2
MDSS0_SX171,75.0
MDSS0_SX261,87.0
MDSS0_SX351,71.4
MDSS0_SX441,77.8
MDSS0_SX81,68.6
MDSS1_SI1327,88.9
MDSS1_SI1713,88.2
MDSS1_SI697,67.3
MDSS1_SX157,74.2
MDSS1_SX247,79.5
MDSS1_SX337,62.2
MDSS1_SX427,77.8
MDSS1_SX67,65.0
MDTB0_SI1200,61.1
MDTB0_SI1830,64.9
MDTB0_SI570,74.5
MDTB0_SX120,102.8
MDTB0_SX210,76.0
MDTB0_SX300,75.9
MDTB0_SX321,76.0
MDTB0_SX390,65.8
MDWD0_SI1260,73.8
MDWD0_SI1890,84.8
MDWD0_SI557,94.1
MDWD0_SX180,78.1
MDWD0_SX270,73.3
MDWD0_SX360,78.8
MDWD0_SX450,79.5
MDWD0_SX90,88.0
MDWH0_SI1168,63.9
MDWH0_SI1925,94.7
MDWH0_SI665,120.5
MDWH0_SX125,100.0
MDWH0_SX215,110.8
MDWH0_SX305,103.2
MDWH0_SX35,80.0
MDWH0_SX395,105.1
MDWM0_SI1546,82.4
MDWM0_SI2176,81.3
MDWM0_SI916,98.0
MDWM0_SX106,80.0
MDWM0_SX16,114.3
MDWM0_SX286,72.5
MDWM0_SX376,73.2
MDWM0_SX433,73.8
MEAL0_SI1547,92.9
MEAL0_SI2177,91.2
MEAL0_SI917,93.9
MEAL0_SX107,63.9
MEAL0_SX197,70.8
MEAL0_SX287,72.2
MEAL0_SX347,70.9
MEAL0_SX377,69.2
MEDR0_SI1374,76.5
MEDR0_SI2004,80.0
MEDR0_SI744,79.6
MEDR0_SX114,69.4
MEDR0_SX204,81.3
MEDR0_SX24,86.4
MEDR0_SX294,76.7
MEDR0_SX384,78.3
MEFG0_SI465,81.8
MEFG0_SI491,100.0
MEFG0_SI598,98.0
MEFG0_SX105,83.3
MEFG0_SX15,116.1
MEFG0_SX195,91.7
MEFG0_SX285,117.2
MEFG0_SX375,77.3
MEGJ0_SI1337,108.3
MEGJ0_SI1967,72.2
MEGJ0_SI707,86.5
MEGJ0_SX167,89.6
MEGJ0_SX257,73.1
MEGJ0_SX3,100.0
MEGJ0_SX437,72.3
MEGJ0_SX77,80.5
MEJL0_SI1592,76.9
MEJL0_SI1654,95.7
MEJL0_SI962,72.1
MEJL0_SX152,57.5
MEJL0_SX242,106.3
MEJL0_SX332,71.4
MEJL0_SX422,78.6
MEJL0_SX62,67.4
MEJS0_SI1240,82.1
MEJS0_SI1870,75.9
MEJS0_SI610,72.2
MEJS0_SX160,85.1
MEJS0_SX250,82.1
MEJS0_SX340,87.9
MEJS0_SX430,79.5
MEJS0_SX70,63.6
MESG0_SI1332,80.0
MESG0_SI1962,76.9
MESG0_SI702,102.9
MESG0_SX162,114.3
MESG0_SX252,79.4
MESG0_SX342,88.9
MESG0_SX432,67.3
MESG0_SX72,52.0
MESJ0_SI2039,94.2
MESJ0_SI2257,81.8
MESJ0_SI997,85.2
MESJ0_SX187,81.8
MESJ0_SX277,84.0
MESJ0_SX367,73.5
MESJ0_SX7,63.3
MESJ0_SX97,73.3
MEWM0_SI1348,100.0
MEWM0_SI1978,77.8
MEWM0_SI718,78.9
MEWM0_SX178,75.0
MEWM0_SX268,70.7
MEWM0_SX358,96.3
MEWM0_SX448,72.4
MEWM0_SX88,77.6
MFER0_SI1492,73.9
MFER0_SI2122,76.5
MFER0_SI862,63.3
MFER0_SX142,63.0
MFER0_SX232,77.3
MFER0_SX322,66.7
MFER0_SX412,65.0
MFER0_SX52,58.5
MFMC0_SI1132,88.1
MFMC0_SI1762,81.1
MFMC0_SI502,87.5
MFMC0_SX142,74.5
MFMC0_SX232,81.8
MFMC0_SX322,67.6
MFMC0_SX412,72.1
MFMC0_SX52,60.0
MFRM0_SI1155,77.8
MFRM0_SI1717,92.9
MFRM0_SI1785,102.9
MFRM0_SX165,70.0
MFRM0_SX255,84.8
MFRM0_SX345,121.4
MFRM0_SX435,77.1
MFRM0_SX75,76.7
MFWK0_SI1249,88.0
MFWK0_SI1879,81.5
MFWK0_SI619,72.2
MFWK0_SX169,65.9
MFWK0_SX259,102.9
MFWK0_SX349,82.8
MFWK0_SX439,73.3
MFWK0_SX79,68.3
MFXS0_SI1674,58.3
MFXS0_SI2225,87.5
MFXS0_SI2304,78.4
MFXS0_SX144,87.9
MFXS0_SX234,85.3
MFXS0_SX324,70.1
MFXS0_SX414,72.1
MFXS0_SX54,73.3
MFXV0_SI1005,85.2
MFXV0_SI1342,71.2
MFXV0_SI1635,69.4
MFXV0_SX105,73.5
MFXV0_SX15,87.9
MFXV0_SX195,69.6
MFXV0_SX285,66.7
MFXV0_SX375,78.0
MGAF0_SI1282,73.8
MGAF0_SI1912,76.8
MGAF0_SI652,70.6
MGAF0_SX112,69.4
MGAF0_SX202,79.2
MGAF0_SX22,85.7
MGAF0_SX292,57.1
MGAF0_SX382,86.5
MGAG0_SI1321,84.2
MGAG0_SI645,73.9
MGAG0_SI691,70.9
MGAG0_SX151,55.8
MGAG0_SX241,78.1
MGAG0_SX331,72.7
MGAG0_SX421,71.4
MGAG0_SX61,83.3
MGAK0_SI1036,72.4
MGAK0_SI1666,85.7
MGAK0_SI2296,68.6
MGAK0_SX136,73.7
MGAK0_SX226,73.2
MGAK0_SX316,82.8
MGAK0_SX406,71.4
MGAK0_SX46,54.8
MGAR0_SI1212,83.3
MGAR0_SI1694,75.0
MGAR0_SI1842,83.3
MGAR0_SX132,97.3
MGAR0_SX222,73.8
MGAR0_SX312,84.9
MGAR0_SX402,100.0
MGAR0_SX42,63.3
MGAW0_SI1165,71.9
MGAW0_SI1802,86.2
MGAW0_SI535,67.9
MGAW0_SX175,71.2
MGAW0_SX265,66.7
MGAW0_SX355,75.0
MGAW0_SX445,81.3
MGAW0_SX85,71.9
MGES0_SI1481,75.0
MGES0_SI2111,84.2
MGES0_SI851,78.8
MGES0_SX131,63.3
MGES0_SX221,65.1
MGES0_SX311,85.5
MGES0_SX401,77.1
MGES0_SX41,58.8
MGJC0_SI1256,62.9
MGJC0_SI1335,91.9
MGJC0_SI1965,105.6
MGJC0_SX165,94.9
MGJC0_SX255,94.1
MGJC0_SX345,144.8
MGJC0_SX435,85.7
MGJC0_SX75,84.4
MGRL0_SI1497,87.1
MGRL0_SI2127,70.6
MGRL0_SI867,70.5
MGRL0_SX147,62.8
MGRL0_SX237,82.4
MGRL0_SX327,73.8
MGRL0_SX417,76.3
MGRL0_SX57,63.3
MGRP0_SI1317,81.1
MGRP0_SI1947,83.9
MGRP0_SI687,94.4
MGRP0_SX147,84.8
MGRP0_SX237,89.5
MGRP0_SX327,77.8
MGRP0_SX417,81.6
MGRP0_SX57,85.3
MGSH0_SI1176,64.1
MGSH0_SI1806,76.9
MGSH0_SI546,101.9
MGSH0_SX127,112.5
MGSH0_SX186,103.4
MGSH0_SX276,96.9
MGSH0_SX6,123.1
MGSH0_SX96,130.6
MGSL0_SI1164,103.1
MGSL0_SI534,116.7
MGSL0_SI797,77.3
MGSL0_SX174,71.7
MGSL0_SX264,118.5
MGSL0_SX354,109.7
MGSL0_SX444,94.6
MGSL0_SX84,75.0
MGXP0_SI1087,90.7
MGXP0_SI457,127.6
MGXP0_SI525,79.3
MGXP0_SX187,88.5
MGXP0_SX277,100.0
MGXP0_SX367,97.2
MGXP0_SX7,89.7
MGXP0_SX97,75.8
MHBS0_SI1575,70.3
MHBS0_SI2205,103.0
MHBS0_SI945,89.8
MHBS0_SX135,68.2
MHBS0_SX225,88.5
MHBS0_SX315,78.6
MHBS0_SX405,70.3
MHBS0_SX45,66.7
MHIT0_SI1613,109.1
MHIT0_SI2243,92.0
MHIT0_SI983,90.0
MHIT0_SX173,86.0
MHIT0_SX263,92.9
MHIT0_SX353,84.8
MHIT0_SX443,110.0
MHIT0_SX83,78.4
MHJB0_SI1017,61.1
MHJB0_SI1647,73.7
MHJB0_SI2277,71.4
MHJB0_SX117,74.2
MHJB0_SX207,65.2
MHJB0_SX27,60.0
MHJB0_SX297,64.5
MHJB0_SX387,60.0
MHMG0_SI1365,106.3
MHMG0_SI1995,75.0
MHMG0_SI735,93.0
MHMG0_SX105,56.3
MHMG0_SX15,93.8
MHMG0_SX195,90.0
MHMG0_SX285,81.3
MHMG0_SX375,77.5
MHMR0_SI1119,78.8
MHMR0_SI1692,93.0
MHMR0_SI489,103.1
MHMR0_SX129,118.5
MHMR0_SX219,93.0
MHMR0_SX309,87.8
MHMR0_SX39,80.5
MHMR0_SX399,114.8
MHRM0_SI1475,60.0
MHRM0_SI2218,65.8
MHRM0_SI958,75.0
MHRM0_SX148,73.0
MHRM0_SX238,69.2
MHRM0_SX328,68.1
MHRM0_SX418,76.3
MHRM0_SX58,52.9
MHXL0_SI1772,76.5
MHXL0_SI512,70.3
MHXL0_SI612,92.3
MHXL0_SX152,65.0
MHXL0_SX242,86.1
MHXL0_SX332,65.9
MHXL0_SX422,100.0
MHXL0_SX62,72.7
MILB0_SI2163,72.7
MILB0_SI807,79.6
MILB0_SI903,68.2
MILB0_SX183,81.5
MILB0_SX273,78.1
MILB0_SX3,85.7
MILB0_SX363,64.3
MILB0_SX93,68.0
MJAC0_SI1331,87.2
MJAC0_SI2148,85.7
MJAC0_SI701,62.9
MJAC0_SX251,82.7
MJAC0_SX307,100.0
MJAC0_SX341,77.5
MJAC0_SX431,68.4
MJAC0_SX71,86.2
MJAE0_SI1524,89.5
MJAE0_SI1999,122.2
MJAE0_SI2154,62.5
MJAE0_SX174,77.1
MJAE0_SX264,82.8
MJAE0_SX354,102.9
MJAE0_SX444,97.3
MJAE0_SX84,88.6
MJAI0_SI1604,90.0
MJAI0_SI682,78.5
MJAI0_SI710,84.7
MJAI0_SX164,86.4
MJAI0_SX254,76.2
MJAI0_SX344,100.0
MJAI0_SX434,82.1
MJAI0_SX74,64.7
MJBG0_SI1232,76.7
MJBG0_SI1724,121.4
MJBG0_SI1862,108.3
MJBG0_SX152,64.3
MJBG0_SX242,105.4
MJBG0_SX332,71.1
MJBG0_SX422,104.9
MJBG0_SX62,64.4
MJDA0_SI1031,62.5
MJDA0_SI1661,70.6
MJDA0_SI2291,59.5
MJDA0_SX131,58.8
MJDA0_SX221,68.3
MJDA0_SX311,72.7
MJDA0_SX401,77.1
MJDA0_SX41,58.5
MJDC0_SI1161,88.0
MJDC0_SI2165,81.3
MJDC0_SI531,108.5
MJDC0_SX171,77.6
MJDC0_SX261,86.4
MJDC0_SX351,93.0
MJDC0_SX441,76.5
MJDC0_SX81,65.5
MJDE0_SI1120,82.8
MJDE0_SI463,110.0
MJDE0_SI490,72.5
MJDE0_SX130,105.9
MJDE0_SX220,88.0
MJDE0_SX310,89.5
MJDE0_SX40,69.6
MJDE0_SX400,78.0
MJDG0_SI1042,80.6
MJDG0_SI1672,72.9
MJDG0_SI1705,70.4
MJDG0_SX142,71.7
MJDG0_SX232,69.6
MJDG0_SX322,65.6
MJDG0_SX412,65.9
MJDG0_SX52,58.7
MJDM0_SI1340,84.3
MJDM0_SI1937,100.0
MJDM0_SI974,82.4
MJDM0_SX170,88.7
MJDM0_SX260,81.0
MJDM0_SX350,84.3
MJDM0_SX440,91.7
MJDM0_SX80,56.7
MJEB0_SI1286,74.5
MJEB0_SI1916,80.6
MJEB0_SI656,57.5
MJEB0_SX170,76.4
MJEB0_SX206,63.4
MJEB0_SX26,100.0
MJEB0_SX296,80.6
MJEB0_SX386,67.7
MJEB1_SI1467,98.2
MJEB1_SI2097,106.1
MJEB1_SI837,78.0
MJEB1_SX117,86.7
MJEB1_SX207,100.0
MJEB1_SX27,68.0
MJEB1_SX297,83.9
MJEB1_SX387,83.8
MJEE0_SI1237,92.3
MJEE0_SI1867,78.4
MJEE0_SI607,105.6
MJEE0_SX157,90.6
MJEE0_SX247,97.7
MJEE0_SX337,82.5
MJEE0_SX427,85.7
MJEE0_SX67,77.3
MJFH0_SI1107,75.0
MJFH0_SI1737,67.5
MJFH0_SI477,64.9
MJFH0_SX117,80.0
MJFH0_SX207,75.0
MJFH0_SX27,68.0
MJFH0_SX297,80.0
MJFH0_SX387,67.6
MJFR0_SI1605,108.1
MJFR0_SI2235,75.8
MJFR0_SI975,95.0
MJFR0_SX165,95.0
MJFR0_SX255,91.7
MJFR0_SX345,163.3
MJFR0_SX435,90.4
MJFR0_SX75,78.8
MJHI0_SI1328,82.8
MJHI0_SI555,67.9
MJHI0_SI698,88.1
MJHI0_SX158,78.6
MJHI0_SX248,84.6
MJHI0_SX338,100.0
MJHI0_SX428,75.6
MJHI0_SX68,64.7
MJJB0_SI1139,77.6
MJJB0_SI1277,62.5
MJJB0_SI1769,87.5
MJJB0_SX149,78.7
MJJB0_SX239,83.3
MJJB0_SX329,68.0
MJJB0_SX419,94.6
MJJB0_SX59,92.3
MJJJ0_SI1163,62.5
MJJJ0_SI1793,70.6
MJJJ0_SI533,103.2
MJJJ0_SX173,85.4
MJJJ0_SX263,89.7
MJJJ0_SX353,103.2
MJJJ0_SX443,96.7
MJJJ0_SX83,62.2
MJJM0_SI1251,66.7
MJJM0_SI1457,66.1
MJJM0_SI827,64.9
MJJM0_SX107,63.9
MJJM0_SX17,90.0
MJJM0_SX197,70.8
MJJM0_SX287,73.7
MJJM0_SX377,61.0
MJKR0_SI1201,84.9
MJKR0_SI1831,88.9
MJKR0_SI571,80.0
MJKR0_SX121,63.4
MJKR0_SX211,79.4
MJKR0_SX301,97.4
MJKR0_SX31,92.3
MJKR0_SX391,125.0
MJLB0_SI1616,106.7
MJLB0_SI2246,92.6
MJLB0_SI986,84.8
MJLB0_SX176,95.5
MJLB0_SX266,80.6
MJLB0_SX356,78.8
MJLB0_SX446,64.1
MJLB0_SX86,58.1
MJLG1_SI1012,73.5
MJLG1_SI1642,96.4
MJLG1_SI2272,64.4
MJLG1_SX112,70.3
MJLG1_SX202,80.0
MJLG1_SX22,95.5
MJLG1_SX292,51.0
MJLG1_SX382,79.5
MJLS0_SI1096,121.9
MJLS0_SI1726,101.6
MJLS0_SI466,89.7
MJLS0_SX106,86.7
MJLS0_SX16,123.8
MJLS0_SX196,81.0
MJLS0_SX286,76.5
MJLS0_SX376,69.0
MJMA0_SI1495,94.7
MJMA0_SI2125,96.2
MJMA0_SI865,68.8
MJMA0_SX145,66.7
MJMA0_SX235,80.0
MJMA0_SX325,100.0
MJMA0_SX415,61.1
MJMA0_SX55,53.3
MJMD0_SI1028,88.5
MJMD0_SI1658,70.0
MJMD0_SI2288,85.7
MJMD0_SX128,80.0
MJMD0_SX218,64.3
MJMD0_SX308,64.7
MJMD0_SX38,62.8
MJMD0_SX398,81.4
MJMM0_SI1255,70.0
MJMM0_SI1885,74.1
MJMM0_SI625,73.5
MJMM0_SX175,81.8
MJMM0_SX265,73.0
MJMM0_SX355,78.8
MJMM0_SX445,76.5
MJMM0_SX85,61.8
MJPG0_SI1191,76.5
MJPG0_SI1821,67.2
MJPG0_SI561,57.6
MJPG0_SX111,70.4
MJPG0_SX201,62.9
MJPG0_SX21,90.0
MJPG0_SX291,93.1
MJPG0_SX381,64.5
MJPM0_SI1368,83.9
MJPM0_SI1998,79.2
MJPM0_SI738,68.6
MJPM0_SX108,61.1
MJPM0_SX18,84.8
MJPM0_SX198,82.8
MJPM0_SX288,95.3
MJPM0_SX378,68.4
MJPM1_SI1897,70.6
MJPM1_SI2280,77.3
MJPM1_SI761,87.8
MJPM1_SX131,82.1
MJPM1_SX221,71.4
MJPM1_SX311,112.2
MJPM1_SX401,75.0
MJPM1_SX41,70.6
MJRA0_SI1236,103.3
MJRA0_SI1866,126.5
MJRA0_SI606,73.3
MJRA0_SX156,68.1
MJRA0_SX246,82.1
MJRA0_SX336,90.7
MJRA0_SX426,89.2
MJRA0_SX66,62.2
MJRG0_SI1366,102.9
MJRG0_SI1996,93.8
MJRG0_SI736,84.5
MJRG0_SX106,86.7
MJRG0_SX16,100.0
MJRG0_SX286,88.0
MJRG0_SX352,65.2
MJRG0_SX376,73.2
MJRH0_SI1125,68.4
MJRH0_SI1755,91.4
MJRH0_SI1840,76.2
MJRH0_SX135,78.0
MJRH0_SX225,100.0
MJRH0_SX315,110.7
MJRH0_SX405,75.7
MJRH0_SX45,83.9
MJRH1_SI1558,101.8
MJRH1_SI1774,79.4
MJRH1_SI514,117.2
MJRH1_SX154,76.5
MJRH1_SX244,83.3
MJRH1_SX334,64.7
MJRH1_SX424,82.4
MJRH1_SX64,78.8
MJRK0_SI1662,80.0
MJRK0_SI2103,105.9
MJRK0_SI880,87.3
MJRK0_SX160,91.1
MJRK0_SX250,89.7
MJRK0_SX340,93.5
MJRK0_SX430,89.6
MJRK0_SX70,60.0
MJRP0_SI1835,92.9
MJRP0_SI1845,64.5
MJRP0_SI585,75.0
MJRP0_SX135,79.5
MJRP0_SX225,92.0
MJRP0_SX315,96.4
MJRP0_SX405,69.4
MJRP0_SX45,66.7
MJSR0_SI1424,107.7
MJSR0_SI2054,76.3
MJSR0_SI794,83.9
MJSR0_SX164,84.2
MJSR0_SX254,100.0
MJSR0_SX344,133.3
MJSR0_SX434,116.0
MJSR0_SX74,87.5
MJWG0_SI2155,67.9
MJWG0_SI813,90.9
MJWG0_SI895,95.4
MJWG0_SX175,73.2
MJWG0_SX265,78.8
MJWG0_SX355,77.4
MJWG0_SX445,75.8
MJWG0_SX85,69.7
MJWS0_SI1143,93.5
MJWS0_SI1773,57.6
MJWS0_SI513,73.7
MJWS0_SX153,71.7
MJWS0_SX243,82.9
MJWS0_SX333,122.2
MJWS0_SX423,89.6
MJWS0_SX63,57.9
MJWT0_SI1291,71.9
MJWT0_SI1381,73.0
MJWT0_SI751,90.9
MJWT0_SX121,71.8
MJWT0_SX211,70.6
MJWT0_SX301,78.9
MJWT0_SX31,77.8
MJWT0_SX391,115.8
MJXA0_SI1507,86.5
MJXA0_SI2137,123.8
MJXA0_SI877,76.5
MJXA0_SX157,72.4
MJXA0_SX247,76.6
MJXA0_SX337,70.3
MJXA0_SX427,84.6
MJXA0_SX67,61.0
MJXL0_SI1172,85.2
MJXL0_SI1795,117.6
MJXL0_SI542,93.5
MJXL0_SX182,91.3
MJXL0_SX272,103.8
MJXL0_SX362,92.9
MJXL0_SX452,88.6
MJXL0_SX92,77.1
MKAG0_SI1609,87.2
MKAG0_SI2239,96.0
MKAG0_SI979,62.9
MKAG0_SX169,63.4
MKAG0_SX259,85.4
MKAG0_SX30,48.0
MKAG0_SX439,67.4
MKAG0_SX79,53.5
MKAH0_SI1528,91.7
MKAH0_SI2158,82.4
MKAH0_SI898,79.4
MKAH0_SX178,74.0
MKAH0_SX268,62.8
MKAH0_SX358,86.2
MKAH0_SX448,78.1
MKAH0_SX88,81.3
MKAJ0_SI1414,80.0
MKAJ0_SI2044,89.1
MKAJ0_SI784,63.4
MKAJ0_SX154,64.5
MKAJ0_SX244,74.4
MKAJ0_SX334,55.2
MKAJ0_SX424,67.6
MKAJ0_SX64,66.7
MKAM0_SI1250,109.1
MKAM0_SI1316,78.4
MKAM0_SI1465,72.2
MKAM0_SX146,74.3
MKAM0_SX236,71.0
MKAM0_SX326,89.7
MKAM0_SX416,114.8
MKAM0_SX56,61.0
MKDB0_SI2132,71.1
MKDB0_SI588,69.0
MKDB0_SI872,81.6
MKDB0_SX152,63.4
MKDB0_SX242,94.6
MKDB0_SX332,72.1
MKDB0_SX422,97.6
MKDB0_SX62,68.9
MKDD0_SI1567,100.0
MKDD0_SI2197,78.9
MKDD0_SI937,70.0
MKDD0_SX127,87.0
MKDD0_SX217,70.8
MKDD0_SX307,85.7
MKDD0_SX37,57.9
MKDD0_SX397,79.4
MKDT0_SI2153,77.4
MKDT0_SI814,91.5
MKDT0_SI893,91.2
MKDT0_SX173,94.0
MKDT0_SX263,85.7
MKDT0_SX353,96.9
MKDT0_SX443,117.2
MKDT0_SX83,77.1
MKES0_SI1253,76.2
MKES0_SI1883,97.4
MKES0_SI623,77.8
MKES0_SX173,91.7
MKES0_SX263,100.0
MKES0_SX353,112.1
MKES0_SX443,103.3
MKES0_SX83,71.1
MKJO0_SI1517,78.6
MKJO0_SI2147,72.7
MKJO0_SI887,69.4
MKJO0_SX167,61.8
MKJO0_SX257,69.2
MKJO0_SX424,65.7
MKJO0_SX437,71.4
MKJO0_SX77,57.1
MKLN0_SI1598,85.4
MKLN0_SI2228,90.0
MKLN0_SI968,97.9
MKLN0_SX158,76.7
MKLN0_SX248,69.0
MKLN0_SX338,94.4
MKLN0_SX428,75.6
MKLN0_SX68,69.7
MKLR0_SI1059,86.0
MKLR0_SI1689,84.6
MKLR0_SI2319,74.1
MKLR0_SX159,77.8
MKLR0_SX249,111.5
MKLR0_SX339,90.3
MKLR0_SX429,62.9
MKLR0_SX69,62.5
MKLS0_SI1437,91.8
MKLS0_SI1533,110.5
MKLS0_SI2067,110.0
MKLS0_SX177,80.0
MKLS0_SX267,110.3
MKLS0_SX357,107.5
MKLS0_SX447,100.0
MKLS0_SX87,73.5
MKLS1_SI1545,116.1
MKLS1_SI2175,91.3
MKLS1_SI915,81.0
MKLS1_SX105,83.9
MKLS1_SX15,94.1
MKLS1_SX195,80.0
MKLS1_SX285,73.3
MKLS1_SX375,90.2
MKLW0_SI1571,85.5
MKLW0_SI1844,112.5
MKLW0_SI2201,70.0
MKLW0_SX131,60.6
MKLW0_SX221,68.2
MKLW0_SX311,83.1
MKLW0_SX401,69.0
MKLW0_SX41,62.3
MKRG0_SI1491,81.8
MKRG0_SI2121,74.5
MKRG0_SI861,85.2
MKRG0_SX141,55.1
MKRG0_SX231,109.1
MKRG0_SX31,73.1
MKRG0_SX411,84.6
MKRG0_SX51,52.4
MKXL0_SI1185,61.8
MKXL0_SI1815,77.8
MKXL0_SI1958,76.7
MKXL0_SX105,71.0
MKXL0_SX15,109.4
MKXL0_SX195,82.6
MKXL0_SX285,71.0
MKXL0_SX375,74.4
MLBC0_SI1239,82.8
MLBC0_SI1869,81.8
MLBC0_SI609,73.8
MLBC0_SX159,78.4
MLBC0_SX249,88.5
MLBC0_SX339,73.5
MLBC0_SX429,80.0
MLBC0_SX69,68.6
MLEL0_SI1246,108.3
MLEL0_SI1876,110.0
MLEL0_SI616,71.0
MLEL0_SX166,81.4
MLEL0_SX256,112.5
MLEL0_SX346,73.5
MLEL0_SX436,130.4
MLEL0_SX76,92.1
MLJC0_SI1225,63.5
MLJC0_SI1855,121.1
MLJC0_SI595,81.1
MLJC0_SX145,64.1
MLJC0_SX235,117.2
MLJC0_SX325,92.6
MLJC0_SX415,78.4
MLJC0_SX55,52.3
MLJH0_SI1324,104.0
MLJH0_SI1422,110.4
MLJH0_SI694,124.3
MLJH0_SX154,80.6
MLJH0_SX244,93.3
MLJH0_SX334,72.7
MLJH0_SX424,80.0
MLJH0_SX64,88.9
MLNS0_SI1407,74.3
MLNS0_SI2037,69.1
MLNS0_SI777,79.4
MLNS0_SX147,70.0
MLNS0_SX237,73.7
MLNS0_SX327,67.8
MLNS0_SX417,84.6
MLNS0_SX57,80.6
MLSH0_SI1417,80.0
MLSH0_SI2047,93.5
MLSH0_SI787,106.7
MLSH0_SX157,80.0
MLSH0_SX247,108.7
MLSH0_SX337,80.0
MLSH0_SX427,100.0
MLSH0_SX67,73.8
MMAA0_SI1588,88.2
MMAA0_SI2105,104.0
MMAA0_SI845,69.7
MMAA0_SX125,72.4
MMAA0_SX215,91.9
MMAA0_SX305,100.0
MMAA0_SX35,83.3
MMAA0_SX395,79.5
MMAB1_SI1494,77.8
MMAB1_SI2124,84.0
MMAB1_SI864,85.2
MMAB1_SX144,97.0
MMAB1_SX234,81.8
MMAB1_SX324,69.2
MMAB1_SX414,73.2
MMAB1_SX54,75.6
MMAG0_SI1126,78.8
MMAG0_SI1756,90.0
MMAG0_SI496,83.3
MMAG0_SX136,74.1
MMAG0_SX226,64.3
MMAG0_SX316,103.4
MMAG0_SX406,76.0
MMAG0_SX46,59.4
MMAM0_SI1597,68.5
MMAM0_SI1668,96.0
MMAM0_SI2227,82.1
MMAM0_SX157,71.0
MMAM0_SX247,71.7
MMAM0_SX337,66.7
MMAM0_SX427,73.1
MMAM0_SX67,89.5
MMAR0_SI1336,92.9
MMAR0_SI1966,136.4
MMAR0_SI706,76.5
MMAR0_SX166,96.7
MMAR0_SX256,100.0
MMAR0_SX346,87.5
MMAR0_SX436,100.0
MMAR0_SX76,94.9
MMBS0_SI1151,81.5
MMBS0_SI1781,106.7
MMBS0_SI521,81.4
MMBS0_SX161,84.6
MMBS0_SX251,75.9
MMBS0_SX341,81.8
MMBS0_SX431,100.0
MMBS0_SX71,87.1
MMCC0_SI1338,91.1
MMCC0_SI1968,61.1
MMCC0_SI708,102.7
MMCC0_SX168,75.0
MMCC0_SX258,87.9
MMCC0_SX348,73.8
MMCC0_SX438,82.0
MMCC0_SX78,69.0
MMDB0_SI1358,73.3
MMDB0_SI1617,63.6
MMDB0_SI987,74.6
MMDB0_SX177,57.7
MMDB0_SX267,100.0
MMDB0_SX357,89.2
MMDB0_SX447,76.9
MMDB0_SX87,61.8
MMDG0_SI1780,74.2
MMDG0_SI2035,82.6
MMDG0_SI520,91.9
MMDG0_SX160,93.5
MMDG0_SX250,87.8
MMDG0_SX340,93.9
MMDG0_SX430,84.9
MMDG0_SX70,90.9
MMDM0_SI1311,78.1
MMDM0_SI1941,76.2
MMDM0_SI681,87.1
MMDM0_SX141,55.3
MMDM0_SX231,127.3
MMDM0_SX321,81.8
MMDM0_SX411,89.7
MMDM0_SX51,53.5
MMDM1_SI1650,94.1
MMDM1_SI2043,131.6
MMDM1_SI783,66.7
MMDM1_SX153,68.6
MMDM1_SX243,72.5
MMDM1_SX333,83.7
MMDM1_SX423,85.1
MMDM1_SX63,60.0
MMDS0_SI1343,79.2
MMDS0_SI1973,66.7
MMDS0_SI713,62.5
MMDS0_SX173,85.4
MMDS0_SX263,81.5
MMDS0_SX353,71.0
MMDS0_SX443,86.7
MMDS0_SX83,65.7
MMEA0_SI1388,76.3
MMEA0_SI2018,83.3
MMEA0_SI758,71.0
MMEA0_SX128,78.6
MMEA0_SX218,60.5
MMEA0_SX308,81.3
MMEA0_SX38,57.5
MMEA0_SX398,75.6
MMEB0_SI1357,77.8
MMEB0_SI1987,96.6
MMEB0_SI727,84.6
MMEB0_SX187,95.2
MMEB0_SX327,76.7
MMEB0_SX367,73.5
MMEB0_SX7,96.2
MMEB0_SX97,89.3
MMGC0_SI1305,81.4
MMGC0_SI1935,83.8
MMGC0_SI2184,78.3
MMGC0_SX135,61.4
MMGC0_SX225,88.9
MMGC0_SX315,86.2
MMGC0_SX405,71.8
MMGC0_SX45,69.7
MMGG0_SI1079,76.7
MMGG0_SI1709,73.1
MMGG0_SI2339,78.8
MMGG0_SX179,76.3
MMGG0_SX269,67.9
MMGG0_SX359,82.2
MMGG0_SX449,77.6
MMGG0_SX89,68.4
MMGK0_SI1322,69.5
MMGK0_SI1952,64.7
MMGK0_SI692,68.0
MMGK0_SX152,62.2
MMGK0_SX242,80.0
MMGK0_SX332,60.0
MMGK0_SX422,92.3
MMGK0_SX62,69.2
MMJB1_SI1408,68.3
MMJB1_SI2038,102.6
MMJB1_SI778,126.7
MMJB1_SX148,81.1
MMJB1_SX238,77.8
MMJB1_SX328,70.8
MMJB1_SX418,71.8
MMJB1_SX58,59.6
MMLM0_SI1527,69.2
MMLM0_SI2150,80.4
MMLM0_SI897,74.2
MMLM0_SX177,76.0
MMLM0_SX267,78.6
MMLM0_SX357,92.7
MMLM0_SX447,74.1
MMLM0_SX87,60.0
MMPM0_SI1061,62.9
MMPM0_SI1691,94.1
MMPM0_SI2321,81.8
MMPM0_SX161,90.2
MMPM0_SX251,66.0
MMPM0_SX341,87.5
MMPM0_SX431,75.7
MMPM0_SX71,71.0
MMRP0_SI2034,75.0
MMRP0_SI717,114.3
MMRP0_SI774,94.3
MMRP0_SX144,117.2
MMRP0_SX234,111.8
MMRP0_SX324,78.1
MMRP0_SX414,95.2
MMRP0_SX54,81.3
MMSM0_SI1106,81.0
MMSM0_SI1736,93.3
MMSM0_SI476,94.2
MMSM0_SX116,74.1
MMSM0_SX206,64.3
MMSM0_SX26,103.7
MMSM0_SX296,63.9
MMSM0_SX386,70.0
MMVP0_SI1284,113.8
MMVP0_SI1914,125.9
MMVP0_SI654,89.9
MMVP0_SX114,83.8
MMVP0_SX204,90.9
MMVP0_SX294,96.6
MMVP0_SX347,86.7
MMVP0_SX384,118.5
MMWB0_SI1619,136.4
MMWB0_SI2249,108.3
MMWB0_SI989,81.6
MMWB0_SX179,102.6
MMWB0_SX269,89.3
MMWB0_SX359,115.2
MMWB0_SX449,98.0
MMWB0_SX89,82.1
MMWS0_SI1518,105.9
MMWS0_SI559,80.0
MMWS0_SI888,86.5
MMWS0_SX168,92.6
MMWS0_SX258,105.9
MMWS0_SX348,73.3
MMWS0_SX438,91.7
MMWS0_SX78,69.7
MMWS1_SI1071,78.7
MMWS1_SI1701,62.9
MMWS1_SI2331,68.8
MMWS1_SX261,75.0
MMWS1_SX27,64.0
MMWS1_SX351,80.9
MMWS1_SX441,55.6
MMWS1_SX81,63.6
MMXS0_SI2136,91.2
MMXS0_SI629,64.4
MMXS0_SI876,70.4
MMXS0_SX156,70.5
MMXS0_SX246,76.7
MMXS0_SX336,83.3
MMXS0_SX426,94.6
MMXS0_SX66,70.3
MNET0_SI1446,92.5
MNET0_SI2076,78.3
MNET0_SI816,78.9
MNET0_SX186,82.8
MNET0_SX276,75.0
MNET0_SX366,72.5
MNET0_SX6,95.8
MNET0_SX96,75.0
MNTW0_SI1068,89.8
MNTW0_SI1698,107.4
MNTW0_SI2328,114.3
MNTW0_SX168,92.6
MNTW0_SX202,80.0
MNTW0_SX258,105.4
MNTW0_SX348,86.4
MNTW0_SX78,78.1
MPAR0_SI1576,82.4
MPAR0_SI2206,71.7
MPAR0_SI946,82.4
MPAR0_SX136,64.9
MPAR0_SX226,61.0
MPAR0_SX316,77.4
MPAR0_SX406,71.1
MPAR0_SX46,59.3
MPEB0_SI1034,63.2
MPEB0_SI1860,68.2
MPEB0_SI600,80.0
MPEB0_SX150,61.3
MPEB0_SX240,60.0
MPEB0_SX330,92.1
MPEB0_SX420,73.3
MPEB0_SX60,60.4
MPFU0_SI1258,76.1
MPFU0_SI1888,114.3
MPFU0_SI628,63.6
MPFU0_SX178,76.5
MPFU0_SX268,74.4
MPFU0_SX358,87.1
MPFU0_SX448,87.5
MPFU0_SX88,73.5
MPGH0_SI1554,73.1
MPGH0_SI675,70.0
MPGH0_SI924,69.7
MPGH0_SX114,81.8
MPGH0_SX204,93.5
MPGH0_SX24,85.7
MPGH0_SX294,75.0
MPGH0_SX384,80.0
MPGR0_SI1410,85.2
MPGR0_SI2040,61.9
MPGR0_SI780,104.0
MPGR0_SX150,70.0
MPGR0_SX240,63.4
MPGR0_SX330,89.2
MPGR0_SX420,68.9
MPGR0_SX60,62.0
MPGR1_SI1269,85.0
MPGR1_SI1499,84.2
MPGR1_SI2129,65.8
MPGR1_SX149,76.1
MPGR1_SX239,71.4
MPGR1_SX329,67.3
MPGR1_SX419,88.9
MPGR1_SX59,88.0
MPMB0_SI1501,107.8
MPMB0_SI2131,97.2
MPMB0_SI871,142.1
MPMB0_SX151,73.5
MPMB0_SX241,106.1
MPMB0_SX331,120.6
MPMB0_SX421,148.6
MPMB0_SX61,97.9
MPPC0_SI1412,71.9
MPPC0_SI2042,72.7
MPPC0_SI782,72.7
MPPC0_SX152,70.0
MPPC0_SX242,86.1
MPPC0_SX332,59.5
MPPC0_SX422,97.5
MPPC0_SX62,76.7
MPRB0_SI1205,71.0
MPRB0_SI1215,113.2
MPRB0_SI575,101.8
MPRB0_SX125,115.4
MPRB0_SX215,107.5
MPRB0_SX305,93.3
MPRB0_SX35,76.7
MPRB0_SX395,82.9
MPRD0_SI1431,79.2
MPRD0_SI2061,81.3
MPRD0_SI801,134.0
MPRD0_SX171,92.6
MPRD0_SX261,104.2
MPRD0_SX351,98.0
MPRD0_SX441,63.2
MPRD0_SX81,57.1
MPRK0_SI1097,100.0
MPRK0_SI1727,120.0
MPRK0_SI467,93.0
MPRK0_SX107,75.0
MPRK0_SX17,100.0
MPRK0_SX197,112.5
MPRK0_SX287,80.0
MPRK0_SX377,76.2
MPRT0_SI1210,75.5
MPRT0_SI495,95.2
MPRT0_SI580,106.3
MPRT0_SX130,67.7
MPRT0_SX220,80.9
MPRT0_SX310,76.5
MPRT0_SX40,55.6
MPRT0_SX400,66.7
MPSW0_SI1067,64.7
MPSW0_SI1697,80.5
MPSW0_SI2327,86.2
MPSW0_SX167,65.2
MPSW0_SX24,90.5
MPSW0_SX257,68.2
MPSW0_SX437,69.4
MPSW0_SX77,63.9
MRAB0_SI1224,88.9
MRAB0_SI1854,98.0
MRAB0_SI594,82.6
MRAB0_SX144,80.0
MRAB0_SX234,78.1
MRAB0_SX324,68.3
MRAB0_SX414,90.2
MRAB0_SX54,71.1
MRAB1_SI1478,84.6
MRAB1_SI2108,63.9
MRAB1_SI848,72.9
MRAB1_SX128,96.3
MRAB1_SX218,71.4
MRAB1_SX308,100.0
MRAB1_SX38,69.0
MRAB1_SX398,76.7
MRAI0_SI1954,76.5
MRAI0_SI2052,84.2
MRAI0_SI792,109.4
MRAI0_SX162,118.8
MRAI0_SX252,84.8
MRAI0_SX342,94.7
MRAI0_SX432,78.0
MRAI0_SX72,76.9
MRAM0_SI1275,102.9
MRAM0_SI1905,60.6
MRAM0_SI1951,71.7
MRAM0_SX105,64.5
MRAM0_SX15,74.3
MRAM0_SX195,83.3
MRAM0_SX285,82.4
MRAM0_SX375,84.6
MRAV0_SI1008,60.0
MRAV0_SI1638,68.8
MRAV0_SI2268,80.7
MRAV0_SX108,67.6
MRAV0_SX18,87.1
MRAV0_SX198,90.3
MRAV0_SX288,74.4
MRAV0_SX378,84.6
MRBC0_SI1665,96.0
MRBC0_SI1859,86.7
MRBC0_SI599,69.2
MRBC0_SX149,65.2
MRBC0_SX239,81.1
MRBC0_SX329,72.5
MRBC0_SX419,78.9
MRBC0_SX59,80.0
MRCG0_SI1428,91.9
MRCG0_SI2058,105.3
MRCG0_SI798,89.7
MRCG0_SX168,88.9
MRCG0_SX258,97.3
MRCG0_SX348,77.8
MRCG0_SX438,106.1
MRCG0_SX78,109.7
MRCW0_SI1371,111.4
MRCW0_SI2001,63.4
MRCW0_SI741,77.0
MRCW0_SX111,69.0
MRCW0_SX201,68.6
MRCW0_SX21,105.0
MRCW0_SX291,68.8
MRCW0_SX381,69.0
MRDD0_SI1050,60.6
MRDD0_SI1680,75.0
MRDD0_SI2310,85.2
MRDD0_SX150,61.3
MRDD0_SX240,62.5
MRDD0_SX277,71.4
MRDD0_SX330,82.5
MRDD0_SX60,64.2
MRDM0_SI1044,71.9
MRDM0_SI1595,96.7
MRDM0_SI965,90.9
MRDM0_SX155,68.2
MRDM0_SX245,92.9
MRDM0_SX335,94.5
MRDM0_SX425,85.2
MRDM0_SX65,67.7
MRDS0_SI1167,84.6
MRDS0_SI1797,78.7
MRDS0_SI537,72.9
MRDS0_SX177,72.0
MRDS0_SX267,86.5
MRDS0_SX357,102.6
MRDS0_SX447,78.6
MRDS0_SX87,66.7
MREE0_SI1104,75.4
MREE0_SI1734,94.1
MREE0_SI1959,84.7
MREE0_SX114,89.2
MREE0_SX204,93.9
MREE0_SX24,82.6
MREE0_SX294,82.8
MREE0_SX384,76.0
MREH1_SI1599,100.0
MREH1_SI2229,153.3
MREH1_SI969,84.1
MREH1_SX159,97.4
MREH1_SX249,116.0
MREH1_SX339,90.3
MREH1_SX429,76.2
MREH1_SX69,86.1
MREM0_SI1591,77.1
MREM0_SI511,71.4
MREM0_SI961,67.6
MREM0_SX151,60.0
MREM0_SX241,78.8
MREM0_SX331,79.4
MREM0_SX421,77.8
MREM0_SX61,92.1
MREW1_SI1500,72.2
MREW1_SI2130,66.7
MREW1_SI870,82.6
MREW1_SX150,64.5
MREW1_SX240,57.5
MREW1_SX330,89.2
MREW1_SX420,78.3
MREW1_SX60,70.6
MRFK0_SI1076,64.3
MRFK0_SI1706,65.2
MRFK0_SI2336,108.3
MRFK0_SX176,75.0
MRFK0_SX266,72.4
MRFK0_SX356,75.0
MRFK0_SX446,60.5
MRFK0_SX86,68.8
MRFL0_SI1156,68.4
MRFL0_SI1786,115.0
MRFL0_SI526,77.4
MRFL0_SX166,82.1
MRFL0_SX256,106.3
MRFL0_SX346,82.6
MRFL0_SX436,87.0
MRFL0_SX76,72.5
MRGM0_SI1162,79.5
MRGM0_SI1792,97.4
MRGM0_SI532,100.0
MRGM0_SX172,107.3
MRGM0_SX262,103.3
MRGM0_SX416,123.1
MRGM0_SX442,110.4
MRGM0_SX82,61.8
MRGS0_SI1356,94.8
MRGS0_SI1986,93.3
MRGS0_SI726,87.9
MRGS0_SX186,111.1
MRGS0_SX276,84.8
MRGS0_SX366,80.4
MRGS0_SX6,120.0
MRGS0_SX96,75.0
MRHL0_SI1515,57.1
MRHL0_SI2145,63.8
MRHL0_SI885,82.9
MRHL0_SX165,65.1
MRHL0_SX255,76.5
MRHL0_SX345,121.4
MRHL0_SX435,79.6
MRHL0_SX75,76.7
MRJB1_SI1020,78.4
MRJB1_SI1413,73.8
MRJB1_SI2021,103.7
MRJB1_SX120,97.4
MRJB1_SX210,92.0
MRJB1_SX30,65.4
MRJB1_SX300,93.1
MRJB1_SX390,83.8
MRJH0_SI1519,84.3
MRJH0_SI889,94.3
MRJH0_SI914,90.0
MRJH0_SX169,81.4
MRJH0_SX259,87.5
MRJH0_SX307,90.0
MRJH0_SX439,85.1
MRJH0_SX79,78.0
MRJM0_SI1095,68.0
MRJM0_SI1228,77.8
MRJM0_SI1858,100.0
MRJM0_SX148,81.1
MRJM0_SX238,71.1
MRJM0_SX328,72.3
MRJM0_SX418,87.5
MRJM0_SX58,72.7
MRJM1_SI1298,71.0
MRJM1_SI1928,77.8
MRJM1_SI668,75.8
MRJM1_SX128,77.8
MRJM1_SX218,82.5
MRJM1_SX308,83.3
MRJM1_SX38,73.8
MRJM1_SX398,83.7
MRJT0_SI1498,56.4
MRJT0_SI1805,93.3
MRJT0_SI868,82.3
MRJT0_SX148,67.6
MRJT0_SX238,71.4
MRJT0_SX328,80.9
MRJT0_SX418,82.5
MRJT0_SX58,70.9
MRKM0_SI1267,80.7
MRKM0_SI1391,86.4
MRKM0_SI637,92.7
MRKM0_SX187,100.0
MRKM0_SX277,100.0
MRKM0_SX367,111.8
MRKM0_SX7,118.5
MRKM0_SX97,93.8
MRLD0_SI1594,79.4
MRLD0_SI2224,92.3
MRLD0_SI964,87.7
MRLD0_SX154,75.8
MRLD0_SX244,69.0
MRLD0_SX334,86.2
MRLD0_SX424,66.7
MRLD0_SX64,67.6
MRLJ0_SI1420,78.4
MRLJ0_SI2050,89.5
MRLJ0_SI790,61.7
MRLJ0_SX160,78.6
MRLJ0_SX250,73.0
MRLJ0_SX340,89.7
MRLJ0_SX430,82.6
MRLJ0_SX70,72.7
MRLJ1_SI1671,68.2
MRLJ1_SI2301,71.7
MRLJ1_SI2332,83.3
MRLJ1_SX141,63.3
MRLJ1_SX231,90.9
MRLJ1_SX321,70.8
MRLJ1_SX411,85.0
MRLJ1_SX51,56.1
MRLK0_SI1468,57.4
MRLK0_SI2140,69.6
MRLK0_SI843,77.1
MRLK0_SX123,88.6
MRLK0_SX213,87.1
MRLK0_SX303,82.1
MRLK0_SX33,77.4
MRLK0_SX393,100.0
MRLR0_SI1196,66.7
MRLR0_SI1826,71.4
MRLR0_SI566,92.3
MRLR0_SX116,69.0
MRLR0_SX206,65.0
MRLR0_SX26,96.2
MRLR0_SX296,67.6
MRLR0_SX386,67.9
MRMB0_SI1581,81.1
MRMB0_SI2211,97.0
MRMB0_SI951,72.2
MRMB0_SX141,68.8
MRMB0_SX231,116.7
MRMB0_SX321,73.3
MRMB0_SX411,84.6
MRMB0_SX51,56.1
MRMG0_SI1080,91.2
MRMG0_SI1710,90.3
MRMG0_SI2340,72.3
MRMG0_SX180,69.4
MRMG0_SX270,78.1
MRMG0_SX360,96.9
MRMG0_SX450,81.3
MRMG0_SX90,84.0
MRMH0_SI1021,76.9
MRMH0_SI1349,70.7
MRMH0_SI2281,85.7
MRMH0_SX121,71.8
MRMH0_SX211,66.7
MRMH0_SX301,73.0
MRMH0_SX31,66.7
MRMH0_SX391,105.3
MRML0_SI1421,116.0
MRML0_SI2051,100.0
MRML0_SI791,121.2
MRML0_SX161,103.8
MRML0_SX251,83.9
MRML0_SX341,83.3
MRML0_SX431,94.3
MRML0_SX71,103.4
MRMS0_SI1113,72.4
MRMS0_SI2057,81.7
MRMS0_SI2100,103.6
MRMS0_SX120,100.0
MRMS0_SX210,76.0
MRMS0_SX30,52.0
MRMS0_SX300,74.1
MRMS0_SX390,81.6
MRPC1_SI1482,78.6
MRPC1_SI2026,59.1
MRPC1_SI2112,79.4
MRPC1_SX132,60.6
MRPC1_SX222,57.5
MRPC1_SX312,79.6
MRPC1_SX402,78.1
MRPC1_SX42,56.7
MRRE0_SI1334,73.5
MRRE0_SI704,94.1
MRRE0_SI952,82.5
MRRE0_SX164,80.0
MRRE0_SX254,117.4
MRRE0_SX344,128.0
MRRE0_SX434,110.7
MRRE0_SX74,80.0
MRSO0_SI1206,78.7
MRSO0_SI1659,100.0
MRSO0_SI2289,83.9
MRSO0_SX129,127.6
MRSO0_SX219,90.9
MRSO0_SX309,95.1
MRSO0_SX39,73.2
MRSO0_SX399,112.9
MRSP0_SI1429,88.7
MRSP0_SI2059,70.0
MRSP0_SI799,96.9
MRSP0_SX169,78.6
MRSP0_SX196,95.0
MRSP0_SX259,76.3
MRSP0_SX439,63.0
MRSP0_SX79,67.5
MRTC0_SI1458,78.5
MRTC0_SI2088,114.3
MRTC0_SI828,89.2
MRTC0_SX108,74.4
MRTC0_SX18,112.9
MRTC0_SX198,110.0
MRTC0_SX288,109.3
MRTC0_SX378,82.1
MRTJ0_SI1551,138.1
MRTJ0_SI2032,71.9
MRTJ0_SI772,83.3
MRTJ0_SX142,95.5
MRTJ0_SX232,86.7
MRTJ0_SX322,81.8
MRTJ0_SX412,75.0
MRTJ0_SX52,70.2
MRVG0_SI1140,84.4
MRVG0_SI1770,64.5
MRVG0_SI510,63.2
MRVG0_SX150,75.9
MRVG0_SX240,70.3
MRVG0_SX330,86.1
MRVG0_SX420,78.7
MRVG0_SX60,68.0
MRWA0_SI1603,65.7
MRWA0_SI2233,90.7
MRWA0_SI973,88.2
MRWA0_SX163,68.4
MRWA0_SX253,92.0
MRWA0_SX343,69.8
MRWA0_SX433,83.3
MRWA0_SX73,48.6
MRWS0_SI1102,50.8
MRWS0_SI1732,77.3
MRWS0_SI472,70.5
MRWS0_SX112,70.6
MRWS0_SX202,69.6
MRWS0_SX22,109.5
MRWS0_SX292,58.3
MRWS0_SX382,80.0
MRXB0_SI1585,66.7
MRXB0_SI2215,78.7
MRXB0_SI955,92.7
MRXB0_SX145,74.4
MRXB0_SX235,96.6
MRXB0_SX325,110.7
MRXB0_SX415,75.0
MRXB0_SX55,60.5
MSAH1_SI1049,67.6
MSAH1_SI1679,75.0
MSAH1_SI2309,81.3
MSAH1_SX149,66.7
MSAH1_SX239,77.8
MSAH1_SX329,55.6
MSAH1_SX419,83.8
MSAH1_SX59,79.2
MSAS0_SI1376,92.5
MSAS0_SI2006,121.2
MSAS0_SI746,112.5
MSAS0_SX116,100.0
MSAS0_SX206,80.5
MSAS0_SX26,111.5
MSAS0_SX296,90.9
MSAS0_SX386,86.2
MSAT0_SI1526,86.2
MSAT0_SI2156,75.0
MSAT0_SI896,57.1
MSAT0_SX176,71.4
MSAT0_SX266,65.5
MSAT0_SX356,62.9
MSAT0_SX446,75.6
MSAT0_SX86,58.1
MSAT1_SI1073,111.8
MSAT1_SI1703,81.8
MSAT1_SI2333,64.7
MSAT1_SX173,94.0
MSAT1_SX263,92.9
MSAT1_SX353,110.0
MSAT1_SX443,114.3
MSAT1_SX83,75.0
MSDB0_SI1007,74.1
MSDB0_SI1637,64.5
MSDB0_SI2267,69.7
MSDB0_SX107,66.7
MSDB0_SX17,80.0
MSDB0_SX197,72.0
MSDB0_SX287,76.5
MSDB0_SX377,69.2
MSDH0_SI2113,73.3
MSDH0_SI2240,78.9
MSDH0_SI980,82.7
MSDH0_SX170,75.0
MSDH0_SX260,87.8
MSDH0_SX350,77.6
MSDH0_SX440,77.6
MSDH0_SX80,60.7
MSDS0_SI1077,98.3
MSDS0_SI1707,94.4
MSDS0_SI2337,90.9
MSDS0_SX177,69.2
MSDS0_SX267,107.7
MSDS0_SX357,117.1
MSDS0_SX447,88.0
MSDS0_SX87,76.5
MSEM1_SI1440,82.9
MSEM1_SI2070,103.2
MSEM1_SI810,106.3
MSEM1_SX180,88.9
MSEM1_SX270,71.0
MSEM1_SX360,119.4
MSEM1_SX450,91.3
MSEM1_SX90,100.0
MSES0_SI1589,75.0
MSES0_SI2216,79.2
MSES0_SI2219,100.0
MSES0_SX149,60.0
MSES0_SX239,74.3
MSES0_SX329,61.5
MSES0_SX419,78.4
MSES0_SX59,70.8
MSFH0_SI1216,132.0
MSFH0_SI1738,142.3
MSFH0_SI586,100.0
MSFH0_SX136,80.4
MSFH0_SX226,85.7
MSFH0_SX316,85.7
MSFH0_SX406,87.2
MSFH0_SX46,67.7
MSFV0_SI1262,100.0
MSFV0_SI1892,95.3
MSFV0_SI632,77.4
MSFV0_SX182,117.4
MSFV0_SX272,92.6
MSFV0_SX362,83.7
MSFV0_SX452,87.0
MSFV0_SX92,82.9
MSJK0_SI1596,76.7
MSJK0_SI2226,80.8
MSJK0_SI966,100.0
MSJK0_SX156,68.2
MSJK0_SX246,103.2
MSJK0_SX336,92.7
MSJK0_SX426,105.3
MSJK0_SX66,63.9
MSMC0_SI1907,84.4
MSMC0_SI509,57.4
MSMC0_SI647,80.6
MSMC0_SX107,88.9
MSMC0_SX17,115.0
MSMC0_SX197,108.3
MSMC0_SX287,81.6
MSMC0_SX377,73.2
MSMR0_SI1150,82.5
MSMR0_SI1405,71.9
MSMR0_SI775,63.6
MSMR0_SX145,78.4
MSMR0_SX235,93.1
MSMR0_SX325,100.0
MSMR0_SX415,69.7
MSMR0_SX55,63.4
MSMS0_SI1433,75.4
MSMS0_SI2063,62.5
MSMS0_SI803,71.1
MSMS0_SX173,83.0
MSMS0_SX263,82.1
MSMS0_SX353,93.5
MSMS0_SX443,86.2
MSMS0_SX83,78.8
MSRG0_SI1221,70.7
MSRG0_SI1851,66.7
MSRG0_SI591,73.2
MSRG0_SX141,57.1
MSRG0_SX231,90.9
MSRG0_SX321,79.6
MSRG0_SX411,87.5
MSRG0_SX51,48.8
MSRR0_SI1131,70.6
MSRR0_SI1761,75.5
MSRR0_SI501,65.6
MSRR0_SX141,66.0
MSRR0_SX231,109.1
MSRR0_SX30,56.0
MSRR0_SX411,89.7
MSRR0_SX51,52.3
MSTF0_SI1396,82.9
MSTF0_SI766,115.0
MSTF0_SI852,78.1
MSTF0_SX136,69.2
MSTF0_SX226,67.5
MSTF0_SX316,79.3
MSTF0_SX406,85.4
MSTF0_SX46,53.1
MSVS0_SI1568,86.2
MSVS0_SI2198,82.5
MSVS0_SI938,89.8
MSVS0_SX128,117.9
MSVS0_SX218,83.3
MSVS0_SX308,94.1
MSVS0_SX38,73.8
MSVS0_SX398,100.0
MTAB0_SI1572,78.8
MTAB0_SI2202,143.8
MTAB0_SI942,75.6
MTAB0_SX132,108.3
MTAB0_SX222,75.0
MTAB0_SX312,81.0
MTAB0_SX402,100.0
MTAB0_SX42,58.1
MTAS0_SI1385,66.1
MTAS0_SI2015,65.4
MTAS0_SI755,64.9
MTAS0_SX125,64.3
MTAS0_SX215,102.9
MTAS0_SX305,67.9
MTAS0_SX35,75.9
MTAS0_SX395,82.9
MTAT0_SI1110,67.2
MTAT0_SI1740,82.1
MTAT0_SI811,78.9
MTAT0_SX120,100.0
MTAT0_SX210,84.0
MTAT0_SX30,64.0
MTAT0_SX300,77.8
MTAT0_SX390,78.4
MTAT1_SI1409,93.9
MTAT1_SI1627,73.7
MTAT1_SI779,58.5
MTAT1_SX149,72.0
MTAT1_SX239,86.5
MTAT1_SX329,72.2
MTAT1_SX419,102.7
MTAT1_SX59,75.0
MTBC0_SI1173,86.7
MTBC0_SI1803,82.4
MTBC0_SI543,65.1
MTBC0_SX183,90.3
MTBC0_SX273,80.6
MTBC0_SX347,78.3
MTBC0_SX363,86.0
MTBC0_SX93,84.0
MTCS0_SI1972,57.1
MTCS0_SI2265,123.1
MTCS0_SI712,98.3
MTCS0_SX172,77.5
MTCS0_SX262,77.4
MTCS0_SX352,63.1
MTCS0_SX442,95.7
MTCS0_SX82,64.7
MTDB0_SI1401,72.1
MTDB0_SI2031,73.1
MTDB0_SI771,82.0
MTDB0_SX141,55.1
MTDB0_SX231,100.0
MTDB0_SX321,80.0
MTDB0_SX411,84.6
MTDB0_SX51,52.4
MTDP0_SI1274,66.7
MTDP0_SI1521,105.6
MTDP0_SI2151,102.7
MTDP0_SX171,102.0
MTDP0_SX261,88.5
MTDP0_SX351,119.6
MTDP0_SX441,97.3
MTDP0_SX81,65.7
MTER0_SI1157,60.9
MTER0_SI1787,93.3
MTER0_SI527,78.1
MTER0_SX167,77.6
MTER0_SX17,95.0
MTER0_SX257,84.0
MTER0_SX437,80.9
MTER0_SX77,71.8
MTJG0_SI1520,67.9
MTJG0_SI2157,71.4
MTJG0_SI890,73.5
MTJG0_SX170,86.5
MTJG0_SX260,73.8
MTJG0_SX350,89.8
MTJG0_SX440,81.3
MTJG0_SX80,65.5
MTJM0_SI1226,96.0
MTJM0_SI1856,105.0
MTJM0_SI655,76.3
MTJM0_SX146,64.7
MTJM0_SX236,77.4
MTJM0_SX326,89.7
MTJM0_SX416,107.4
MTJM0_SX56,62.5
MTJS0_SI1192,85.0
MTJS0_SI1822,94.7
MTJS0_SI562,70.5
MTJS0_SX112,94.3
MTJS0_SX202,65.2
MTJS0_SX22,100.0
MTJS0_SX292,67.3
MTJS0_SX382,108.1
MTJU0_SI2020,76.7
MTJU0_SI2269,113.3
MTJU0_SI760,68.2
MTJU0_SX130,72.7
MTJU0_SX220,62.7
MTJU0_SX310,67.6
MTJU0_SX40,66.0
MTJU0_SX400,71.8
MTKD0_SI1187,75.0
MTKD0_SI1817,100.0
MTKD0_SI630,77.4
MTKD0_SX107,78.4
MTKD0_SX17,100.0
MTKD0_SX197,91.7
MTKD0_SX287,74.4
MTKD0_SX377,70.0
MTKP0_SI1023,97.0
MTKP0_SI2283,109.1
MTKP0_SI454,76.3
MTKP0_SX123,80.0
MTKP0_SX213,79.4
MTKP0_SX303,89.7
MTKP0_SX33,75.0
MTKP0_SX393,87.1
MTLB0_SI1134,68.1
MTLB0_SI1764,70.0
MTLB0_SI504,107.1
MTLB0_SX144,76.7
MTLB0_SX234,72.7
MTLB0_SX324,67.7
MTLB0_SX414,70.7
MTLB0_SX54,71.7
MTLC0_SI1313,69.2
MTLC0_SI1477,70.8
MTLC0_SI847,75.8
MTLC0_SX127,66.7
MTLC0_SX217,73.1
MTLC0_SX307,72.7
MTLC0_SX37,51.2
MTLC0_SX397,75.8
MTML0_SI1065,81.8
MTML0_SI1695,68.6
MTML0_SI2325,79.5
MTML0_SX165,76.2
MTML0_SX255,81.8
MTML0_SX345,103.3
MTML0_SX435,74.0
MTML0_SX75,80.6
MTMN0_SI1064,85.7
MTMN0_SI2324,75.0
MTMN0_SI582,75.4
MTMN0_SX164,81.0
MTMN0_SX254,91.3
MTMN0_SX344,122.7
MTMN0_SX434,86.2
MTMN0_SX74,85.3
MTMT0_SI1118,82.9
MTMT0_SI1748,73.5
MTMT0_SI488,94.2
MTMT0_SX128,92.6
MTMT0_SX218,71.4
MTMT0_SX308,81.8
MTMT0_SX38,65.9
MTMT0_SX398,77.3
MTPF0_SI1235,91.5
MTPF0_SI1865,77.3
MTPF0_SI605,64.4
MTPF0_SX155,72.5
MTPF0_SX245,100.0
MTPF0_SX335,78.6
MTPF0_SX425,79.2
MTPF0_SX65,63.3
MTPG0_SI1383,79.3
MTPG0_SI2013,70.0
MTPG0_SI753,79.7
MTPG0_SX123,82.9
MTPG0_SX213,90.0
MTPG0_SX303,82.8
MTPG0_SX33,80.6
MTPG0_SX393,75.8
MTPP0_SI1508,68.8
MTPP0_SI2138,95.5
MTPP0_SI878,70.4
MTPP0_SX158,74.1
MTPP0_SX248,71.4
MTPP0_SX338,83.8
MTPP0_SX428,60.4
MTPP0_SX68,55.9
MTPR0_SI1600,89.5
MTPR0_SI2230,73.4
MTPR0_SI506,61.9
MTPR0_SX160,91.3
MTPR0_SX250,100.0
MTPR0_SX340,103.1
MTPR0_SX430,86.3
MTPR0_SX70,91.7
MTQC0_SI1441,113.8
MTQC0_SI2071,109.5
MTQC0_SI480,91.3
MTQC0_SX181,110.6
MTQC0_SX271,106.3
MTQC0_SX361,91.7
MTQC0_SX451,107.8
MTQC0_SX91,56.4
MTRC0_SI1623,62.2
MTRC0_SI589,62.5
MTRC0_SI993,75.0
MTRC0_SX170,66.1
MTRC0_SX183,82.8
MTRC0_SX273,66.7
MTRC0_SX363,75.0
MTRC0_SX93,64.0
MTRR0_SI1548,81.0
MTRR0_SI2178,81.5
MTRR0_SI918,83.6
MTRR0_SX108,62.5
MTRR0_SX18,93.1
MTRR0_SX198,87.5
MTRR0_SX288,86.0
MTRR0_SX378,86.8
MTRT0_SI1227,74.1
MTRT0_SI1857,90.5
MTRT0_SI597,73.5
MTRT0_SX147,66.7
MTRT0_SX237,77.8
MTRT0_SX254,85.7
MTRT0_SX417,77.5
MTRT0_SX57,87.1
MTWH1_SI1512,72.9
MTWH1_SI2142,85.0
MTWH1_SI882,81.3
MTWH1_SX162,91.4
MTWH1_SX252,77.1
MTWH1_SX342,73.0
MTWH1_SX432,82.4
MTWH1_SX72,40.7
MTXS0_SI1060,84.6
MTXS0_SI1690,80.0
MTXS0_SI2320,79.3
MTXS0_SX160,73.5
MTXS0_SX250,100.0
MTXS0_SX340,96.6
MTXS0_SX430,110.6
MTXS0_SX70,64.3
MVJH0_SI1556,90.6
MVJH0_SI2186,82.9
MVJH0_SI926,67.6
MVJH0_SX116,63.3
MVJH0_SX206,70.0
MVJH0_SX26,80.8
MVJH0_SX296,70.0
MVJH0_SX386,61.3
MVLO0_SI1147,108.8
MVLO0_SI1777,78.6
MVLO0_SI517,90.9
MVLO0_SX157,75.8
MVLO0_SX247,80.9
MVLO0_SX337,76.3
MVLO0_SX427,92.0
MVLO0_SX67,67.4
MVRW0_SI1485,76.3
MVRW0_SI2115,73.7
MVRW0_SI855,81.1
MVRW0_SX135,65.9
MVRW0_SX225,73.1
MVRW0_SX315,72.4
MVRW0_SX405,63.9
MVRW0_SX45,54.5
MWAC0_SI1601,88.0
MWAC0_SI2231,105.3
MWAC0_SI971,93.1
MWAC0_SX161,108.2
MWAC0_SX251,84.9
MWAC0_SX341,81.4
MWAC0_SX431,82.9
MWAC0_SX71,77.4
MWAD0_SI1062,56.7
MWAD0_SI1749,55.6
MWAD0_SI2322,55.9
MWAD0_SX162,86.7
MWAD0_SX252,75.0
MWAD0_SX342,69.4
MWAD0_SX432,60.4
MWAD0_SX72,68.2
MWAR0_SI1045,81.4
MWAR0_SI1675,81.6
MWAR0_SI2305,85.2
MWAR0_SX145,81.6
MWAR0_SX235,100.0
MWAR0_SX325,108.0
MWAR0_SX415,83.3
MWAR0_SX55,58.7
MWCH0_SI1622,83.3
MWCH0_SI1895,85.7
MWCH0_SI2252,64.3
MWCH0_SX182,95.5
MWCH0_SX272,96.0
MWCH0_SX362,73.8
MWCH0_SX452,75.0
MWCH0_SX92,76.5
MWDK0_SI1436,81.4
MWDK0_SI2017,63.3
MWDK0_SI806,94.1
MWDK0_SX176,82.4
MWDK0_SX266,74.2
MWDK0_SX356,82.9
MWDK0_SX446,73.2
MWDK0_SX86,63.3
MWEM0_SI1320,80.6
MWEM0_SI1393,71.9
MWEM0_SI1950,80.0
MWEM0_SX150,93.3
MWEM0_SX240,84.2
MWEM0_SX330,82.1
MWEM0_SX420,86.3
MWEM0_SX60,77.6
MWGR0_SI1606,75.7
MWGR0_SI2236,75.8
MWGR0_SI976,55.0
MWGR0_SX166,70.7
MWGR0_SX256,81.8
MWGR0_SX346,71.7
MWGR0_SX436,56.0
MWGR0_SX76,73.7
MWRE0_SI1057,123.1
MWRE0_SI1687,65.0
MWRE0_SI2317,68.6
MWRE0_SX157,86.1
MWRE0_SX247,85.4
MWRE0_SX337,68.2
MWRE0_SX427,88.9
MWRE0_SX67,64.4
MWRP0_SI1443,71.9
MWRP0_SI1525,78.9
MWRP0_SI2073,86.0
MWRP0_SX183,86.7
MWRP0_SX273,71.0
MWRP0_SX3,80.0
MWRP0_SX363,72.7
MWRP0_SX93,79.2
MWSB0_SI1626,69.0
MWSB0_SI2256,81.8
MWSB0_SI996,86.3
MWSB0_SX186,84.6
MWSB0_SX276,71.9
MWSB0_SX366,77.4
MWSB0_SX6,74.1
MWSB0_SX96,55.3
MWSH0_SI1426,76.2
MWSH0_SI2266,83.3
MWSH0_SI796,110.4
MWSH0_SX166,71.9
MWSH0_SX256,84.8
MWSH0_SX346,90.9
MWSH0_SX436,79.2
MWSH0_SX76,87.5
MZMB0_SI1166,65.5
MZMB0_SI1796,115.8
MZMB0_SI536,97.7
MZMB0_SX176,87.5
MZMB0_SX266,78.8
MZMB0_SX356,77.8
MZMB0_SX446,75.0
MZMB0_SX86,62.5
