MAKR0_SI722,47.1
MAKR0_SX182,65.0
MAKR0_SX272,60.0
MAKR0_SX362,52.4
MAKR0_SX452,52.5
MAKR0_SX92,60.6
MAPV0_SI1293,69.8
MAPV0_SI1923,50.0
MAPV0_SI663,50.0
MAPV0_SX123,61.9
MAPV0_SX213,57.6
MAPV0_SX303,48.3
MAPV0_SX33,55.2
MAPV0_SX393,41.2
MARC0_SI1188,55.6
MARC0_SI1818,46.7
MARC0_SI558,46.9
MARC0_SX108,38.9
MARC0_SX18,43.8
MARC0_SX198,46.9
MARC0_SX288,43.9
MARC0_SX378,45.0
MARW0_SI1276,58.3
MARW0_SI1906,70.4
MARW0_SI646,50.0
MARW0_SX106,63.3
MARW0_SX16,61.9
MARW0_SX286,46.0
MARW0_SX349,46.7
MARW0_SX376,44.7
MBAR0_SI1319,46.0
MBAR0_SI1949,41.2
MBAR0_SI689,60.4
MBAR0_SX149,46.9
MBAR0_SX239,61.8
MBAR0_SX329,58.5
MBAR0_SX419,43.2
MBAR0_SX59,53.8
MBBR0_SI1055,43.5
MBBR0_SI1685,32.5
MBBR0_SI2315,65.4
MBBR0_SX155,27.9
MBBR0_SX245,29.6
MBBR0_SX335,50.9
MBBR0_SX425,34.6
MBBR0_SX65,40.6
MBCG0_SI2217,33.3
MBCG0_SI486,43.5
MBCG0_SI957,40.7
MBCG0_SX147,36.6
MBCG0_SX237,25.0
MBCG0_SX327,57.6
MBCG0_SX417,39.5
MBCG0_SX57,34.4
MBEF0_SI1281,43.6
MBEF0_SI1911,50.0
MBEF0_SI651,54.5
MBEF0_SX111,35.7
MBEF0_SX201,50.0
MBEF0_SX21,55.0
MBEF0_SX291,51.6
MBEF0_SX381,48.3
MBGT0_SI1341,44.0
MBGT0_SI1841,59.3
MBGT0_SI711,53.7
MBGT0_SX171,60.4
MBGT0_SX261,60.0
MBGT0_SX351,80.9
MBGT0_SX441,59.5
MBGT0_SX81,52.9
MBJV0_SI1247,54.5
MBJV0_SI1877,74.2
MBJV0_SI617,64.1
MBJV0_SX167,76.1
MBJV0_SX257,70.8
MBJV0_SX347,65.5
MBJV0_SX437,60.0
MBJV0_SX77,55.6
MBMA0_SI1222,74.5
MBMA0_SI1852,75.0
MBMA0_SI592,68.4
MBMA0_SX142,38.6
MBMA0_SX232,52.3
MBMA0_SX322,54.5
MBMA0_SX412,51.2
MBMA0_SX52,40.9
MBMA1_SI2207,20.0
MBMA1_SI2214,64.7
MBMA1_SI954,45.8
MBMA1_SX144,59.4
MBMA1_SX234,38.2
MBMA1_SX324,55.0
MBMA1_SX414,34.1
MBMA1_SX54,50.0
MBML0_SI1169,60.0
MBML0_SI1799,73.3
MBML0_SI539,44.4
MBML0_SX179,56.8
MBML0_SX269,39.3
MBML0_SX359,44.4
MBML0_SX449,46.8
MBML0_SX89,50.0
MBOM0_SI1014,47.2
MBOM0_SI1644,62.1
MBOM0_SI2274,43.2
MBOM0_SX114,37.8
MBOM0_SX204,41.9
MBOM0_SX294,24.1
MBOM0_SX311,46.4
MBOM0_SX384,30.4
MBSB0_SI1353,50.9
MBSB0_SI1983,31.6
MBSB0_SI723,56.0
MBSB0_SX183,60.7
MBSB0_SX273,58.6
MBSB0_SX3,50.0
MBSB0_SX363,45.7
MBSB0_SX93,33.3
MBTH0_SI2102,47.4
MBTH0_SI505,27.8
MBTH0_SI757,28.6
MBTH0_SX122,40.4
MBTH0_SX212,45.5
MBTH0_SX302,36.7
MBTH0_SX32,35.1
MBTH0_SX392,38.1
MBWP0_SI1531,47.6
MBWP0_SI1969,38.9
MBWP0_SI709,50.0
MBWP0_SX169,46.5
MBWP0_SX259,37.8
MBWP0_SX349,48.4
MBWP0_SX439,46.5
MBWP0_SX79,31.0
MCAE0_SI1447,47.5
MCAE0_SI2077,60.5
MCAE0_SI817,72.2
MCAE0_SX187,60.9
MCAE0_SX277,53.8
MCAE0_SX367,57.1
MCAE0_SX7,75.0
MCAE0_SX97,77.4
MCAL0_SI1138,51.7
MCAL0_SI1768,38.1
MCAL0_SI508,59.1
MCAL0_SX148,59.0
MCAL0_SX238,61.1
MCAL0_SX328,50.0
MCAL0_SX418,75.0
MCAL0_SX58,49.1
MCDC0_SI1292,33.3
MCDC0_SI1922,38.7
MCDC0_SI662,33.3
MCDC0_SX122,39.1
MCDC0_SX212,51.2
MCDC0_SX302,53.6
MCDC0_SX32,28.9
MCDC0_SX392,41.9
MCDD0_SI1513,30.8
MCDD0_SI2143,48.5
MCDD0_SI883,52.6
MCDD0_SX163,54.1
MCDD0_SX253,55.2
MCDD0_SX343,44.7
MCDD0_SX433,58.1
MCDD0_SX73,47.4
MCDR0_SI1154,56.0
MCDR0_SI1784,56.1
MCDR0_SI524,41.4
MCDR0_SX164,47.6
MCDR0_SX254,55.0
MCDR0_SX344,66.7
MCDR0_SX434,50.0
MCDR0_SX74,44.1
MCEF0_SI1135,42.9
MCEF0_SI1765,47.1
MCEF0_SI842,38.7
MCEF0_SX145,29.3
MCEF0_SX235,29.0
MCEF0_SX325,53.8
MCEF0_SX415,43.2
MCEF0_SX55,25.6
MCEW0_SI1442,51.4
MCEW0_SI2072,71.2
MCEW0_SI812,67.8
MCEW0_SX182,85.7
MCEW0_SX272,70.4
MCEW0_SX362,69.8
MCEW0_SX452,54.3
MCEW0_SX92,64.7
MCHL0_SI1347,56.7
MCHL0_SI1404,60.7
MCHL0_SI1977,54.2
MCHL0_SX177,60.0
MCHL0_SX267,67.6
MCHL0_SX357,62.2
MCHL0_SX447,51.9
MCHL0_SX87,45.5
MCLK0_SI1660,27.8
MCLK0_SI2290,54.5
MCLK0_SI650,42.4
MCLK0_SX130,44.1
MCLK0_SX220,46.9
MCLK0_SX310,50.0
MCLK0_SX40,37.5
MCLK0_SX400,58.3
MCLM0_SI1456,61.7
MCLM0_SI2086,84.2
MCLM0_SI826,57.9
MCLM0_SX106,53.3
MCLM0_SX16,61.9
MCLM0_SX196,50.0
MCLM0_SX286,47.1
MCLM0_SX376,56.1
MCPM0_SI1194,40.0
MCPM0_SI1824,36.8
MCPM0_SI564,54.5
MCPM0_SX114,24.3
MCPM0_SX204,43.3
MCPM0_SX24,63.6
MCPM0_SX294,26.9
MCPM0_SX384,28.6
MCRE0_SI1121,61.2
MCRE0_SI1725,43.8
MCRE0_SI1751,44.7
MCRE0_SX131,41.2
MCRE0_SX221,38.1
MCRE0_SX24,47.6
MCRE0_SX401,28.2
MCRE0_SX41,44.0
MCSS0_SI1380,52.5
MCSS0_SI688,53.3
MCSS0_SI750,53.1
MCSS0_SX120,35.1
MCSS0_SX210,56.0
MCSS0_SX30,20.0
MCSS0_SX300,44.4
MCSS0_SX390,50.0
MCTH0_SI1209,59.0
MCTH0_SI1839,59.4
MCTH0_SI579,55.0
MCTH0_SX129,60.7
MCTH0_SX219,57.1
MCTH0_SX309,53.7
MCTH0_SX39,51.2
MCTH0_SX399,62.1
MCTM0_SI1350,47.3
MCTM0_SI1980,50.0
MCTM0_SI720,30.0
MCTM0_SX180,42.9
MCTM0_SX270,48.4
MCTM0_SX360,51.6
MCTM0_SX450,57.8
MCTM0_SX90,33.3
MCXM0_SI1351,52.8
MCXM0_SI1981,58.0
MCXM0_SI721,41.4
MCXM0_SX181,46.7
MCXM0_SX271,50.0
MCXM0_SX361,45.5
MCXM0_SX451,56.3
MCXM0_SX91,45.0
MDAC0_SI1261,46.2
MDAC0_SI1837,41.4
MDAC0_SI631,40.7
MDAC0_SX181,42.6
MDAC0_SX271,51.5
MDAC0_SX361,42.9
MDAC0_SX451,46.8
MDAC0_SX91,43.2
MDAS0_SI1266,50.0
MDAS0_SI1896,56.9
MDAS0_SI636,42.1
MDAS0_SX186,53.8
MDAS0_SX21,66.7
MDAS0_SX276,51.6
MDAS0_SX6,40.0
MDAS0_SX96,32.4
MDBB1_SI1006,41.7
MDBB1_SI1636,46.2
MDBB1_SI2056,62.7
MDBB1_SX106,35.5
MDBB1_SX16,61.9
MDBB1_SX196,57.1
MDBB1_SX286,33.3
MDBB1_SX376,43.9
MDBP0_SI1158,63.2
MDBP0_SI1788,58.1
MDBP0_SI528,40.9
MDBP0_SX168,46.2
MDBP0_SX258,60.5
MDBP0_SX348,37.5
MDBP0_SX438,49.0
MDBP0_SX78,51.6
MDCD0_SI1415,70.3
MDCD0_SI2045,66.7
MDCD0_SI785,75.0
MDCD0_SX155,61.0
MDCD0_SX245,65.5
MDCD0_SX335,81.8
MDCD0_SX425,66.7
MDCD0_SX65,74.2
MDCM0_SI1480,52.5
MDCM0_SI2110,46.2
MDCM0_SI850,51.4
MDCM0_SX130,54.8
MDCM0_SX220,51.1
MDCM0_SX310,42.4
MDCM0_SX40,44.4
MDCM0_SX400,43.2
MDDC0_SI1419,36.5
MDDC0_SI2049,52.9
MDDC0_SI789,43.9
MDDC0_SX159,61.5
MDDC0_SX249,26.9
MDDC0_SX339,56.3
MDDC0_SX429,27.0
MDDC0_SX69,42.4
MDED0_SI1170,54.5
MDED0_SI1800,29.0
MDED0_SI540,47.5
MDED0_SX180,54.1
MDED0_SX270,53.3
MDED0_SX360,54.8
MDED0_SX450,62.2
MDED0_SX90,40.0
MDEF0_SI1123,63.2
MDEF0_SI1563,45.9
MDEF0_SI2193,55.9
MDEF0_SX123,65.7
MDEF0_SX213,38.7
MDEF0_SX303,55.6
MDEF0_SX33,65.6
MDEF0_SX393,53.3
MDEM0_SI1868,34.6
MDEM0_SI608,44.4
MDEM0_SI800,49.2
MDEM0_SX158,37.9
MDEM0_SX248,55.2
MDEM0_SX338,56.4
MDEM0_SX428,47.7
MDEM0_SX68,51.5
MDHL0_SI1439,34.1
MDHL0_SI2069,65.6
MDHL0_SI809,40.5
MDHL0_SX179,55.3
MDHL0_SX269,46.4
MDHL0_SX359,48.9
MDHL0_SX449,55.6
MDHL0_SX89,50.0
MDHS0_SI1530,30.3
MDHS0_SI2160,30.6
MDHS0_SI900,44.6
MDHS0_SX180,20.6
MDHS0_SX270,51.6
MDHS0_SX360,29.0
MDHS0_SX450,38.3
MDHS0_SX90,24.0
MDJM0_SI1455,45.3
MDJM0_SI2085,42.1
MDJM0_SI825,30.6
MDJM0_SX105,34.4
MDJM0_SX15,40.6
MDJM0_SX195,36.4
MDJM0_SX285,65.5
MDJM0_SX375,61.0
MDKS0_SI1066,69.6
MDKS0_SI1696,62.1
MDKS0_SI2326,65.9
MDKS0_SX166,56.5
MDKS0_SX256,57.6
MDKS0_SX346,59.2
MDKS0_SX436,69.6
MDKS0_SX76,50.0
MDLB0_SI1306,41.3
MDLB0_SI1936,80.0
MDLB0_SI676,31.8
MDLB0_SX136,42.6
MDLB0_SX226,42.9
MDLB0_SX316,34.5
MDLB0_SX406,34.0
MDLB0_SX46,35.5
MDLC0_SI1395,45.5
MDLC0_SI2025,60.9
MDLC0_SI765,68.4
MDLC0_SX135,34.9
MDLC0_SX225,29.6
MDLC0_SX315,69.0
MDLC0_SX405,62.2
MDLC0_SX45,53.1
MDLC1_SI1435,50.0
MDLC1_SI2065,56.7
MDLC1_SI2144,61.9
MDLC1_SX175,58.9
MDLC1_SX265,36.8
MDLC1_SX355,58.1
MDLC1_SX445,54.3
MDLC1_SX85,50.0
MDLC2_SI1614,45.0
MDLC2_SI2244,25.0
MDLC2_SI984,51.9
MDLC2_SX174,52.8
MDLC2_SX264,66.7
MDLC2_SX354,54.3
MDLC2_SX444,52.5
MDLC2_SX84,58.3
MDLH0_SI1960,50.0
MDLH0_SI574,39.1
MDLH0_SI700,52.5
MDLH0_SX160,39.1
MDLH0_SX250,46.2
MDLH0_SX340,54.8
MDLH0_SX430,46.8
MDLH0_SX70,25.0
MDLM0_SI1234,48.6
MDLM0_SI1864,57.9
MDLM0_SI604,50.0
MDLM0_SX154,50.0
MDLM0_SX244,56.1
MDLM0_SX334,57.1
MDLM0_SX424,45.7
MDLM0_SX64,51.4
MDLR0_SI1233,54.8
MDLR0_SI1863,61.1
MDLR0_SI603,47.4
MDLR0_SX153,55.3
MDLR0_SX243,79.5
MDLR0_SX333,66.0
MDLR0_SX423,71.7
MDLR0_SX63,57.1
MDLR1_SI1299,38.5
MDLR1_SI1929,39.3
MDLR1_SI669,35.7
MDLR1_SX129,32.1
MDLR1_SX219,38.1
MDLR1_SX309,37.2
MDLR1_SX39,35.7
MDLR1_SX399,44.8
MDMA0_SI1238,47.6
MDMA0_SI1430,31.6
MDMA0_SI2060,36.4
MDMA0_SX170,37.5
MDMA0_SX260,45.5
MDMA0_SX350,40.8
MDMA0_SX440,39.6
MDMA0_SX80,43.3
MDMT0_SI1832,42.9
MDMT0_SI2341,61.1
MDMT0_SI572,60.0
MDMT0_SX122,46.0
MDMT0_SX212,65.9
MDMT0_SX302,39.3
MDMT0_SX32,51.4
MDMT0_SX392,44.2
MDNS0_SI1011,52.5
MDNS0_SI2271,48.0
MDNS0_SI873,51.7
MDNS0_SX111,51.6
MDNS0_SX201,45.9
MDNS0_SX21,57.1
MDNS0_SX291,47.1
MDNS0_SX381,38.7
MDPB0_SI1760,45.3
MDPB0_SI2126,38.5
MDPB0_SI866,46.6
MDPB0_SX146,27.0
MDPB0_SX236,42.4
MDPB0_SX326,48.1
MDPB0_SX416,35.7
MDPB0_SX56,41.5
MDPK0_SI1053,47.1
MDPK0_SI1683,70.0
MDPK0_SI552,43.8
MDPK0_SX153,42.6
MDPK0_SX243,50.0
MDPK0_SX333,44.9
MDPK0_SX423,43.5
MDPK0_SX63,34.2
MDPS0_SI1651,40.0
MDPS0_SI1979,39.5
MDPS0_SI719,42.9
MDPS0_SX179,55.3
MDPS0_SX269,57.1
MDPS0_SX359,51.1
MDPS0_SX449,38.3
MDPS0_SX89,40.5
MDRD0_SI1382,25.9
MDRD0_SI2012,48.3
MDRD0_SI752,37.7
MDRD0_SX122,55.6
MDRD0_SX212,47.7
MDRD0_SX302,53.3
MDRD0_SX32,41.7
MDRD0_SX392,35.7
MDSJ0_SI1462,53.3
MDSJ0_SI2092,65.5
MDSJ0_SI832,54.1
MDSJ0_SX112,55.9
MDSJ0_SX22,56.5
MDSJ0_SX292,51.0
MDSJ0_SX382,41.7
MDSJ0_SX438,50.0
MDSS0_SI1881,46.2
MDSS0_SI2087,47.8
MDSS0_SI621,48.6
MDSS0_SX171,51.9
MDSS0_SX261,60.9
MDSS0_SX351,49.0
MDSS0_SX441,55.6
MDSS0_SX81,45.7
MDSS1_SI1327,55.6
MDSS1_SI1713,41.2
MDSS1_SI697,50.9
MDSS1_SX157,54.8
MDSS1_SX247,52.3
MDSS1_SX337,54.1
MDSS1_SX427,55.6
MDSS1_SX67,45.0
MDTB0_SI1200,47.2
MDTB0_SI1830,40.5
MDTB0_SI570,63.6
MDTB0_SX120,63.9
MDTB0_SX210,60.0
MDTB0_SX300,48.3
MDTB0_SX321,52.0
MDTB0_SX390,44.7
MDWD0_SI1260,33.8
MDWD0_SI1890,39.1
MDWD0_SI557,29.4
MDWD0_SX180,40.6
MDWD0_SX270,40.0
MDWD0_SX360,39.4
MDWD0_SX450,40.9
MDWD0_SX90,32.0
MDWH0_SI1168,32.8
MDWH0_SI1925,42.1
MDWH0_SI665,56.8
MDWH0_SX125,48.1
MDWH0_SX215,51.4
MDWH0_SX305,35.5
MDWH0_SX35,46.7
MDWH0_SX395,43.6
MDWM0_SI1546,61.8
MDWM0_SI2176,40.6
MDWM0_SI916,38.0
MDWM0_SX106,40.0
MDWM0_SX16,57.1
MDWM0_SX286,43.1
MDWM0_SX376,41.5
MDWM0_SX433,50.0
MEAL0_SI1547,46.4
MEAL0_SI2177,64.7
MEAL0_SI917,60.6
MEAL0_SX107,50.0
MEAL0_SX197,66.7
MEAL0_SX287,50.0
MEAL0_SX347,56.4
MEAL0_SX377,46.2
MEDR0_SI1374,35.3
MEDR0_SI2004,26.7
MEDR0_SI744,44.9
MEDR0_SX114,30.6
MEDR0_SX204,40.6
MEDR0_SX24,59.1
MEDR0_SX294,40.0
MEDR0_SX384,34.8
MEFG0_SI465,48.5
MEFG0_SI491,64.3
MEFG0_SI598,68.6
MEFG0_SX105,70.0
MEFG0_SX15,96.8
MEFG0_SX195,62.5
MEFG0_SX285,75.9
MEFG0_SX375,68.2
MEGJ0_SI1337,76.7
MEGJ0_SI1967,61.1
MEGJ0_SI707,67.3
MEGJ0_SX167,75.0
MEGJ0_SX257,73.1
MEGJ0_SX3,93.8
MEGJ0_SX437,66.0
MEGJ0_SX77,73.2
MEJL0_SI1592,48.7
MEJL0_SI1654,43.5
MEJL0_SI962,62.8
MEJL0_SX152,52.5
MEJL0_SX242,68.8
MEJL0_SX332,33.3
MEJL0_SX422,47.6
MEJL0_SX62,30.2
MEJS0_SI1240,44.6
MEJS0_SI1870,48.3
MEJS0_SI610,44.4
MEJS0_SX160,53.2
MEJS0_SX250,33.3
MEJS0_SX340,48.5
MEJS0_SX430,52.3
MEJS0_SX70,45.5
MESG0_SI1332,70.0
MESG0_SI1962,57.7
MESG0_SI702,77.1
MESG0_SX162,48.6
MESG0_SX252,52.9
MESG0_SX342,47.2
MESG0_SX432,50.9
MESG0_SX72,56.0
MESJ0_SI2039,48.1
MESJ0_SI2257,45.5
MESJ0_SI997,55.6
MESJ0_SX187,54.5
MESJ0_SX277,32.0
MESJ0_SX367,32.4
MESJ0_SX7,66.7
MESJ0_SX97,66.7
MEWM0_SI1348,53.6
MEWM0_SI1978,55.6
MEWM0_SI718,52.6
MEWM0_SX178,43.2
MEWM0_SX268,51.2
MEWM0_SX358,48.1
MEWM0_SX448,51.7
MEWM0_SX88,53.1
MFER0_SI1492,56.5
MFER0_SI2122,35.3
MFER0_SI862,58.3
MFER0_SX142,45.7
MFER0_SX232,45.5
MFER0_SX322,54.5
MFER0_SX412,50.0
MFER0_SX52,41.5
MFMC0_SI1132,47.6
MFMC0_SI1762,45.9
MFMC0_SI502,56.3
MFMC0_SX142,51.1
MFMC0_SX232,43.2
MFMC0_SX322,41.2
MFMC0_SX412,37.2
MFMC0_SX52,44.4
MFRM0_SI1155,63.0
MFRM0_SI1717,50.0
MFRM0_SI1785,55.9
MFRM0_SX165,57.5
MFRM0_SX255,60.6
MFRM0_SX345,53.6
MFRM0_SX435,62.5
MFRM0_SX75,56.7
MFWK0_SI1249,24.0
MFWK0_SI1879,59.3
MFWK0_SI619,44.4
MFWK0_SX169,56.1
MFWK0_SX259,52.9
MFWK0_SX349,43.1
MFWK0_SX439,44.4
MFWK0_SX79,48.8
MFXS0_SI1674,38.9
MFXS0_SI2225,43.8
MFXS0_SI2304,18.9
MFXS0_SX144,45.5
MFXS0_SX234,52.9
MFXS0_SX324,53.7
MFXS0_SX414,39.5
MFXS0_SX54,46.7
MFXV0_SI1005,48.1
MFXV0_SI1342,48.5
MFXV0_SI1635,47.2
MFXV0_SX105,35.3
MFXV0_SX15,63.6
MFXV0_SX195,43.5
MFXV0_SX285,52.8
MFXV0_SX375,61.0
MGAF0_SI1282,67.2
MGAF0_SI1912,71.4
MGAF0_SI652,47.1
MGAF0_SX112,55.6
MGAF0_SX202,62.5
MGAF0_SX22,66.7
MGAF0_SX292,42.9
MGAF0_SX382,67.6
MGAG0_SI1321,54.4
MGAG0_SI645,56.5
MGAG0_SI691,49.1
MGAG0_SX151,48.8
MGAG0_SX241,56.3
MGAG0_SX331,48.5
MGAG0_SX421,51.4
MGAG0_SX61,61.1
MGAK0_SI1036,55.2
MGAK0_SI1666,54.3
MGAK0_SI2296,40.0
MGAK0_SX136,40.4
MGAK0_SX226,51.2
MGAK0_SX316,41.4
MGAK0_SX406,34.7
MGAK0_SX46,29.0
MGAR0_SI1212,38.1
MGAR0_SI1694,35.7
MGAR0_SI1842,33.3
MGAR0_SX132,51.4
MGAR0_SX222,52.4
MGAR0_SX312,54.7
MGAR0_SX402,40.6
MGAR0_SX42,26.7
MGAW0_SI1165,43.8
MGAW0_SI1802,41.4
MGAW0_SI535,42.9
MGAW0_SX175,59.6
MGAW0_SX265,41.7
MGAW0_SX355,56.3
MGAW0_SX445,53.1
MGAW0_SX85,43.8
MGES0_SI1481,56.3
MGES0_SI2111,78.9
MGES0_SI851,67.3
MGES0_SX131,50.0
MGES0_SX221,60.5
MGES0_SX311,60.0
MGES0_SX401,68.6
MGES0_SX41,52.9
MGJC0_SI1256,42.9
MGJC0_SI1335,45.9
MGJC0_SI1965,63.9
MGJC0_SX165,59.0
MGJC0_SX255,44.1
MGJC0_SX345,41.4
MGJC0_SX435,44.9
MGJC0_SX75,68.8
MGRL0_SI1497,58.1
MGRL0_SI2127,50.0
MGRL0_SI867,59.0
MGRL0_SX147,55.8
MGRL0_SX237,35.3
MGRL0_SX327,53.8
MGRL0_SX417,50.0
MGRL0_SX57,56.7
MGRP0_SI1317,62.3
MGRP0_SI1947,67.7
MGRP0_SI687,58.3
MGRP0_SX147,63.0
MGRP0_SX237,52.6
MGRP0_SX327,55.6
MGRP0_SX417,47.4
MGRP0_SX57,67.6
MGSH0_SI1176,46.9
MGSH0_SI1806,59.0
MGSH0_SI546,66.7
MGSH0_SX127,41.7
MGSH0_SX186,62.1
MGSH0_SX276,50.0
MGSH0_SX6,61.5
MGSH0_SX96,41.7
MGSL0_SI1164,50.0
MGSL0_SI534,37.5
MGSL0_SI797,37.9
MGSL0_SX174,54.7
MGSL0_SX264,48.1
MGSL0_SX354,48.4
MGSL0_SX444,40.5
MGSL0_SX84,37.5
MGXP0_SI1087,68.5
MGXP0_SI457,62.1
MGXP0_SI525,58.6
MGXP0_SX187,73.1
MGXP0_SX277,50.0
MGXP0_SX367,52.8
MGXP0_SX7,62.1
MGXP0_SX97,45.5
MHBS0_SI1575,48.6
MHBS0_SI2205,39.4
MHBS0_SI945,50.8
MHBS0_SX135,29.5
MHBS0_SX225,65.4
MHBS0_SX315,53.6
MHBS0_SX405,21.6
MHBS0_SX45,30.3
MHIT0_SI1613,39.4
MHIT0_SI2243,56.0
MHIT0_SI983,53.3
MHIT0_SX173,66.0
MHIT0_SX263,46.4
MHIT0_SX353,57.6
MHIT0_SX443,63.3
MHIT0_SX83,45.9
MHJB0_SI1017,52.8
MHJB0_SI1647,31.6
MHJB0_SI2277,44.6
MHJB0_SX117,45.2
MHJB0_SX207,34.8
MHJB0_SX27,28.0
MHJB0_SX297,48.4
MHJB0_SX387,40.0
MHMG0_SI1365,50.0
MHMG0_SI1995,42.5
MHMG0_SI735,47.4
MHMG0_SX105,34.4
MHMG0_SX15,43.8
MHMG0_SX195,60.0
MHMG0_SX285,59.4
MHMG0_SX375,52.5
MHMR0_SI1119,45.5
MHMR0_SI1692,54.4
MHMR0_SI489,56.3
MHMR0_SX129,37.0
MHMR0_SX219,39.5
MHMR0_SX309,56.1
MHMR0_SX39,36.6
MHMR0_SX399,70.4
MHRM0_SI1475,36.0
MHRM0_SI2218,36.8
MHRM0_SI958,50.0
MHRM0_SX148,43.2
MHRM0_SX238,51.3
MHRM0_SX328,51.1
MHRM0_SX418,47.4
MHRM0_SX58,47.1
MHXL0_SI1772,58.8
MHXL0_SI512,51.4
MHXL0_SI612,61.5
MHXL0_SX152,40.0
MHXL0_SX242,61.1
MHXL0_SX332,39.0
MHXL0_SX422,65.9
MHXL0_SX62,36.4
MILB0_SI2163,60.6
MILB0_SI807,46.3
MILB0_SI903,57.6
MILB0_SX183,63.0
MILB0_SX273,65.6
MILB0_SX3,42.9
MILB0_SX363,57.1
MILB0_SX93,44.0
MJAC0_SI1331,48.7
MJAC0_SI2148,57.1
MJAC0_SI701,41.9
MJAC0_SX251,50.0
MJAC0_SX307,25.0
MJAC0_SX341,45.0
MJAC0_SX431,47.4
MJAC0_SX71,51.7
MJAE0_SI1524,52.6
MJAE0_SI1999,66.7
MJAE0_SI2154,43.8
MJAE0_SX174,52.1
MJAE0_SX264,75.9
MJAE0_SX354,55.9
MJAE0_SX444,48.6
MJAE0_SX84,56.8
MJAI0_SI1604,46.7
MJAI0_SI682,43.1
MJAI0_SI710,55.9
MJAI0_SX164,52.3
MJAI0_SX254,52.4
MJAI0_SX344,33.3
MJAI0_SX434,25.0
MJAI0_SX74,38.2
MJBG0_SI1232,41.9
MJBG0_SI1724,21.4
MJBG0_SI1862,37.5
MJBG0_SX152,35.7
MJBG0_SX242,37.8
MJBG0_SX332,33.3
MJBG0_SX422,48.8
MJBG0_SX62,31.1
MJDA0_SI1031,50.0
MJDA0_SI1661,64.7
MJDA0_SI2291,62.2
MJDA0_SX131,47.1
MJDA0_SX221,46.3
MJDA0_SX311,56.4
MJDA0_SX401,57.1
MJDA0_SX41,49.1
MJDC0_SI1161,68.0
MJDC0_SI2165,75.0
MJDC0_SI531,54.2
MJDC0_SX171,59.2
MJDC0_SX261,45.5
MJDC0_SX351,67.4
MJDC0_SX441,55.9
MJDC0_SX81,65.5
MJDE0_SI1120,59.4
MJDE0_SI463,70.0
MJDE0_SI490,56.5
MJDE0_SX130,55.9
MJDE0_SX220,54.0
MJDE0_SX310,63.2
MJDE0_SX40,47.8
MJDE0_SX400,51.2
MJDG0_SI1042,25.0
MJDG0_SI1672,41.7
MJDG0_SI1705,48.1
MJDG0_SX142,21.7
MJDG0_SX232,43.5
MJDG0_SX322,28.1
MJDG0_SX412,45.5
MJDG0_SX52,28.3
MJDM0_SI1340,51.0
MJDM0_SI1937,71.4
MJDM0_SI974,58.8
MJDM0_SX170,58.5
MJDM0_SX260,52.4
MJDM0_SX350,58.8
MJDM0_SX440,64.6
MJDM0_SX80,43.3
MJEB0_SI1286,34.0
MJEB0_SI1916,25.0
MJEB0_SI656,32.5
MJEB0_SX170,32.7
MJEB0_SX206,31.7
MJEB0_SX26,60.0
MJEB0_SX296,41.9
MJEB0_SX386,35.5
MJEB1_SI1467,56.1
MJEB1_SI2097,60.6
MJEB1_SI837,59.3
MJEB1_SX117,50.0
MJEB1_SX207,62.5
MJEB1_SX27,32.0
MJEB1_SX297,51.6
MJEB1_SX387,48.6
MJEE0_SI1237,69.2
MJEE0_SI1867,54.1
MJEE0_SI607,27.8
MJEE0_SX157,40.6
MJEE0_SX247,47.7
MJEE0_SX337,52.5
MJEE0_SX427,53.6
MJEE0_SX67,45.5
MJFH0_SI1107,56.3
MJFH0_SI1737,50.0
MJFH0_SI477,56.1
MJFH0_SX117,40.0
MJFH0_SX207,50.0
MJFH0_SX27,40.0
MJFH0_SX297,33.3
MJFH0_SX387,54.1
MJFR0_SI1605,54.1
MJFR0_SI2235,48.5
MJFR0_SI975,60.0
MJFR0_SX165,65.0
MJFR0_SX255,44.4
MJFR0_SX345,83.3
MJFR0_SX435,59.6
MJFR0_SX75,45.5
MJHI0_SI1328,53.1
MJHI0_SI555,53.6
MJHI0_SI698,50.0
MJHI0_SX158,53.6
MJHI0_SX248,61.5
MJHI0_SX338,65.7
MJHI0_SX428,44.4
MJHI0_SX68,52.9
MJJB0_SI1139,39.7
MJJB0_SI1277,45.8
MJJB0_SI1769,71.9
MJJB0_SX149,31.9
MJJB0_SX239,38.9
MJJB0_SX329,56.0
MJJB0_SX419,62.2
MJJB0_SX59,50.0
MJJJ0_SI1163,54.7
MJJJ0_SI1793,38.2
MJJJ0_SI533,54.8
MJJJ0_SX173,60.4
MJJJ0_SX263,51.7
MJJJ0_SX353,80.6
MJJJ0_SX443,66.7
MJJJ0_SX83,48.6
MJJM0_SI1251,61.7
MJJM0_SI1457,42.4
MJJM0_SI827,56.8
MJJM0_SX107,55.6
MJJM0_SX17,45.0
MJJM0_SX197,62.5
MJJM0_SX287,47.4
MJJM0_SX377,48.8
MJKR0_SI1201,62.3
MJKR0_SI1831,44.4
MJKR0_SI571,53.3
MJKR0_SX121,36.6
MJKR0_SX211,47.1
MJKR0_SX301,65.8
MJKR0_SX31,57.7
MJKR0_SX391,60.0
MJLB0_SI1616,53.3
MJLB0_SI2246,55.6
MJLB0_SI986,33.3
MJLB0_SX176,40.9
MJLB0_SX266,41.9
MJLB0_SX356,42.4
MJLB0_SX446,48.7
MJLB0_SX86,41.9
MJLG1_SI1012,47.1
MJLG1_SI1642,39.3
MJLG1_SI2272,39.0
MJLG1_SX112,40.5
MJLG1_SX202,48.0
MJLG1_SX22,50.0
MJLG1_SX292,43.1
MJLG1_SX382,35.9
MJLS0_SI1096,40.6
MJLS0_SI1726,45.3
MJLS0_SI466,41.4
MJLS0_SX106,46.7
MJLS0_SX16,61.9
MJLS0_SX196,23.8
MJLS0_SX286,37.3
MJLS0_SX376,33.3
MJMA0_SI1495,57.9
MJMA0_SI2125,30.8
MJMA0_SI865,43.8
MJMA0_SX145,28.2
MJMA0_SX235,43.3
MJMA0_SX325,76.0
MJMA0_SX415,55.6
MJMA0_SX55,22.2
MJMD0_SI1028,42.3
MJMD0_SI1658,70.0
MJMD0_SI2288,42.9
MJMD0_SX128,50.0
MJMD0_SX218,54.8
MJMD0_SX308,47.1
MJMD0_SX38,46.5
MJMD0_SX398,67.4
MJMM0_SI1255,41.7
MJMM0_SI1885,44.4
MJMM0_SI625,52.9
MJMM0_SX175,47.3
MJMM0_SX265,32.4
MJMM0_SX355,48.5
MJMM0_SX445,58.8
MJMM0_SX85,47.1
MJPG0_SI1191,52.9
MJPG0_SI1821,58.6
MJPG0_SI561,59.3
MJPG0_SX111,63.0
MJPG0_SX201,54.3
MJPG0_SX21,55.0
MJPG0_SX291,69.0
MJPG0_SX381,51.6
MJPM0_SI1368,55.4
MJPM0_SI1998,52.1
MJPM0_SI738,37.1
MJPM0_SX108,58.3
MJPM0_SX18,57.6
MJPM0_SX198,37.9
MJPM0_SX288,53.5
MJPM0_SX378,60.5
MJPM1_SI1897,52.9
MJPM1_SI2280,54.5
MJPM1_SI761,57.1
MJPM1_SX131,67.9
MJPM1_SX221,54.8
MJPM1_SX311,63.3
MJPM1_SX401,50.0
MJPM1_SX41,54.9
MJRA0_SI1236,53.3
MJRA0_SI1866,64.7
MJRA0_SI606,60.0
MJRA0_SX156,48.9
MJRA0_SX246,64.3
MJRA0_SX336,44.4
MJRA0_SX426,51.4
MJRA0_SX66,54.1
MJRG0_SI1366,85.7
MJRG0_SI1996,43.8
MJRG0_SI736,69.0
MJRG0_SX106,56.7
MJRG0_SX16,71.4
MJRG0_SX286,58.0
MJRG0_SX352,48.5
MJRG0_SX376,53.7
MJRH0_SI1125,42.1
MJRH0_SI1755,54.3
MJRH0_SI1840,44.4
MJRH0_SX135,39.0
MJRH0_SX225,41.7
MJRH0_SX315,60.7
MJRH0_SX405,40.5
MJRH0_SX45,51.6
MJRH1_SI1558,60.0
MJRH1_SI1774,73.5
MJRH1_SI514,55.2
MJRH1_SX154,29.4
MJRH1_SX244,59.5
MJRH1_SX334,47.1
MJRH1_SX424,38.2
MJRH1_SX64,66.7
MJRK0_SI1662,40.0
MJRK0_SI2103,58.8
MJRK0_SI880,43.6
MJRK0_SX160,51.1
MJRK0_SX250,48.7
MJRK0_SX340,45.2
MJRK0_SX430,41.7
MJRK0_SX70,20.0
MJRP0_SI1835,42.9
MJRP0_SI1845,37.1
MJRP0_SI585,27.5
MJRP0_SX135,40.9
MJRP0_SX225,40.0
MJRP0_SX315,53.6
MJRP0_SX405,41.7
MJRP0_SX45,50.0
MJSR0_SI1424,61.5
MJSR0_SI2054,44.1
MJSR0_SI794,55.4
MJSR0_SX164,50.0
MJSR0_SX254,61.9
MJSR0_SX344,50.0
MJSR0_SX434,44.0
MJSR0_SX74,37.5
MJWG0_SI2155,35.7
MJWG0_SI813,63.6
MJWG0_SI895,64.6
MJWG0_SX175,37.5
MJWG0_SX265,42.4
MJWG0_SX355,54.8
MJWG0_SX445,57.6
MJWG0_SX85,54.5
MJWS0_SI1143,61.3
MJWS0_SI1773,60.6
MJWS0_SI513,50.0
MJWS0_SX153,54.7
MJWS0_SX243,58.5
MJWS0_SX333,66.7
MJWS0_SX423,62.5
MJWS0_SX63,42.1
MJWT0_SI1291,46.9
MJWT0_SI1381,55.6
MJWT0_SI751,57.6
MJWT0_SX121,41.0
MJWT0_SX211,41.2
MJWT0_SX301,47.4
MJWT0_SX31,59.3
MJWT0_SX391,42.1
MJXA0_SI1507,40.4
MJXA0_SI2137,42.9
MJXA0_SI877,52.9
MJXA0_SX157,55.2
MJXA0_SX247,59.6
MJXA0_SX337,43.2
MJXA0_SX427,53.8
MJXA0_SX67,51.2
MJXL0_SI1172,41.0
MJXL0_SI1795,23.5
MJXL0_SI542,38.7
MJXL0_SX182,43.5
MJXL0_SX272,42.3
MJXL0_SX362,52.4
MJXL0_SX452,45.5
MJXL0_SX92,42.9
MKAG0_SI1609,61.7
MKAG0_SI2239,56.0
MKAG0_SI979,37.1
MKAG0_SX169,41.5
MKAG0_SX259,46.3
MKAG0_SX30,16.0
MKAG0_SX439,28.3
MKAG0_SX79,39.5
MKAH0_SI1528,38.9
MKAH0_SI2158,47.1
MKAH0_SI898,23.5
MKAH0_SX178,44.0
MKAH0_SX268,46.5
MKAH0_SX358,44.8
MKAH0_SX448,28.1
MKAH0_SX88,50.0
MKAJ0_SI1414,46.7
MKAJ0_SI2044,45.7
MKAJ0_SI784,36.6
MKAJ0_SX154,54.8
MKAJ0_SX244,56.4
MKAJ0_SX334,31.0
MKAJ0_SX424,38.2
MKAJ0_SX64,52.8
MKAM0_SI1250,63.6
MKAM0_SI1316,59.5
MKAM0_SI1465,29.2
MKAM0_SX146,34.3
MKAM0_SX236,41.9
MKAM0_SX326,69.0
MKAM0_SX416,33.3
MKAM0_SX56,41.5
MKDB0_SI2132,26.3
MKDB0_SI588,24.1
MKDB0_SI872,34.2
MKDB0_SX152,39.0
MKDB0_SX242,43.2
MKDB0_SX332,37.2
MKDB0_SX422,39.0
MKDB0_SX62,40.0
MKDD0_SI1567,50.0
MKDD0_SI2197,36.8
MKDD0_SI937,33.3
MKDD0_SX127,47.8
MKDD0_SX217,33.3
MKDD0_SX307,38.1
MKDD0_SX37,23.7
MKDD0_SX397,41.2
MKDT0_SI2153,32.3
MKDT0_SI814,40.7
MKDT0_SI893,47.1
MKDT0_SX173,62.0
MKDT0_SX263,39.3
MKDT0_SX353,56.3
MKDT0_SX443,62.1
MKDT0_SX83,51.4
MKES0_SI1253,76.2
MKES0_SI1883,64.1
MKES0_SI623,44.4
MKES0_SX173,54.2
MKES0_SX263,51.7
MKES0_SX353,57.6
MKES0_SX443,66.7
MKES0_SX83,36.8
MKJO0_SI1517,33.3
MKJO0_SI2147,63.6
MKJO0_SI887,61.1
MKJO0_SX167,49.1
MKJO0_SX257,73.1
MKJO0_SX424,51.4
MKJO0_SX437,53.1
MKJO0_SX77,40.5
MKLN0_SI1598,50.0
MKLN0_SI2228,50.0
MKLN0_SI968,50.0
MKLN0_SX158,53.3
MKLN0_SX248,44.8
MKLN0_SX338,41.7
MKLN0_SX428,40.0
MKLN0_SX68,57.6
MKLR0_SI1059,32.0
MKLR0_SI1689,42.3
MKLR0_SI2319,59.3
MKLR0_SX159,52.8
MKLR0_SX249,50.0
MKLR0_SX339,58.1
MKLR0_SX429,45.7
MKLR0_SX69,50.0
MKLS0_SI1437,42.6
MKLS0_SI1533,52.6
MKLS0_SI2067,52.5
MKLS0_SX177,36.0
MKLS0_SX267,64.1
MKLS0_SX357,55.0
MKLS0_SX447,38.5
MKLS0_SX87,41.2
MKLS1_SI1545,74.2
MKLS1_SI2175,65.2
MKLS1_SI915,62.1
MKLS1_SX105,45.2
MKLS1_SX15,52.9
MKLS1_SX195,60.0
MKLS1_SX285,50.0
MKLS1_SX375,58.5
MKLW0_SI1571,40.0
MKLW0_SI1844,81.3
MKLW0_SI2201,35.0
MKLW0_SX131,48.5
MKLW0_SX221,36.4
MKLW0_SX311,47.5
MKLW0_SX401,35.7
MKLW0_SX41,47.2
MKRG0_SI1491,52.7
MKRG0_SI2121,58.2
MKRG0_SI861,46.3
MKRG0_SX141,36.7
MKRG0_SX231,72.7
MKRG0_SX31,46.2
MKRG0_SX411,48.7
MKRG0_SX51,52.4
MKXL0_SI1185,32.4
MKXL0_SI1815,49.2
MKXL0_SI1958,40.0
MKXL0_SX105,32.3
MKXL0_SX15,34.4
MKXL0_SX195,34.8
MKXL0_SX285,45.2
MKXL0_SX375,43.6
MLBC0_SI1239,46.6
MLBC0_SI1869,68.2
MLBC0_SI609,49.2
MLBC0_SX159,35.1
MLBC0_SX249,57.7
MLBC0_SX339,55.9
MLBC0_SX429,32.5
MLBC0_SX69,51.4
MLEL0_SI1246,55.6
MLEL0_SI1876,50.0
MLEL0_SI616,50.0
MLEL0_SX166,45.8
MLEL0_SX256,28.1
MLEL0_SX346,46.9
MLEL0_SX436,47.8
MLEL0_SX76,57.9
MLJC0_SI1225,51.4
MLJC0_SI1855,42.1
MLJC0_SI595,40.5
MLJC0_SX145,48.7
MLJC0_SX235,65.5
MLJC0_SX325,55.6
MLJC0_SX415,54.1
MLJC0_SX55,43.2
MLJH0_SI1324,44.0
MLJH0_SI1422,35.8
MLJH0_SI694,45.9
MLJH0_SX154,33.3
MLJH0_SX244,66.7
MLJH0_SX334,36.4
MLJH0_SX424,48.6
MLJH0_SX64,44.4
MLNS0_SI1407,62.9
MLNS0_SI2037,50.9
MLNS0_SI777,61.8
MLNS0_SX147,45.0
MLNS0_SX237,36.8
MLNS0_SX327,59.3
MLNS0_SX417,56.4
MLNS0_SX57,45.2
MLSH0_SI1417,49.1
MLSH0_SI2047,45.2
MLSH0_SI787,43.3
MLSH0_SX157,51.4
MLSH0_SX247,54.3
MLSH0_SX337,47.5
MLSH0_SX427,53.6
MLSH0_SX67,57.1
MMAA0_SI1588,33.3
MMAA0_SI2105,36.0
MMAA0_SI845,47.0
MMAA0_SX125,41.4
MMAA0_SX215,45.9
MMAA0_SX305,64.3
MMAA0_SX35,36.7
MMAA0_SX395,48.7
MMAB1_SI1494,55.6
MMAB1_SI2124,52.0
MMAB1_SI864,52.5
MMAB1_SX144,54.5
MMAB1_SX234,51.5
MMAB1_SX324,61.5
MMAB1_SX414,39.0
MMAB1_SX54,55.6
MMAG0_SI1126,57.6
MMAG0_SI1756,52.0
MMAG0_SI496,47.2
MMAG0_SX136,40.7
MMAG0_SX226,42.9
MMAG0_SX316,48.3
MMAG0_SX406,28.0
MMAG0_SX46,40.6
MMAM0_SI1597,51.9
MMAM0_SI1668,68.0
MMAM0_SI2227,60.7
MMAM0_SX157,51.6
MMAM0_SX247,69.6
MMAM0_SX337,56.4
MMAM0_SX427,69.2
MMAM0_SX67,68.4
MMAR0_SI1336,40.5
MMAR0_SI1966,61.4
MMAR0_SI706,41.2
MMAR0_SX166,41.7
MMAR0_SX256,28.1
MMAR0_SX346,41.7
MMAR0_SX436,41.7
MMAR0_SX76,46.2
MMBS0_SI1151,66.7
MMBS0_SI1781,66.7
MMBS0_SI521,62.7
MMBS0_SX161,51.9
MMBS0_SX251,55.6
MMBS0_SX341,45.5
MMBS0_SX431,58.3
MMBS0_SX71,64.5
MMCC0_SI1338,60.7
MMCC0_SI1968,55.6
MMCC0_SI708,48.6
MMCC0_SX168,62.5
MMCC0_SX258,54.5
MMCC0_SX348,50.0
MMCC0_SX438,48.0
MMCC0_SX78,51.7
MMDB0_SI1358,46.7
MMDB0_SI1617,36.4
MMDB0_SI987,52.4
MMDB0_SX177,30.8
MMDB0_SX267,61.1
MMDB0_SX357,54.1
MMDB0_SX447,53.8
MMDB0_SX87,44.1
MMDG0_SI1780,47.0
MMDG0_SI2035,39.1
MMDG0_SI520,40.5
MMDG0_SX160,58.7
MMDG0_SX250,41.5
MMDG0_SX340,66.7
MMDG0_SX430,47.2
MMDG0_SX70,45.5
MMDM0_SI1311,46.9
MMDM0_SI1941,33.3
MMDM0_SI681,41.9
MMDM0_SX141,44.7
MMDM0_SX231,63.6
MMDM0_SX321,63.6
MMDM0_SX411,48.7
MMDM0_SX51,46.5
MMDM1_SI1650,29.4
MMDM1_SI2043,84.2
MMDM1_SI783,36.1
MMDM1_SX153,35.3
MMDM1_SX243,52.5
MMDM1_SX333,46.9
MMDM1_SX423,36.2
MMDM1_SX63,48.6
MMDS0_SI1343,52.8
MMDS0_SI1973,55.6
MMDS0_SI713,65.6
MMDS0_SX173,56.3
MMDS0_SX263,51.9
MMDS0_SX353,41.9
MMDS0_SX443,56.7
MMDS0_SX83,51.4
MMEA0_SI1388,49.2
MMEA0_SI2018,33.3
MMEA0_SI758,54.8
MMEA0_SX128,60.7
MMEA0_SX218,50.0
MMEA0_SX308,50.0
MMEA0_SX38,52.5
MMEA0_SX398,63.4
MMEB0_SI1357,46.3
MMEB0_SI1987,55.2
MMEB0_SI727,53.8
MMEB0_SX187,61.9
MMEB0_SX327,55.0
MMEB0_SX367,50.0
MMEB0_SX7,57.7
MMEB0_SX97,60.7
MMGC0_SI1305,57.6
MMGC0_SI1935,62.2
MMGC0_SI2184,73.9
MMGC0_SX135,34.1
MMGC0_SX225,59.3
MMGC0_SX315,58.6
MMGC0_SX405,56.4
MMGC0_SX45,33.3
MMGG0_SI1079,56.7
MMGG0_SI1709,76.9
MMGG0_SI2339,69.7
MMGG0_SX179,55.3
MMGG0_SX269,42.9
MMGG0_SX359,37.8
MMGG0_SX449,46.9
MMGG0_SX89,44.7
MMGK0_SI1322,55.9
MMGK0_SI1952,29.4
MMGK0_SI692,60.0
MMGK0_SX152,43.2
MMGK0_SX242,54.3
MMGK0_SX332,47.5
MMGK0_SX422,51.3
MMGK0_SX62,53.8
MMJB1_SI1408,34.1
MMJB1_SI2038,34.2
MMJB1_SI778,40.0
MMJB1_SX148,37.8
MMJB1_SX238,38.9
MMJB1_SX328,35.4
MMJB1_SX418,51.3
MMJB1_SX58,38.5
MMLM0_SI1527,76.9
MMLM0_SI2150,37.5
MMLM0_SI897,51.6
MMLM0_SX177,36.0
MMLM0_SX267,54.8
MMLM0_SX357,36.6
MMLM0_SX447,33.3
MMLM0_SX87,45.7
MMPM0_SI1061,31.4
MMPM0_SI1691,38.2
MMPM0_SI2321,54.5
MMPM0_SX161,43.1
MMPM0_SX251,30.2
MMPM0_SX341,42.5
MMPM0_SX431,27.0
MMPM0_SX71,32.3
MMRP0_SI2034,20.0
MMRP0_SI717,47.6
MMRP0_SI774,48.6
MMRP0_SX144,55.2
MMRP0_SX234,35.3
MMRP0_SX324,51.6
MMRP0_SX414,45.2
MMRP0_SX54,54.2
MMSM0_SI1106,48.3
MMSM0_SI1736,50.0
MMSM0_SI476,55.8
MMSM0_SX116,51.9
MMSM0_SX206,50.0
MMSM0_SX26,48.1
MMSM0_SX296,47.2
MMSM0_SX386,40.0
MMVP0_SI1284,51.7
MMVP0_SI1914,74.1
MMVP0_SI654,56.5
MMVP0_SX114,29.7
MMVP0_SX204,60.6
MMVP0_SX294,48.3
MMVP0_SX347,53.3
MMVP0_SX384,74.1
MMWB0_SI1619,27.3
MMWB0_SI2249,40.0
MMWB0_SI989,28.9
MMWB0_SX179,46.2
MMWB0_SX269,46.4
MMWB0_SX359,41.3
MMWB0_SX449,23.5
MMWB0_SX89,35.9
MMWS0_SI1518,32.4
MMWS0_SI559,40.0
MMWS0_SI888,51.4
MMWS0_SX168,40.7
MMWS0_SX258,61.8
MMWS0_SX348,53.3
MMWS0_SX438,54.2
MMWS0_SX78,48.5
MMWS1_SI1071,55.3
MMWS1_SI1701,48.6
MMWS1_SI2331,56.3
MMWS1_SX261,50.0
MMWS1_SX27,36.0
MMWS1_SX351,59.6
MMWS1_SX441,58.3
MMWS1_SX81,24.2
MMXS0_SI2136,58.8
MMXS0_SI629,30.5
MMXS0_SI876,44.4
MMXS0_SX156,43.2
MMXS0_SX246,36.7
MMXS0_SX336,40.7
MMXS0_SX426,56.8
MMXS0_SX66,48.6
MNET0_SI1446,69.8
MNET0_SI2076,60.9
MNET0_SI816,65.8
MNET0_SX186,48.3
MNET0_SX276,68.8
MNET0_SX366,64.7
MNET0_SX6,70.8
MNET0_SX96,52.8
MNTW0_SI1068,42.4
MNTW0_SI1698,37.0
MNTW0_SI2328,35.7
MNTW0_SX168,44.4
MNTW0_SX202,56.0
MNTW0_SX258,37.8
MNTW0_SX348,45.5
MNTW0_SX78,37.5
MPAR0_SI1576,64.7
MPAR0_SI2206,64.2
MPAR0_SI946,55.9
MPAR0_SX136,38.6
MPAR0_SX226,31.7
MPAR0_SX316,61.3
MPAR0_SX406,33.3
MPAR0_SX46,40.7
MPEB0_SI1034,63.2
MPEB0_SI1860,50.0
MPEB0_SI600,60.0
MPEB0_SX150,38.7
MPEB0_SX240,40.0
MPEB0_SX330,71.1
MPEB0_SX420,60.0
MPEB0_SX60,45.3
MPFU0_SI1258,44.8
MPFU0_SI1888,71.4
MPFU0_SI628,33.3
MPFU0_SX178,39.2
MPFU0_SX268,32.6
MPFU0_SX358,51.6
MPFU0_SX448,21.9
MPFU0_SX88,34.7
MPGH0_SI1554,46.2
MPGH0_SI675,48.3
MPGH0_SI924,63.6
MPGH0_SX114,27.3
MPGH0_SX204,54.8
MPGH0_SX24,71.4
MPGH0_SX294,28.6
MPGH0_SX384,45.0
MPGR0_SI1410,57.4
MPGR0_SI2040,38.1
MPGR0_SI780,56.0
MPGR0_SX150,50.0
MPGR0_SX240,48.8
MPGR0_SX330,56.8
MPGR0_SX420,48.9
MPGR0_SX60,48.0
MPGR1_SI1269,70.0
MPGR1_SI1499,49.1
MPGR1_SI2129,31.6
MPGR1_SX149,45.7
MPGR1_SX239,45.7
MPGR1_SX329,53.8
MPGR1_SX419,55.6
MPGR1_SX59,48.0
MPMB0_SI1501,52.9
MPMB0_SI2131,41.7
MPMB0_SI871,68.4
MPMB0_SX151,42.9
MPMB0_SX241,33.3
MPMB0_SX331,58.8
MPMB0_SX421,37.8
MPMB0_SX61,39.6
MPPC0_SI1412,32.8
MPPC0_SI2042,45.5
MPPC0_SI782,54.5
MPPC0_SX152,37.5
MPPC0_SX242,61.1
MPPC0_SX332,23.8
MPPC0_SX422,35.0
MPPC0_SX62,27.9
MPRB0_SI1205,51.6
MPRB0_SI1215,50.9
MPRB0_SI575,50.9
MPRB0_SX125,50.0
MPRB0_SX215,42.5
MPRB0_SX305,33.3
MPRB0_SX35,33.3
MPRB0_SX395,46.3
MPRD0_SI1431,52.1
MPRD0_SI2061,62.5
MPRD0_SI801,54.7
MPRD0_SX171,37.0
MPRD0_SX261,70.8
MPRD0_SX351,55.1
MPRD0_SX441,52.6
MPRD0_SX81,40.0
MPRK0_SI1097,54.2
MPRK0_SI1727,60.0
MPRK0_SI467,48.8
MPRK0_SX107,27.8
MPRK0_SX17,42.9
MPRK0_SX197,58.3
MPRK0_SX287,52.5
MPRK0_SX377,45.2
MPRT0_SI1210,54.7
MPRT0_SI495,66.7
MPRT0_SI580,43.8
MPRT0_SX130,51.6
MPRT0_SX220,38.3
MPRT0_SX310,44.1
MPRT0_SX40,37.8
MPRT0_SX400,33.3
MPSW0_SI1067,52.9
MPSW0_SI1697,53.7
MPSW0_SI2327,69.0
MPSW0_SX167,76.1
MPSW0_SX24,71.4
MPSW0_SX257,68.2
MPSW0_SX437,57.1
MPSW0_SX77,61.1
MRAB0_SI1224,40.7
MRAB0_SI1854,52.9
MRAB0_SI594,34.8
MRAB0_SX144,53.3
MRAB0_SX234,53.1
MRAB0_SX324,52.4
MRAB0_SX414,46.3
MRAB0_SX54,40.0
MRAB1_SI1478,38.5
MRAB1_SI2108,33.3
MRAB1_SI848,54.2
MRAB1_SX128,44.4
MRAB1_SX218,47.6
MRAB1_SX308,44.1
MRAB1_SX38,31.0
MRAB1_SX398,60.5
MRAI0_SI1954,41.2
MRAI0_SI2052,49.1
MRAI0_SI792,58.5
MRAI0_SX162,50.0
MRAI0_SX252,39.4
MRAI0_SX342,52.6
MRAI0_SX432,56.0
MRAI0_SX72,65.4
MRAM0_SI1275,62.9
MRAM0_SI1905,45.5
MRAM0_SI1951,50.0
MRAM0_SX105,48.4
MRAM0_SX15,48.6
MRAM0_SX195,33.3
MRAM0_SX285,50.0
MRAM0_SX375,59.0
MRAV0_SI1008,45.0
MRAV0_SI1638,58.3
MRAV0_SI2268,50.9
MRAV0_SX108,48.6
MRAV0_SX18,58.1
MRAV0_SX198,61.3
MRAV0_SX288,51.2
MRAV0_SX378,66.7
MRBC0_SI1665,48.0
MRBC0_SI1859,50.0
MRBC0_SI599,38.5
MRBC0_SX149,50.0
MRBC0_SX239,62.2
MRBC0_SX329,52.9
MRBC0_SX419,47.4
MRBC0_SX59,60.0
MRCG0_SI1428,61.3
MRCG0_SI2058,89.5
MRCG0_SI798,48.7
MRCG0_SX168,44.4
MRCG0_SX258,62.2
MRCG0_SX348,48.9
MRCG0_SX438,57.1
MRCG0_SX78,64.5
MRCW0_SI1371,60.0
MRCW0_SI2001,41.5
MRCW0_SI741,54.1
MRCW0_SX111,41.4
MRCW0_SX201,34.3
MRCW0_SX21,55.0
MRCW0_SX291,59.4
MRCW0_SX381,31.0
MRDD0_SI1050,50.0
MRDD0_SI1680,52.8
MRDD0_SI2310,44.4
MRDD0_SX150,35.5
MRDD0_SX240,52.5
MRDD0_SX277,42.9
MRDD0_SX330,57.5
MRDD0_SX60,41.5
MRDM0_SI1044,60.9
MRDM0_SI1595,56.7
MRDM0_SI965,60.6
MRDM0_SX155,50.0
MRDM0_SX245,42.9
MRDM0_SX335,50.9
MRDM0_SX425,44.4
MRDM0_SX65,45.2
MRDS0_SI1167,46.2
MRDS0_SI1797,44.7
MRDS0_SI537,55.9
MRDS0_SX177,32.0
MRDS0_SX267,40.5
MRDS0_SX357,36.8
MRDS0_SX447,39.3
MRDS0_SX87,45.5
MREE0_SI1104,52.5
MREE0_SI1734,32.4
MREE0_SI1959,55.9
MREE0_SX114,43.2
MREE0_SX204,54.5
MREE0_SX24,60.9
MREE0_SX294,44.8
MREE0_SX384,52.0
MREH1_SI1599,50.0
MREH1_SI2229,46.7
MREH1_SI969,34.9
MREH1_SX159,47.4
MREH1_SX249,44.0
MREH1_SX339,45.2
MREH1_SX429,28.6
MREH1_SX69,38.9
MREM0_SI1591,45.7
MREM0_SI511,46.0
MREM0_SI961,44.1
MREM0_SX151,51.1
MREM0_SX241,51.5
MREM0_SX331,52.9
MREM0_SX421,55.6
MREM0_SX61,55.3
MREW1_SI1500,52.8
MREW1_SI2130,53.3
MREW1_SI870,56.5
MREW1_SX150,29.0
MREW1_SX240,37.5
MREW1_SX330,54.1
MREW1_SX420,52.2
MREW1_SX60,43.1
MRFK0_SI1076,48.2
MRFK0_SI1706,39.1
MRFK0_SI2336,66.7
MRFK0_SX176,40.4
MRFK0_SX266,41.4
MRFK0_SX356,50.0
MRFK0_SX446,48.8
MRFK0_SX86,40.6
MRFL0_SI1156,40.4
MRFL0_SI1786,30.0
MRFL0_SI526,50.0
MRFL0_SX166,44.6
MRFL0_SX256,37.5
MRFL0_SX346,47.8
MRFL0_SX436,43.5
MRFL0_SX76,47.5
MRGM0_SI1162,51.3
MRGM0_SI1792,81.6
MRGM0_SI532,66.1
MRGM0_SX172,58.5
MRGM0_SX262,76.7
MRGM0_SX416,61.5
MRGM0_SX442,45.8
MRGM0_SX82,38.2
MRGS0_SI1356,48.3
MRGS0_SI1986,26.7
MRGS0_SI726,55.2
MRGS0_SX186,40.7
MRGS0_SX276,36.4
MRGS0_SX366,29.4
MRGS0_SX6,60.0
MRGS0_SX96,38.9
MRHL0_SI1515,50.0
MRHL0_SI2145,46.6
MRHL0_SI885,46.3
MRHL0_SX165,41.9
MRHL0_SX255,41.2
MRHL0_SX345,50.0
MRHL0_SX435,40.8
MRHL0_SX75,26.7
MRJB1_SI1020,40.5
MRJB1_SI1413,52.3
MRJB1_SI2021,59.3
MRJB1_SX120,51.3
MRJB1_SX210,32.0
MRJB1_SX30,15.4
MRJB1_SX300,34.5
MRJB1_SX390,40.5
MRJH0_SI1519,45.1
MRJH0_SI889,52.8
MRJH0_SI914,40.0
MRJH0_SX169,53.5
MRJH0_SX259,52.5
MRJH0_SX307,25.0
MRJH0_SX439,46.8
MRJH0_SX79,48.8
MRJM0_SI1095,44.0
MRJM0_SI1228,41.7
MRJM0_SI1858,52.2
MRJM0_SX148,54.1
MRJM0_SX238,39.5
MRJM0_SX328,42.6
MRJM0_SX418,42.5
MRJM0_SX58,38.2
MRJM1_SI1298,54.8
MRJM1_SI1928,52.8
MRJM1_SI668,57.6
MRJM1_SX128,55.6
MRJM1_SX218,47.5
MRJM1_SX308,66.7
MRJM1_SX38,47.6
MRJM1_SX398,69.8
MRJT0_SI1498,35.9
MRJT0_SI1805,46.7
MRJT0_SI868,40.3
MRJT0_SX148,48.6
MRJT0_SX238,51.4
MRJT0_SX328,59.6
MRJT0_SX418,70.0
MRJT0_SX58,38.2
MRKM0_SI1267,68.4
MRKM0_SI1391,42.4
MRKM0_SI637,76.4
MRKM0_SX187,71.4
MRKM0_SX277,29.6
MRKM0_SX367,52.9
MRKM0_SX7,92.6
MRKM0_SX97,56.3
MRLD0_SI1594,70.6
MRLD0_SI2224,76.9
MRLD0_SI964,49.1
MRLD0_SX154,39.4
MRLD0_SX244,57.1
MRLD0_SX334,48.3
MRLD0_SX424,47.2
MRLD0_SX64,44.1
MRLJ0_SI1420,43.2
MRLJ0_SI2050,57.9
MRLJ0_SI790,45.0
MRLJ0_SX160,59.5
MRLJ0_SX250,51.4
MRLJ0_SX340,51.7
MRLJ0_SX430,52.2
MRLJ0_SX70,36.4
MRLJ1_SI1671,40.9
MRLJ1_SI2301,53.3
MRLJ1_SI2332,72.2
MRLJ1_SX141,46.9
MRLJ1_SX231,81.8
MRLJ1_SX321,56.3
MRLJ1_SX411,52.5
MRLJ1_SX51,41.5
MRLK0_SI1468,50.8
MRLK0_SI2140,57.1
MRLK0_SI843,45.7
MRLK0_SX123,62.9
MRLK0_SX213,54.8
MRLK0_SX303,50.0
MRLK0_SX33,51.6
MRLK0_SX393,45.2
MRLR0_SI1196,48.5
MRLR0_SI1826,48.6
MRLR0_SI566,66.7
MRLR0_SX116,44.8
MRLR0_SX206,47.5
MRLR0_SX26,73.1
MRLR0_SX296,55.9
MRLR0_SX386,39.3
MRMB0_SI1581,27.0
MRMB0_SI2211,42.4
MRMB0_SI951,50.0
MRMB0_SX141,31.3
MRMB0_SX231,41.7
MRMB0_SX321,46.7
MRMB0_SX411,51.3
MRMB0_SX51,34.1
MRMG0_SI1080,44.1
MRMG0_SI1710,41.9
MRMG0_SI2340,38.3
MRMG0_SX180,33.3
MRMG0_SX270,53.1
MRMG0_SX360,62.5
MRMG0_SX450,50.0
MRMG0_SX90,56.0
MRMH0_SI1021,53.8
MRMH0_SI1349,50.0
MRMH0_SI2281,31.4
MRMH0_SX121,46.2
MRMH0_SX211,39.4
MRMH0_SX301,45.9
MRMH0_SX31,33.3
MRMH0_SX391,31.6
MRML0_SI1421,84.0
MRML0_SI2051,64.7
MRML0_SI791,78.8
MRML0_SX161,65.4
MRML0_SX251,57.1
MRML0_SX341,52.4
MRML0_SX431,42.9
MRML0_SX71,72.4
MRMS0_SI1113,60.3
MRMS0_SI2057,48.3
MRMS0_SI2100,67.9
MRMS0_SX120,48.6
MRMS0_SX210,56.0
MRMS0_SX30,40.0
MRMS0_SX300,59.3
MRMS0_SX390,52.6
MRPC1_SI1482,47.6
MRPC1_SI2026,36.4
MRPC1_SI2112,50.0
MRPC1_SX132,45.5
MRPC1_SX222,40.0
MRPC1_SX312,63.0
MRPC1_SX402,50.0
MRPC1_SX42,40.0
MRRE0_SI1334,35.3
MRRE0_SI704,29.4
MRRE0_SI952,36.5
MRRE0_SX164,33.3
MRRE0_SX254,43.5
MRRE0_SX344,32.0
MRRE0_SX434,32.1
MRRE0_SX74,22.9
MRSO0_SI1206,55.7
MRSO0_SI1659,50.0
MRSO0_SI2289,41.9
MRSO0_SX129,82.8
MRSO0_SX219,50.0
MRSO0_SX309,70.7
MRSO0_SX39,53.7
MRSO0_SX399,61.3
MRSP0_SI1429,58.1
MRSP0_SI2059,62.5
MRSP0_SI799,68.8
MRSP0_SX169,57.1
MRSP0_SX196,65.0
MRSP0_SX259,55.3
MRSP0_SX439,43.5
MRSP0_SX79,65.0
MRTC0_SI1458,44.6
MRTC0_SI2088,50.0
MRTC0_SI828,45.9
MRTC0_SX108,33.3
MRTC0_SX18,64.5
MRTC0_SX198,46.7
MRTC0_SX288,53.5
MRTC0_SX378,35.9
MRTJ0_SI1551,28.6
MRTJ0_SI2032,50.0
MRTJ0_SI772,45.0
MRTJ0_SX142,54.5
MRTJ0_SX232,53.3
MRTJ0_SX322,45.5
MRTJ0_SX412,31.8
MRTJ0_SX52,51.1
MRVG0_SI1140,50.0
MRVG0_SI1770,58.1
MRVG0_SI510,52.6
MRVG0_SX150,44.8
MRVG0_SX240,59.5
MRVG0_SX330,66.7
MRVG0_SX420,55.3
MRVG0_SX60,48.0
MRWA0_SI1603,37.1
MRWA0_SI2233,62.8
MRWA0_SI973,58.8
MRWA0_SX163,57.9
MRWA0_SX253,52.0
MRWA0_SX343,41.9
MRWA0_SX433,57.1
MRWA0_SX73,35.1
MRWS0_SI1102,46.0
MRWS0_SI1732,50.0
MRWS0_SI472,56.8
MRWS0_SX112,47.1
MRWS0_SX202,52.2
MRWS0_SX22,66.7
MRWS0_SX292,50.0
MRWS0_SX382,42.5
MRXB0_SI1585,52.8
MRXB0_SI2215,44.3
MRXB0_SI955,47.3
MRXB0_SX145,43.6
MRXB0_SX235,48.3
MRXB0_SX325,60.7
MRXB0_SX415,50.0
MRXB0_SX55,44.2
MSAH1_SI1049,38.2
MSAH1_SI1679,45.0
MSAH1_SI2309,50.0
MSAH1_SX149,39.6
MSAH1_SX239,52.8
MSAH1_SX329,46.3
MSAH1_SX419,40.5
MSAH1_SX59,41.7
MSAS0_SI1376,53.7
MSAS0_SI2006,72.7
MSAS0_SI746,65.0
MSAS0_SX116,76.9
MSAS0_SX206,41.5
MSAS0_SX26,69.2
MSAS0_SX296,42.4
MSAS0_SX386,31.0
MSAT0_SI1526,55.2
MSAT0_SI2156,50.0
MSAT0_SI896,51.4
MSAT0_SX176,51.0
MSAT0_SX266,65.5
MSAT0_SX356,62.9
MSAT0_SX446,56.1
MSAT0_SX86,51.6
MSAT1_SI1073,35.3
MSAT1_SI1703,51.5
MSAT1_SI2333,41.2
MSAT1_SX173,34.0
MSAT1_SX263,42.9
MSAT1_SX353,46.7
MSAT1_SX443,50.0
MSAT1_SX83,25.0
MSDB0_SI1007,58.6
MSDB0_SI1637,58.1
MSDB0_SI2267,63.6
MSDB0_SX107,61.1
MSDB0_SX17,65.0
MSDB0_SX197,44.0
MSDB0_SX287,58.8
MSDB0_SX377,64.1
MSDH0_SI2113,40.0
MSDH0_SI2240,52.6
MSDH0_SI980,46.2
MSDH0_SX170,30.8
MSDH0_SX260,48.8
MSDH0_SX350,34.7
MSDH0_SX440,38.8
MSDH0_SX80,35.7
MSDS0_SI1077,40.0
MSDS0_SI1707,52.8
MSDS0_SI2337,45.5
MSDS0_SX177,26.9
MSDS0_SX267,59.0
MSDS0_SX357,43.9
MSDS0_SX447,40.0
MSDS0_SX87,41.2
MSEM1_SI1440,51.4
MSEM1_SI2070,61.3
MSEM1_SI810,48.4
MSEM1_SX180,52.8
MSEM1_SX270,41.9
MSEM1_SX360,67.7
MSEM1_SX450,60.9
MSEM1_SX90,53.8
MSES0_SI1589,33.9
MSES0_SI2216,62.5
MSES0_SI2219,46.7
MSES0_SX149,48.9
MSES0_SX239,42.9
MSES0_SX329,65.4
MSES0_SX419,62.2
MSES0_SX59,54.2
MSFH0_SI1216,68.0
MSFH0_SI1738,59.6
MSFH0_SI586,56.3
MSFH0_SX136,39.2
MSFH0_SX226,26.2
MSFH0_SX316,35.7
MSFH0_SX406,42.6
MSFH0_SX46,41.9
MSFV0_SI1262,52.4
MSFV0_SI1892,65.1
MSFV0_SI632,41.9
MSFV0_SX182,65.2
MSFV0_SX272,59.3
MSFV0_SX362,74.4
MSFV0_SX452,58.7
MSFV0_SX92,62.9
MSJK0_SI1596,51.7
MSJK0_SI2226,50.0
MSJK0_SI966,38.7
MSJK0_SX156,63.6
MSJK0_SX246,41.9
MSJK0_SX336,56.4
MSJK0_SX426,47.4
MSJK0_SX66,52.8
MSMC0_SI1907,37.5
MSMC0_SI509,39.3
MSMC0_SI647,52.8
MSMC0_SX107,38.9
MSMC0_SX17,50.0
MSMC0_SX197,54.2
MSMC0_SX287,47.4
MSMC0_SX377,36.6
MSMR0_SI1150,41.3
MSMR0_SI1405,34.4
MSMR0_SI775,57.6
MSMR0_SX145,51.4
MSMR0_SX235,48.3
MSMR0_SX325,56.0
MSMR0_SX415,69.7
MSMR0_SX55,48.8
MSMS0_SI1433,67.7
MSMS0_SI2063,31.3
MSMS0_SI803,51.1
MSMS0_SX173,63.8
MSMS0_SX263,60.7
MSMS0_SX353,48.4
MSMS0_SX443,75.9
MSMS0_SX83,42.4
MSRG0_SI1221,36.2
MSRG0_SI1851,42.9
MSRG0_SI591,48.2
MSRG0_SX141,38.8
MSRG0_SX231,54.5
MSRG0_SX321,42.9
MSRG0_SX411,47.5
MSRG0_SX51,36.6
MSRR0_SI1131,47.1
MSRR0_SI1761,64.2
MSRR0_SI501,49.2
MSRR0_SX141,42.0
MSRR0_SX231,72.7
MSRR0_SX30,48.0
MSRR0_SX411,61.5
MSRR0_SX51,36.4
MSTF0_SI1396,54.3
MSTF0_SI766,35.0
MSTF0_SI852,54.7
MSTF0_SX136,61.5
MSTF0_SX226,27.5
MSTF0_SX316,31.0
MSTF0_SX406,35.4
MSTF0_SX46,34.4
MSVS0_SI1568,20.7
MSVS0_SI2198,38.6
MSVS0_SI938,44.1
MSVS0_SX128,46.4
MSVS0_SX218,50.0
MSVS0_SX308,35.3
MSVS0_SX38,38.1
MSVS0_SX398,60.0
MTAB0_SI1572,51.5
MTAB0_SI2202,75.0
MTAB0_SI942,48.8
MTAB0_SX132,72.2
MTAB0_SX222,37.5
MTAB0_SX312,58.6
MTAB0_SX402,38.2
MTAB0_SX42,48.4
MTAS0_SI1385,37.5
MTAS0_SI2015,50.0
MTAS0_SI755,43.2
MTAS0_SX125,50.0
MTAS0_SX215,55.9
MTAS0_SX305,25.0
MTAS0_SX35,55.2
MTAS0_SX395,54.3
MTAT0_SI1110,41.0
MTAT0_SI1740,56.4
MTAT0_SI811,54.4
MTAT0_SX120,52.8
MTAT0_SX210,52.0
MTAT0_SX30,56.0
MTAT0_SX300,44.4
MTAT0_SX390,43.2
MTAT1_SI1409,51.5
MTAT1_SI1627,31.6
MTAT1_SI779,41.5
MTAT1_SX149,28.0
MTAT1_SX239,24.3
MTAT1_SX329,51.9
MTAT1_SX419,35.1
MTAT1_SX59,39.3
MTBC0_SI1173,33.3
MTBC0_SI1803,47.1
MTBC0_SI543,57.1
MTBC0_SX183,64.5
MTBC0_SX273,54.8
MTBC0_SX347,48.3
MTBC0_SX363,51.2
MTBC0_SX93,40.0
MTCS0_SI1972,35.7
MTCS0_SI2265,53.8
MTCS0_SI712,51.7
MTCS0_SX172,60.0
MTCS0_SX262,58.1
MTCS0_SX352,30.8
MTCS0_SX442,50.0
MTCS0_SX82,44.1
MTDB0_SI1401,59.0
MTDB0_SI2031,57.7
MTDB0_SI771,49.2
MTDB0_SX141,36.7
MTDB0_SX231,63.6
MTDB0_SX321,50.0
MTDB0_SX411,56.4
MTDB0_SX51,45.2
MTDP0_SI1274,52.4
MTDP0_SI1521,72.2
MTDP0_SI2151,62.2
MTDP0_SX171,58.0
MTDP0_SX261,69.2
MTDP0_SX351,70.6
MTDP0_SX441,51.4
MTDP0_SX81,37.1
MTER0_SI1157,46.9
MTER0_SI1787,53.3
MTER0_SI527,50.0
MTER0_SX167,69.4
MTER0_SX17,55.0
MTER0_SX257,76.0
MTER0_SX437,55.3
MTER0_SX77,46.2
MTJG0_SI1520,46.4
MTJG0_SI2157,64.3
MTJG0_SI890,57.1
MTJG0_SX170,61.5
MTJG0_SX260,52.4
MTJG0_SX350,49.0
MTJG0_SX440,75.0
MTJG0_SX80,48.3
MTJM0_SI1226,54.0
MTJM0_SI1856,47.5
MTJM0_SI655,50.8
MTJM0_SX146,35.3
MTJM0_SX236,48.4
MTJM0_SX326,44.8
MTJM0_SX416,33.3
MTJM0_SX56,52.5
MTJS0_SI1192,40.0
MTJS0_SI1822,38.6
MTJS0_SI562,39.3
MTJS0_SX112,40.0
MTJS0_SX202,52.2
MTJS0_SX22,45.0
MTJS0_SX292,32.7
MTJS0_SX382,45.9
MTJU0_SI2020,61.7
MTJU0_SI2269,60.0
MTJU0_SI760,54.5
MTJU0_SX130,63.6
MTJU0_SX220,60.8
MTJU0_SX310,56.8
MTJU0_SX40,61.7
MTJU0_SX400,56.4
MTKD0_SI1187,46.9
MTKD0_SI1817,60.9
MTKD0_SI630,45.2
MTKD0_SX107,37.8
MTKD0_SX17,50.0
MTKD0_SX197,54.2
MTKD0_SX287,46.2
MTKD0_SX377,50.0
MTKP0_SI1023,45.5
MTKP0_SI2283,45.5
MTKP0_SI454,50.8
MTKP0_SX123,47.5
MTKP0_SX213,47.1
MTKP0_SX303,44.8
MTKP0_SX33,62.5
MTKP0_SX393,38.7
MTLB0_SI1134,52.2
MTLB0_SI1764,40.0
MTLB0_SI504,46.4
MTLB0_SX144,76.7
MTLB0_SX234,45.5
MTLB0_SX324,47.7
MTLB0_SX414,56.1
MTLB0_SX54,56.5
MTLC0_SI1313,38.5
MTLC0_SI1477,46.2
MTLC0_SI847,48.5
MTLC0_SX127,25.0
MTLC0_SX217,50.0
MTLC0_SX307,31.8
MTLC0_SX37,43.9
MTLC0_SX397,45.5
MTML0_SI1065,45.5
MTML0_SI1695,62.9
MTML0_SI2325,61.5
MTML0_SX165,54.8
MTML0_SX255,45.5
MTML0_SX345,43.3
MTML0_SX435,48.0
MTML0_SX75,51.6
MTMN0_SI1064,57.1
MTMN0_SI2324,66.1
MTMN0_SI582,53.6
MTMN0_SX164,61.9
MTMN0_SX254,60.9
MTMN0_SX344,54.5
MTMN0_SX434,58.6
MTMN0_SX74,55.9
MTMT0_SI1118,53.7
MTMT0_SI1748,35.3
MTMT0_SI488,46.2
MTMT0_SX128,40.7
MTMT0_SX218,47.6
MTMT0_SX308,57.6
MTMT0_SX38,38.6
MTMT0_SX398,52.3
MTPF0_SI1235,66.0
MTPF0_SI1865,50.0
MTPF0_SI605,45.8
MTPF0_SX155,40.0
MTPF0_SX245,39.3
MTPF0_SX335,50.0
MTPF0_SX425,33.3
MTPF0_SX65,43.3
MTPG0_SI1383,60.3
MTPG0_SI2013,56.7
MTPG0_SI753,61.0
MTPG0_SX123,51.4
MTPG0_SX213,70.0
MTPG0_SX303,51.7
MTPG0_SX33,77.4
MTPG0_SX393,54.5
MTPP0_SI1508,50.0
MTPP0_SI2138,45.5
MTPP0_SI878,63.0
MTPP0_SX158,40.7
MTPP0_SX248,57.1
MTPP0_SX338,54.1
MTPP0_SX428,41.7
MTPP0_SX68,41.2
MTPR0_SI1600,44.7
MTPR0_SI2230,37.5
MTPR0_SI506,52.4
MTPR0_SX160,65.2
MTPR0_SX250,46.2
MTPR0_SX340,56.3
MTPR0_SX430,49.0
MTPR0_SX70,58.3
MTQC0_SI1441,49.2
MTQC0_SI2071,66.7
MTQC0_SI480,52.2
MTQC0_SX181,57.4
MTQC0_SX271,43.8
MTQC0_SX361,36.1
MTQC0_SX451,66.7
MTQC0_SX91,38.5
MTRC0_SI1623,62.2
MTRC0_SI589,53.1
MTRC0_SI993,50.0
MTRC0_SX170,44.6
MTRC0_SX183,62.1
MTRC0_SX273,60.0
MTRC0_SX363,57.5
MTRC0_SX93,36.0
MTRR0_SI1548,38.1
MTRR0_SI2178,55.6
MTRR0_SI918,41.8
MTRR0_SX108,45.0
MTRR0_SX18,65.5
MTRR0_SX198,46.9
MTRR0_SX288,48.8
MTRR0_SX378,47.4
MTRT0_SI1227,72.4
MTRT0_SI1857,50.0
MTRT0_SI597,47.1
MTRT0_SX147,57.1
MTRT0_SX237,33.3
MTRT0_SX254,52.4
MTRT0_SX417,57.5
MTRT0_SX57,48.4
MTWH1_SI1512,37.5
MTWH1_SI2142,50.0
MTWH1_SI882,46.9
MTWH1_SX162,37.1
MTWH1_SX252,40.0
MTWH1_SX342,48.6
MTWH1_SX432,49.0
MTWH1_SX72,29.6
MTXS0_SI1060,61.5
MTXS0_SI1690,45.0
MTXS0_SI2320,50.0
MTXS0_SX160,57.1
MTXS0_SX250,57.9
MTXS0_SX340,44.8
MTXS0_SX430,36.2
MTXS0_SX70,21.4
MVJH0_SI1556,56.6
MVJH0_SI2186,46.3
MVJH0_SI926,45.9
MVJH0_SX116,43.3
MVJH0_SX206,42.5
MVJH0_SX26,57.7
MVJH0_SX296,50.0
MVJH0_SX386,41.9
MVLO0_SI1147,35.3
MVLO0_SI1777,46.4
MVLO0_SI517,58.2
MVLO0_SX157,45.5
MVLO0_SX247,59.6
MVLO0_SX337,55.3
MVLO0_SX427,40.0
MVLO0_SX67,41.9
MVRW0_SI1485,33.9
MVRW0_SI2115,57.9
MVRW0_SI855,32.4
MVRW0_SX135,54.5
MVRW0_SX225,46.2
MVRW0_SX315,37.9
MVRW0_SX405,50.0
MVRW0_SX45,48.5
MWAC0_SI1601,52.0
MWAC0_SI2231,47.4
MWAC0_SI971,48.3
MWAC0_SX161,49.0
MWAC0_SX251,49.1
MWAC0_SX341,44.2
MWAC0_SX431,40.0
MWAC0_SX71,54.8
MWAD0_SI1062,47.8
MWAD0_SI1749,50.0
MWAD0_SI2322,38.2
MWAD0_SX162,46.7
MWAD0_SX252,65.6
MWAD0_SX342,52.8
MWAD0_SX432,49.1
MWAD0_SX72,45.5
MWAR0_SI1045,35.6
MWAR0_SI1675,42.1
MWAR0_SI2305,55.6
MWAR0_SX145,50.0
MWAR0_SX235,51.7
MWAR0_SX325,44.0
MWAR0_SX415,44.4
MWAR0_SX55,43.5
MWCH0_SI1622,61.9
MWCH0_SI1895,42.9
MWCH0_SI2252,57.1
MWCH0_SX182,54.5
MWCH0_SX272,60.0
MWCH0_SX362,69.0
MWCH0_SX452,54.5
MWCH0_SX92,55.9
MWDK0_SI1436,33.9
MWDK0_SI2017,46.7
MWDK0_SI806,52.9
MWDK0_SX176,41.2
MWDK0_SX266,51.6
MWDK0_SX356,40.0
MWDK0_SX446,48.8
MWDK0_SX86,43.3
MWEM0_SI1320,50.0
MWEM0_SI1393,65.6
MWEM0_SI1950,48.0
MWEM0_SX150,33.3
MWEM0_SX240,44.7
MWEM0_SX330,64.1
MWEM0_SX420,58.8
MWEM0_SX60,53.1
MWGR0_SI1606,54.1
MWGR0_SI2236,51.5
MWGR0_SI976,45.0
MWGR0_SX166,48.3
MWGR0_SX256,51.5
MWGR0_SX346,45.7
MWGR0_SX436,40.0
MWGR0_SX76,47.4
MWRE0_SI1057,53.8
MWRE0_SI1687,45.0
MWRE0_SI2317,62.9
MWRE0_SX157,63.9
MWRE0_SX247,66.7
MWRE0_SX337,50.0
MWRE0_SX427,63.0
MWRE0_SX67,40.0
MWRP0_SI1443,39.1
MWRP0_SI1525,31.6
MWRP0_SI2073,46.0
MWRP0_SX183,60.0
MWRP0_SX273,48.4
MWRP0_SX3,40.0
MWRP0_SX363,50.0
MWRP0_SX93,37.5
MWSB0_SI1626,86.2
MWSB0_SI2256,42.4
MWSB0_SI996,58.8
MWSB0_SX186,50.0
MWSB0_SX276,53.1
MWSB0_SX366,49.1
MWSB0_SX6,51.9
MWSB0_SX96,39.5
MWSH0_SI1426,61.9
MWSH0_SI2266,29.2
MWSH0_SI796,50.0
MWSH0_SX166,38.6
MWSH0_SX256,45.5
MWSH0_SX346,52.3
MWSH0_SX436,54.2
MWSH0_SX76,52.5
MZMB0_SI1166,48.3
MZMB0_SI1796,47.4
MZMB0_SI536,56.8
MZMB0_SX176,58.3
MZMB0_SX266,51.5
MZMB0_SX356,36.1
MZMB0_SX446,50.0
MZMB0_SX86,40.6
