FAEM0_SI1392,18.6
FAEM0_SI2022,30.0
FAEM0_SI762,0.0
FAEM0_SX132,2.7
FAEM0_SX222,7.1
FAEM0_SX312,11.5
FAEM0_SX402,3.0
FAEM0_SX42,3.1
FAJW0_SI1263,25.9
FAJW0_SI1893,22.9
FAJW0_SI633,18.6
FAJW0_SX183,7.4
FAJW0_SX273,3.1
FAJW0_SX3,0.0
FAJW0_SX363,15.0
FAJW0_SX93,12.5
FALK0_SI1086,2.9
FALK0_SI456,11.8
FALK0_SI658,13.3
FALK0_SX186,10.0
FALK0_SX276,12.5
FALK0_SX366,15.1
FALK0_SX6,8.0
FALK0_SX96,5.3
FALR0_SI1325,16.7
FALR0_SI1955,19.4
FALR0_SI695,22.9
FALR0_SX155,7.3
FALR0_SX245,7.7
FALR0_SX335,15.1
FALR0_SX425,12.5
FALR0_SX65,18.8
FAPB0_SI1063,15.9
FAPB0_SI1693,16.7
FAPB0_SI2323,21.0
FAPB0_SX163,15.4
FAPB0_SX253,3.4
FAPB0_SX343,2.2
FAPB0_SX433,17.8
FAPB0_SX73,10.0
FBAS0_SI1387,9.8
FBAS0_SI1472,15.5
FBAS0_SI2066,11.5
FBAS0_SX127,4.2
FBAS0_SX217,7.7
FBAS0_SX307,25.0
FBAS0_SX37,11.9
FBAS0_SX397,23.5
FBCG1_SI1612,0.0
FBCG1_SI2242,0.0
FBCG1_SI982,9.8
FBCG1_SX172,17.9
FBCG1_SX262,9.7
FBCG1_SX352,19.1
FBCG1_SX442,9.8
FBCG1_SX82,15.6
FBCH0_SI1586,15.4
FBCH0_SI956,17.9
FBCH0_SI959,21.1
FBCH0_SX146,6.1
FBCH0_SX236,30.3
FBCH0_SX326,16.7
FBCH0_SX416,26.9
FBCH0_SX56,18.6
FBJL0_SI1552,19.4
FBJL0_SI2182,10.0
FBJL0_SI922,17.2
FBJL0_SX112,13.9
FBJL0_SX202,21.7
FBJL0_SX22,4.5
FBJL0_SX292,10.2
FBJL0_SX382,7.7
FBLV0_SI1058,12.5
FBLV0_SI1688,12.3
FBLV0_SI2318,19.1
FBLV0_SX158,6.9
FBLV0_SX248,10.0
FBLV0_SX338,9.8
FBLV0_SX428,24.0
FBLV0_SX68,11.8
FBMH0_SI1136,13.8
FBMH0_SI1766,11.8
FBMH0_SI970,12.1
FBMH0_SX146,0.0
FBMH0_SX236,6.3
FBMH0_SX326,14.3
FBMH0_SX416,3.7
FBMH0_SX56,5.0
FBMJ0_SI1776,25.5
FBMJ0_SI516,11.9
FBMJ0_SI815,17.4
FBMJ0_SX156,13.0
FBMJ0_SX246,32.3
FBMJ0_SX336,17.2
FBMJ0_SX426,5.7
FBMJ0_SX66,16.2
FCAG0_SI1503,15.6
FCAG0_SI1641,10.5
FCAG0_SI2133,25.0
FCAG0_SX153,6.7
FCAG0_SX243,12.5
FCAG0_SX333,6.3
FCAG0_SX423,15.9
FCAG0_SX63,11.8
FCAJ0_SI1479,28.0
FCAJ0_SI1804,0.0
FCAJ0_SI849,17.5
FCAJ0_SX129,7.4
FCAJ0_SX219,21.7
FCAJ0_SX309,2.4
FCAJ0_SX39,9.3
FCAJ0_SX399,10.0
FCDR1_SI1186,21.8
FCDR1_SI1816,12.5
FCDR1_SI556,24.1
FCDR1_SX106,16.7
FCDR1_SX16,18.2
FCDR1_SX196,20.0
FCDR1_SX286,16.7
FCDR1_SX376,16.3
FCEG0_SI1248,9.1
FCEG0_SI1878,19.0
FCEG0_SI618,15.8
FCEG0_SX168,11.5
FCEG0_SX258,5.6
FCEG0_SX348,15.2
FCEG0_SX438,18.0
FCEG0_SX78,9.7
FCJF0_SI1027,16.3
FCJF0_SI1657,29.7
FCJF0_SI648,13.5
FCJF0_SX127,8.3
FCJF0_SX217,17.4
FCJF0_SX307,0.0
FCJF0_SX37,26.8
FCJF0_SX397,15.6
FCJS0_SI1607,4.3
FCJS0_SI2237,16.7
FCJS0_SI977,11.4
FCJS0_SX167,15.1
FCJS0_SX257,4.0
FCJS0_SX347,18.6
FCJS0_SX437,7.8
FCJS0_SX77,13.6
FCKE0_SI1111,6.7
FCKE0_SI1741,12.3
FCKE0_SI481,12.3
FCKE0_SX121,17.9
FCKE0_SX211,13.9
FCKE0_SX301,5.7
FCKE0_SX31,3.8
FCKE0_SX391,10.0
FCLT0_SI1438,13.5
FCLT0_SI2068,0.0
FCLT0_SI808,14.3
FCLT0_SX178,16.7
FCLT0_SX268,9.5
FCLT0_SX358,3.2
FCLT0_SX448,9.4
FCLT0_SX88,16.3
FCMG0_SI1142,9.2
FCMG0_SI1242,5.7
FCMG0_SI1872,6.1
FCMG0_SX162,14.7
FCMG0_SX252,3.0
FCMG0_SX342,5.6
FCMG0_SX432,15.7
FCMG0_SX72,3.8
FCMM0_SI1083,5.1
FCMM0_SI1957,15.3
FCMM0_SI453,10.7
FCMM0_SX183,10.7
FCMM0_SX273,15.6
FCMM0_SX363,7.9
FCMM0_SX420,16.7
FCMM0_SX93,11.5
FCRZ0_SI1913,10.5
FCRZ0_SI2053,15.2
FCRZ0_SI793,11.1
FCRZ0_SX163,18.9
FCRZ0_SX253,11.1
FCRZ0_SX343,19.0
FCRZ0_SX433,16.3
FCRZ0_SX73,16.7
FCYL0_SI1297,17.1
FCYL0_SI1927,5.9
FCYL0_SI667,16.7
FCYL0_SX127,4.2
FCYL0_SX217,7.7
FCYL0_SX349,13.1
FCYL0_SX37,15.4
FCYL0_SX397,5.9
FDAS1_SI1461,15.2
FDAS1_SI2091,4.5
FDAS1_SI831,22.1
FDAS1_SX111,3.4
FDAS1_SX201,8.1
FDAS1_SX21,20.0
FDAS1_SX291,12.5
FDAS1_SX381,3.4
FDAW0_SI1271,23.3
FDAW0_SI1406,25.0
FDAW0_SI2036,24.6
FDAW0_SX146,5.6
FDAW0_SX236,6.5
FDAW0_SX326,7.4
FDAW0_SX416,11.5
FDAW0_SX56,13.2
FDFB0_SI1318,22.4
FDFB0_SI1948,12.5
FDFB0_SI2010,0.0
FDFB0_SX148,25.7
FDFB0_SX238,23.5
FDFB0_SX328,20.5
FDFB0_SX418,27.8
FDFB0_SX58,26.9
FDJH0_SI1565,10.3
FDJH0_SI2195,15.2
FDJH0_SI935,13.6
FDJH0_SX125,3.3
FDJH0_SX215,16.2
FDJH0_SX305,3.4
FDJH0_SX35,3.4
FDJH0_SX395,5.4
FDKN0_SI1081,6.3
FDKN0_SI1202,15.7
FDKN0_SI1711,12.0
FDKN0_SX181,17.8
FDKN0_SX271,11.4
FDKN0_SX361,17.6
FDKN0_SX451,13.0
FDKN0_SX91,10.5
FDML0_SI1149,19.6
FDML0_SI1779,7.4
FDML0_SI2075,12.5
FDML0_SX159,13.9
FDML0_SX249,4.2
FDML0_SX339,18.2
FDML0_SX429,13.2
FDML0_SX69,18.8
FDMY0_SI1197,21.7
FDMY0_SI567,21.0
FDMY0_SI714,21.5
FDMY0_SX117,16.1
FDMY0_SX207,16.7
FDMY0_SX27,25.0
FDMY0_SX297,3.0
FDMY0_SX387,25.0
FDNC0_SI1278,15.0
FDNC0_SI1908,10.6
FDNC0_SI2287,5.6
FDNC0_SX108,9.5
FDNC0_SX18,6.1
FDNC0_SX198,9.4
FDNC0_SX288,9.3
FDNC0_SX378,12.2
FDTD0_SI1561,5.6
FDTD0_SI2191,2.8
FDTD0_SI931,18.4
FDTD0_SX121,0.0
FDTD0_SX211,23.7
FDTD0_SX301,0.0
FDTD0_SX321,8.0
FDTD0_SX391,4.8
FDXW0_SI1511,12.1
FDXW0_SI2141,10.5
FDXW0_SI881,15.5
FDXW0_SX161,17.0
FDXW0_SX251,13.0
FDXW0_SX341,18.6
FDXW0_SX431,2.9
FDXW0_SX71,10.3
FEAC0_SI1245,11.5
FEAC0_SI1875,21.2
FEAC0_SI615,18.4
FEAC0_SX165,14.6
FEAC0_SX255,9.1
FEAC0_SX345,6.9
FEAC0_SX435,20.4
FEAC0_SX75,6.5
FEAR0_SI1252,2.9
FEAR0_SI1882,8.0
FEAR0_SI622,7.7
FEAR0_SX172,17.5
FEAR0_SX262,3.2
FEAR0_SX352,14.7
FEAR0_SX442,9.8
FEAR0_SX82,9.1
FECD0_SI1418,15.0
FECD0_SI2048,8.7
FECD0_SI788,19.3
FECD0_SX158,14.3
FECD0_SX248,10.7
FECD0_SX338,10.8
FECD0_SX428,12.2
FECD0_SX68,2.9
FEEH0_SI1112,22.9
FEEH0_SI1742,18.2
FEEH0_SI471,7.1
FEEH0_SX122,6.8
FEEH0_SX212,18.2
FEEH0_SX302,25.0
FEEH0_SX32,10.8
FEEH0_SX392,14.0
FEME0_SI1505,14.3
FEME0_SI2135,4.2
FEME0_SI875,12.7
FEME0_SX155,0.0
FEME0_SX245,7.1
FEME0_SX335,14.0
FEME0_SX425,0.0
FEME0_SX65,9.4
FETB0_SI1148,18.8
FETB0_SI1778,18.2
FETB0_SI518,10.0
FETB0_SX158,21.4
FETB0_SX248,25.8
FETB0_SX338,26.3
FETB0_SX428,11.1
FETB0_SX68,11.4
FEXM0_SI1101,33.3
FEXM0_SI1731,24.2
FEXM0_SI482,15.5
FEXM0_SX111,6.9
FEXM0_SX201,14.6
FEXM0_SX291,18.2
FEXM0_SX366,13.2
FEXM0_SX381,6.5
FGCS0_SI1486,11.4
FGCS0_SI2116,17.5
FGCS0_SI856,20.6
FGCS0_SX136,15.8
FGCS0_SX226,7.1
FGCS0_SX316,13.8
FGCS0_SX406,14.9
FGCS0_SX46,10.0
FGDP0_SI1618,0.0
FGDP0_SI2248,9.1
FGDP0_SI988,17.3
FGDP0_SX178,14.3
FGDP0_SX268,13.6
FGDP0_SX358,25.0
FGDP0_SX448,12.1
FGDP0_SX88,14.0
FGMB0_SI1145,19.6
FGMB0_SI1775,3.0
FGMB0_SI515,29.0
FGMB0_SX155,13.6
FGMB0_SX245,3.7
FGMB0_SX335,13.2
FGMB0_SX425,18.5
FGMB0_SX65,9.1
FGRW0_SI1152,31.7
FGRW0_SI1782,15.4
FGRW0_SI1990,12.5
FGRW0_SX162,20.6
FGRW0_SX252,3.0
FGRW0_SX342,8.6
FGRW0_SX432,22.4
FGRW0_SX72,7.7
FHLM0_SI1560,6.7
FHLM0_SI2190,23.1
FHLM0_SI930,11.6
FHLM0_SX120,8.3
FHLM0_SX210,0.0
FHLM0_SX300,10.3
FHLM0_SX349,12.9
FHLM0_SX390,2.7
FHXS0_SI1075,24.3
FHXS0_SI2302,17.2
FHXS0_SI2335,7.4
FHXS0_SX175,22.0
FHXS0_SX265,0.0
FHXS0_SX355,11.4
FHXS0_SX445,21.9
FHXS0_SX85,11.8
FJDM2_SI1582,9.7
FJDM2_SI1964,10.0
FJDM2_SI2212,12.9
FJDM2_SX142,9.5
FJDM2_SX232,20.5
FJDM2_SX322,12.1
FJDM2_SX412,6.5
FJDM2_SX52,4.5
FJEN0_SI1047,3.7
FJEN0_SI1677,9.1
FJEN0_SI2307,6.8
FJEN0_SX147,6.5
FJEN0_SX237,10.5
FJEN0_SX327,20.6
FJEN0_SX417,11.6
FJEN0_SX57,3.0
FJHK0_SI1022,8.8
FJHK0_SI1652,0.0
FJHK0_SI2282,10.5
FJHK0_SX122,19.6
FJHK0_SX212,16.3
FJHK0_SX302,16.7
FJHK0_SX32,5.3
FJHK0_SX392,6.8
FJKL0_SI1562,21.1
FJKL0_SI2192,5.6
FJKL0_SI932,16.9
FJKL0_SX122,8.2
FJKL0_SX212,15.6
FJKL0_SX302,3.7
FJKL0_SX32,13.9
FJKL0_SX392,14.0
FJLG0_SI1506,6.3
FJLG0_SI1889,9.8
FJLG0_SI2306,0.0
FJLG0_SX179,21.1
FJLG0_SX269,10.7
FJLG0_SX359,8.9
FJLG0_SX449,8.3
FJLG0_SX89,13.9
FJLR0_SI1231,22.4
FJLR0_SI1861,8.3
FJLR0_SI601,10.8
FJLR0_SX151,8.7
FJLR0_SX241,0.0
FJLR0_SX331,5.6
FJLR0_SX421,19.4
FJLR0_SX61,16.7
FJRB0_SI1302,13.8
FJRB0_SI1932,21.2
FJRB0_SI672,0.0
FJRB0_SX132,16.7
FJRB0_SX222,10.0
FJRB0_SX312,16.4
FJRB0_SX402,6.1
FJRB0_SX42,6.7
FJRP1_SI1432,22.0
FJRP1_SI2062,0.0
FJRP1_SI802,5.6
FJRP1_SX172,22.5
FJRP1_SX262,10.0
FJRP1_SX352,8.3
FJRP1_SX442,7.3
FJRP1_SX82,2.9
FJSK0_SI1052,18.8
FJSK0_SI1682,5.4
FJSK0_SI2312,8.7
FJSK0_SX152,2.4
FJSK0_SX242,8.3
FJSK0_SX332,4.5
FJSK0_SX422,4.9
FJSK0_SX62,11.1
FJSP0_SI1434,15.6
FJSP0_SI1763,6.7
FJSP0_SI804,14.7
FJSP0_SX174,19.6
FJSP0_SX264,6.9
FJSP0_SX354,6.1
FJSP0_SX444,16.2
FJSP0_SX84,12.5
FJWB1_SI2055,22.6
FJWB1_SI748,19.4
FJWB1_SI795,0.0
FJWB1_SX165,25.0
FJWB1_SX255,3.1
FJWB1_SX345,11.1
FJWB1_SX435,20.8
FJWB1_SX75,6.3
FJXM0_SI1211,11.4
FJXM0_SI1971,5.9
FJXM0_SI581,13.3
FJXM0_SX131,14.7
FJXM0_SX221,2.2
FJXM0_SX311,16.1
FJXM0_SX401,7.5
FJXM0_SX41,13.0
FJXP0_SI1122,18.2
FJXP0_SI1752,25.0
FJXP0_SI492,16.7
FJXP0_SX132,14.7
FJXP0_SX222,7.5
FJXP0_SX312,16.3
FJXP0_SX402,6.3
FJXP0_SX42,6.5
FKAA0_SI1208,19.5
FKAA0_SI1838,13.8
FKAA0_SI578,12.5
FKAA0_SX128,14.3
FKAA0_SX218,7.3
FKAA0_SX308,28.6
FKAA0_SX38,4.4
FKAA0_SX398,23.8
FKDE0_SI1141,23.4
FKDE0_SI1771,16.2
FKDE0_SI2221,13.0
FKDE0_SX151,19.6
FKDE0_SX241,9.1
FKDE0_SX331,5.7
FKDE0_SX421,8.6
FKDE0_SX61,14.6
FKDW0_SI1207,12.8
FKDW0_SI1891,15.4
FKDW0_SI577,12.8
FKDW0_SX127,4.3
FKDW0_SX217,13.6
FKDW0_SX307,10.0
FKDW0_SX37,20.0
FKDW0_SX397,5.9
FKFB0_SI1608,20.0
FKFB0_SI2238,8.3
FKFB0_SI978,16.7
FKFB0_SX168,14.3
FKFB0_SX258,10.8
FKFB0_SX348,10.2
FKFB0_SX438,25.5
FKFB0_SX78,9.4
FKKH0_SI1290,11.7
FKKH0_SI1920,5.2
FKKH0_SI660,7.9
FKKH0_SX120,11.4
FKKH0_SX210,0.0
FKKH0_SX30,0.0
FKKH0_SX300,11.5
FKKH0_SX390,8.3
FKLC0_SI1615,16.7
FKLC0_SI2245,12.5
FKLC0_SI985,25.0
FKLC0_SX175,21.1
FKLC0_SX265,14.3
FKLC0_SX355,6.1
FKLC0_SX445,17.1
FKLC0_SX85,9.7
FKLC1_SI1048,15.8
FKLC1_SI1678,0.0
FKLC1_SI2308,15.4
FKLC1_SX148,20.0
FKLC1_SX238,15.8
FKLC1_SX328,4.3
FKLC1_SX418,9.8
FKLC1_SX58,10.7
FKLH0_SI1257,12.7
FKLH0_SI1887,6.3
FKLH0_SI627,18.4
FKLH0_SX177,4.2
FKLH0_SX267,13.2
FKLH0_SX357,17.1
FKLH0_SX447,11.5
FKLH0_SX87,5.6
FKSR0_SI1117,15.6
FKSR0_SI1747,11.8
FKSR0_SI487,5.9
FKSR0_SX161,16.7
FKSR0_SX217,8.3
FKSR0_SX366,7.7
FKSR0_SX37,18.9
FKSR0_SX397,5.9
FLAC0_SI1339,18.5
FLAC0_SI2161,0.0
FLAC0_SI901,13.6
FLAC0_SX181,13.6
FLAC0_SX271,9.1
FLAC0_SX361,11.8
FLAC0_SX451,11.5
FLAC0_SX91,10.8
FLAG0_SI1464,16.9
FLAG0_SI2094,10.5
FLAG0_SI834,15.9
FLAG0_SX114,2.6
FLAG0_SX204,12.1
FLAG0_SX24,10.0
FLAG0_SX294,6.9
FLAG0_SX384,8.3
FLEH0_SI1051,21.4
FLEH0_SI1681,3.2
FLEH0_SI2311,15.0
FLEH0_SX151,15.2
FLEH0_SX241,3.0
FLEH0_SX331,8.8
FLEH0_SX421,13.5
FLEH0_SX61,4.9
FLET0_SI1137,12.8
FLET0_SI1767,25.6
FLET0_SI507,18.5
FLET0_SX147,14.3
FLET0_SX237,15.0
FLET0_SX277,7.7
FLET0_SX417,15.4
FLET0_SX57,3.0
FLHD0_SI1344,15.0
FLHD0_SI1827,0.0
FLHD0_SI1974,13.9
FLHD0_SX174,5.8
FLHD0_SX264,10.7
FLHD0_SX354,12.1
FLHD0_SX444,10.3
FLHD0_SX84,11.1
FLJA0_SI1078,13.8
FLJA0_SI1708,6.7
FLJA0_SI2338,15.0
FLJA0_SX178,16.0
FLJA0_SX268,13.6
FLJA0_SX358,10.0
FLJA0_SX448,32.3
FLJA0_SX88,12.0
FLJD0_SI1516,6.7
FLJD0_SI2146,9.4
FLJD0_SI886,16.0
FLJD0_SX166,22.8
FLJD0_SX256,6.3
FLJD0_SX346,13.0
FLJD0_SX436,9.1
FLJD0_SX76,10.8
FLJG0_SI1611,25.0
FLJG0_SI2241,16.7
FLJG0_SI981,14.3
FLJG0_SX171,18.9
FLJG0_SX261,8.0
FLJG0_SX351,24.1
FLJG0_SX441,26.3
FLJG0_SX81,16.2
FLKM0_SI1880,2.9
FLKM0_SI620,20.3
FLKM0_SI686,0.0
FLKM0_SX116,9.7
FLKM0_SX260,6.8
FLKM0_SX350,13.5
FLKM0_SX440,21.6
FLKM0_SX80,6.7
FLMA0_SI1243,0.0
FLMA0_SI1873,21.2
FLMA0_SI613,17.8
FLMA0_SX163,8.8
FLMA0_SX253,4.0
FLMA0_SX343,17.9
FLMA0_SX433,9.5
FLMA0_SX73,2.7
FLMC0_SI1372,16.7
FLMC0_SI2002,10.0
FLMC0_SI742,3.4
FLMC0_SX112,8.3
FLMC0_SX22,9.1
FLMC0_SX292,6.3
FLMC0_SX336,15.7
FLMC0_SX382,7.9
FLMK0_SI1035,22.9
FLMK0_SI1229,26.7
FLMK0_SI2295,6.5
FLMK0_SX135,16.3
FLMK0_SX225,20.7
FLMK0_SX315,7.1
FLMK0_SX405,8.1
FLMK0_SX45,6.3
FLOD0_SI1287,5.2
FLOD0_SI1917,13.9
FLOD0_SI657,13.6
FLOD0_SX117,17.2
FLOD0_SX171,22.6
FLOD0_SX207,4.2
FLOD0_SX297,9.7
FLOD0_SX387,5.7
FLTM0_SI1070,7.7
FLTM0_SI1700,10.3
FLTM0_SI2330,17.4
FLTM0_SX170,10.9
FLTM0_SX260,8.9
FLTM0_SX350,7.3
FLTM0_SX440,12.0
FLTM0_SX80,3.4
FMAH1_SI1509,4.2
FMAH1_SI2139,8.7
FMAH1_SI879,13.3
FMAH1_SX159,8.1
FMAH1_SX249,3.8
FMAH1_SX339,9.4
FMAH1_SX429,7.9
FMAH1_SX69,2.9
FMBG0_SI1160,20.6
FMBG0_SI1790,12.0
FMBG0_SI2264,4.2
FMBG0_SX260,7.1
FMBG0_SX3,0.0
FMBG0_SX350,15.2
FMBG0_SX440,14.6
FMBG0_SX80,14.3
FMEM0_SI1377,22.9
FMEM0_SI2007,14.3
FMEM0_SI747,5.0
FMEM0_SX117,15.2
FMEM0_SX207,16.7
FMEM0_SX297,15.2
FMEM0_SX333,19.6
FMEM0_SX387,13.6
FMJB0_SI1177,12.1
FMJB0_SI1807,22.9
FMJB0_SI547,10.0
FMJB0_SX187,13.6
FMJB0_SX277,4.5
FMJB0_SX367,13.9
FMJB0_SX7,3.6
FMJB0_SX97,17.9
FMJF0_SI1254,20.0
FMJF0_SI1884,4.0
FMJF0_SI624,20.4
FMJF0_SX174,18.0
FMJF0_SX264,7.1
FMJF0_SX354,6.1
FMJF0_SX444,16.2
FMJF0_SX84,8.2
FMJU0_SI1389,10.9
FMJU0_SI2019,5.0
FMJU0_SI759,6.5
FMJU0_SX129,17.2
FMJU0_SX219,23.8
FMJU0_SX309,9.5
FMJU0_SX39,7.0
FMJU0_SX399,3.3
FMKC0_SI1041,22.4
FMKC0_SI1072,18.8
FMKC0_SI1702,28.0
FMKC0_SX172,25.6
FMKC0_SX262,22.6
FMKC0_SX352,10.8
FMKC0_SX442,16.3
FMKC0_SX82,16.2
FMKF0_SI1018,14.0
FMKF0_SI1536,15.2
FMKF0_SI906,10.5
FMKF0_SX186,11.1
FMKF0_SX276,0.0
FMKF0_SX366,7.7
FMKF0_SX6,8.3
FMKF0_SX96,0.0
FMMH0_SI1537,14.3
FMMH0_SI2167,23.3
FMMH0_SI907,18.2
FMMH0_SX187,18.2
FMMH0_SX367,10.8
FMMH0_SX420,26.5
FMMH0_SX7,20.0
FMMH0_SX97,13.8
FMPG0_SI1602,11.1
FMPG0_SI2232,8.1
FMPG0_SI972,19.1
FMPG0_SX162,19.4
FMPG0_SX252,2.9
FMPG0_SX342,23.7
FMPG0_SX432,19.6
FMPG0_SX72,15.4
FNKL0_SI1522,9.1
FNKL0_SI2152,13.2
FNKL0_SI892,16.4
FNKL0_SX172,12.5
FNKL0_SX196,0.0
FNKL0_SX262,6.7
FNKL0_SX442,9.1
FNKL0_SX82,7.9
FNTB0_SI1203,18.4
FNTB0_SI573,5.7
FNTB0_SI679,7.6
FNTB0_SX123,17.5
FNTB0_SX213,5.9
FNTB0_SX303,3.4
FNTB0_SX33,0.0
FNTB0_SX393,9.1
FPAB1_SI1471,9.1
FPAB1_SI2101,15.3
FPAB1_SI841,17.6
FPAB1_SX121,10.3
FPAB1_SX211,15.2
FPAB1_SX301,21.6
FPAB1_SX31,3.8
FPAB1_SX391,5.0
FPAC0_SI1921,17.9
FPAC0_SI2011,9.1
FPAC0_SI661,19.2
FPAC0_SX121,2.5
FPAC0_SX211,2.9
FPAC0_SX301,5.1
FPAC0_SX31,10.7
FPAC0_SX391,5.0
FPAD0_SI1346,18.9
FPAD0_SI1976,23.1
FPAD0_SI716,16.1
FPAD0_SX176,11.8
FPAD0_SX266,12.1
FPAD0_SX356,8.3
FPAD0_SX446,16.3
FPAD0_SX86,9.4
FPAF0_SI1054,20.3
FPAF0_SI1684,12.9
FPAF0_SI2314,11.5
FPAF0_SX154,5.6
FPAF0_SX244,20.9
FPAF0_SX334,13.3
FPAF0_SX424,19.4
FPAF0_SX64,14.3
FPAZ0_SI1593,4.2
FPAZ0_SI2223,13.3
FPAZ0_SI963,14.0
FPAZ0_SX153,4.1
FPAZ0_SX243,12.5
FPAZ0_SX27,8.0
FPAZ0_SX423,15.9
FPAZ0_SX63,14.3
FPJF0_SI1046,10.8
FPJF0_SI1259,12.5
FPJF0_SI1676,14.6
FPJF0_SX146,5.6
FPJF0_SX236,16.7
FPJF0_SX326,17.2
FPJF0_SX352,15.7
FPJF0_SX56,14.6
FPLS0_SI1590,19.4
FPLS0_SI2220,8.6
FPLS0_SI960,18.3
FPLS0_SX150,10.3
FPLS0_SX240,11.1
FPLS0_SX3,6.7
FPLS0_SX330,12.8
FPLS0_SX60,11.3
FPMY0_SI1153,20.3
FPMY0_SI1783,10.5
FPMY0_SI523,25.0
FPMY0_SX163,11.8
FPMY0_SX196,15.0
FPMY0_SX253,11.1
FPMY0_SX343,9.8
FPMY0_SX73,10.8
FREH0_SI1315,8.3
FREH0_SI1945,19.0
FREH0_SI685,12.9
FREH0_SX145,19.4
FREH0_SX235,7.1
FREH0_SX325,4.0
FREH0_SX415,2.8
FREH0_SX55,11.9
FRJB0_SI1427,14.3
FRJB0_SI1470,0.0
FRJB0_SI1794,5.9
FRJB0_SX167,13.5
FRJB0_SX257,0.0
FRJB0_SX347,20.7
FRJB0_SX437,10.2
FRJB0_SX77,18.2
FRLL0_SI1514,6.9
FRLL0_SI805,17.7
FRLL0_SI884,18.9
FRLL0_SX164,19.5
FRLL0_SX254,9.5
FRLL0_SX344,4.5
FRLL0_SX434,6.9
FRLL0_SX74,2.8
FSAG0_SI1323,6.5
FSAG0_SI1953,0.0
FSAG0_SI693,25.9
FSAG0_SX153,13.5
FSAG0_SX243,15.0
FSAG0_SX333,11.5
FSAG0_SX423,10.6
FSAG0_SX63,16.7
FSAH0_SI1244,8.9
FSAH0_SI1874,8.3
FSAH0_SI614,9.1
FSAH0_SX164,2.5
FSAH0_SX327,21.0
FSAH0_SX344,13.0
FSAH0_SX434,0.0
FSAH0_SX74,2.9
FSAK0_SI1300,12.9
FSAK0_SI1930,11.1
FSAK0_SI670,19.4
FSAK0_SX130,6.3
FSAK0_SX220,9.1
FSAK0_SX310,8.8
FSAK0_SX40,12.8
FSAK0_SX400,13.2
FSBK0_SI1069,11.3
FSBK0_SI1699,5.9
FSBK0_SI2329,22.7
FSBK0_SX169,22.7
FSBK0_SX259,13.9
FSBK0_SX349,8.2
FSBK0_SX439,11.1
FSBK0_SX79,15.9
FSCN0_SI1886,5.6
FSCN0_SI626,5.6
FSCN0_SI705,35.2
FSCN0_SX176,11.8
FSCN0_SX266,6.3
FSCN0_SX356,11.1
FSCN0_SX446,14.0
FSCN0_SX86,19.4
FSDC0_SI1312,8.9
FSDC0_SI1942,0.0
FSDC0_SI2234,5.3
FSDC0_SX142,9.5
FSDC0_SX232,16.7
FSDC0_SX322,14.7
FSDC0_SX412,12.2
FSDC0_SX52,10.9
FSDJ0_SI1115,19.2
FSDJ0_SI1745,21.2
FSDJ0_SI485,19.2
FSDJ0_SX125,13.8
FSDJ0_SX215,10.3
FSDJ0_SX305,20.7
FSDJ0_SX35,17.9
FSDJ0_SX395,18.9
FSGF0_SI1557,3.2
FSGF0_SI2187,14.6
FSGF0_SI927,14.5
FSGF0_SX117,6.5
FSGF0_SX207,8.0
FSGF0_SX27,0.0
FSGF0_SX297,6.7
FSGF0_SX387,10.3
FSJG0_SI1570,28.0
FSJG0_SI2200,9.4
FSJG0_SI940,14.0
FSJG0_SX130,15.6
FSJG0_SX220,15.7
FSJG0_SX310,19.4
FSJG0_SX40,19.1
FSJG0_SX400,14.3
FSJK1_SI1025,14.3
FSJK1_SI2285,3.2
FSJK1_SI696,19.6
FSJK1_SX125,0.0
FSJK1_SX215,12.5
FSJK1_SX305,0.0
FSJK1_SX35,0.0
FSJK1_SX395,10.8
FSJS0_SI1171,11.5
FSJS0_SI1801,18.6
FSJS0_SI541,9.1
FSJS0_SX181,16.3
FSJS0_SX271,6.1
FSJS0_SX361,8.6
FSJS0_SX451,13.7
FSJS0_SX91,12.5
FSJW0_SI1333,24.6
FSJW0_SI1963,13.5
FSJW0_SI703,11.1
FSJW0_SX163,17.6
FSJW0_SX253,12.0
FSJW0_SX343,17.1
FSJW0_SX433,14.3
FSJW0_SX73,10.8
FSKC0_SI1416,8.6
FSKC0_SI2046,8.9
FSKC0_SI786,17.6
FSKC0_SX156,4.8
FSKC0_SX246,3.6
FSKC0_SX336,13.2
FSKC0_SX426,8.6
FSKC0_SX66,0.0
FSKL0_SI1529,15.2
FSKL0_SI2159,9.6
FSKL0_SI899,16.1
FSKL0_SX179,13.2
FSKL0_SX269,10.7
FSKL0_SX359,8.7
FSKL0_SX449,18.8
FSKL0_SX89,13.2
FSKP0_SI1098,25.0
FSKP0_SI1728,41.2
FSKP0_SI468,36.1
FSKP0_SX108,14.3
FSKP0_SX18,9.7
FSKP0_SX198,10.0
FSKP0_SX288,22.0
FSKP0_SX378,16.7
FSLS0_SI1056,15.0
FSLS0_SI1686,16.7
FSLS0_SI2316,16.3
FSLS0_SX156,8.7
FSLS0_SX202,12.0
FSLS0_SX246,7.4
FSLS0_SX426,7.9
FSLS0_SX66,25.0
FSMA0_SI1621,12.5
FSMA0_SI2251,13.9
FSMA0_SI991,18.6
FSMA0_SX181,14.9
FSMA0_SX271,6.1
FSMA0_SX361,2.9
FSMA0_SX451,20.0
FSMA0_SX91,2.7
FSMM0_SI1314,8.3
FSMM0_SI1944,8.3
FSMM0_SI684,2.9
FSMM0_SX144,6.5
FSMM0_SX234,3.1
FSMM0_SX324,13.6
FSMM0_SX414,7.5
FSMM0_SX54,8.3
FSMS1_SI1504,16.7
FSMS1_SI2134,6.5
FSMS1_SI874,10.5
FSMS1_SX154,9.1
FSMS1_SX244,14.6
FSMS1_SX334,15.6
FSMS1_SX347,16.4
FSMS1_SX64,2.6
FSPM0_SI1241,6.2
FSPM0_SI1871,11.8
FSPM0_SI611,11.1
FSPM0_SX161,5.9
FSPM0_SX251,9.4
FSPM0_SX341,2.3
FSPM0_SX431,2.9
FSPM0_SX71,0.0
FSRH0_SI1719,0.0
FSRH0_SI1931,8.6
FSRH0_SI671,17.6
FSRH0_SX131,5.6
FSRH0_SX221,8.7
FSRH0_SX311,8.8
FSRH0_SX401,7.7
FSRH0_SX41,17.6
FSSB0_SI1082,13.9
FSSB0_SI1712,16.4
FSSB0_SI2342,5.9
FSSB0_SX182,8.3
FSSB0_SX272,11.1
FSSB0_SX362,4.4
FSSB0_SX452,8.3
FSSB0_SX92,8.1
FTAJ0_SI1329,15.2
FTAJ0_SI474,9.7
FTAJ0_SI699,17.6
FTAJ0_SX159,5.6
FTAJ0_SX249,4.3
FTAJ0_SX339,6.3
FTAJ0_SX429,7.9
FTAJ0_SX69,24.2
FTBR0_SI1402,13.8
FTBR0_SI2181,11.5
FTBR0_SI921,4.9
FTBR0_SX111,3.4
FTBR0_SX201,8.3
FTBR0_SX21,9.5
FTBR0_SX291,3.2
FTBR0_SX381,9.7
FTBW0_SI1345,20.0
FTBW0_SI1975,12.5
FTBW0_SI715,15.0
FTBW0_SX175,16.7
FTBW0_SX265,5.7
FTBW0_SX355,19.4
FTBW0_SX445,18.2
FTBW0_SX85,18.2
FTLG0_SI1743,12.5
FTLG0_SI483,15.5
FTLG0_SI840,11.9
FTLG0_SX123,15.8
FTLG0_SX213,9.4
FTLG0_SX303,7.1
FTLG0_SX33,6.3
FTLG0_SX393,6.1
FTMG0_SI1532,12.5
FTMG0_SI2162,10.7
FTMG0_SI902,9.1
FTMG0_SX182,4.5
FTMG0_SX272,7.4
FTMG0_SX362,17.5
FTMG0_SX452,13.6
FTMG0_SX92,8.3
FVFB0_SI1032,35.1
FVFB0_SI1510,21.4
FVFB0_SI2292,19.2
FVFB0_SX132,8.1
FVFB0_SX222,17.5
FVFB0_SX312,25.0
FVFB0_SX402,15.6
FVFB0_SX42,14.8
FVKB0_SI1159,15.6
FVKB0_SI1789,0.0
FVKB0_SI529,7.3
FVKB0_SX169,4.9
FVKB0_SX259,8.1
FVKB0_SX349,11.9
FVKB0_SX439,4.5
FVKB0_SX79,7.5
FVMH0_SI1466,22.2
FVMH0_SI2096,17.6
FVMH0_SI836,35.0
FVMH0_SX116,13.8
FVMH0_SX206,17.9
FVMH0_SX26,14.3
FVMH0_SX296,11.1
FVMH0_SX386,14.8
MABC0_SI1620,6.3
MABC0_SI2041,17.1
MABC0_SI781,14.3
MABC0_SX151,13.6
MABC0_SX241,10.3
MABC0_SX331,12.5
MABC0_SX421,16.7
MABC0_SX61,11.4
MADC0_SI1367,10.9
MADC0_SI1997,4.2
MADC0_SI737,11.1
MADC0_SX107,5.6
MADC0_SX17,0.0
MADC0_SX197,8.7
MADC0_SX287,7.7
MADC0_SX377,12.5
MADD0_SI1295,4.2
MADD0_SI1798,12.5
MADD0_SI538,8.3
MADD0_SX178,20.0
MADD0_SX268,7.1
MADD0_SX358,0.0
MADD0_SX448,20.6
MADD0_SX88,10.2
MAEB0_SI1411,19.3
MAEB0_SI2250,25.0
MAEB0_SI990,14.0
MAEB0_SX180,15.8
MAEB0_SX270,12.9
MAEB0_SX360,15.6
MAEB0_SX450,18.6
MAEB0_SX90,8.3
MAEO0_SI1326,13.7
MAEO0_SI1655,8.0
MAEO0_SI1956,11.4
MAEO0_SX156,15.9
MAEO0_SX246,8.0
MAEO0_SX336,25.0
MAEO0_SX426,7.7
MAEO0_SX66,5.9
MAFM0_SI1569,0.0
MAFM0_SI2199,0.0
MAFM0_SI939,19.0
MAFM0_SX129,10.3
MAFM0_SX219,21.7
MAFM0_SX309,4.9
MAFM0_SX39,11.6
MAFM0_SX399,9.7
MAJP0_SI1074,12.5
MAJP0_SI1704,8.8
MAJP0_SI2334,20.0
MAJP0_SX174,22.6
MAJP0_SX264,10.0
MAJP0_SX354,11.4
MAJP0_SX444,22.5
MAJP0_SX84,25.0
MAKB0_SI1016,15.4
MAKB0_SI1646,16.7
MAKB0_SI2276,16.4
MAKB0_SX116,7.1
MAKB0_SX206,12.2
MAKB0_SX26,0.0
MAKB0_SX296,0.0
MAKB0_SX386,6.5
MAKR0_SI1352,9.7
MAKR0_SI1982,18.6
MAKR0_SI722,8.8
MAKR0_SX182,20.0
MAKR0_SX272,28.0
MAKR0_SX362,7.1
MAKR0_SX452,7.5
MAKR0_SX92,24.2
MAPV0_SI1293,19.0
MAPV0_SI1923,21.9
MAPV0_SI663,8.7
MAPV0_SX123,11.9
MAPV0_SX213,24.2
MAPV0_SX303,3.4
MAPV0_SX33,17.2
MAPV0_SX393,8.8
MARC0_SI1188,0.0
MARC0_SI1818,6.7
MARC0_SI558,20.4
MARC0_SX108,2.8
MARC0_SX18,6.3
MARC0_SX198,6.3
MARC0_SX288,9.8
MARC0_SX378,10.0
MARW0_SI1276,8.3
MARW0_SI1906,18.5
MARW0_SI646,8.3
MARW0_SX106,13.3
MARW0_SX16,9.5
MARW0_SX286,12.0
MARW0_SX349,26.7
MARW0_SX376,13.2
MBAR0_SI1319,19.0
MBAR0_SI1949,0.0
MBAR0_SI689,12.5
MBAR0_SX149,8.2
MBAR0_SX239,8.8
MBAR0_SX329,15.1
MBAR0_SX419,2.7
MBAR0_SX59,0.0
MBBR0_SI1055,24.6
MBBR0_SI1685,12.5
MBBR0_SI2315,11.5
MBBR0_SX155,9.3
MBBR0_SX245,3.7
MBBR0_SX335,21.1
MBBR0_SX425,7.7
MBBR0_SX65,9.4
MBCG0_SI2217,18.2
MBCG0_SI486,13.0
MBCG0_SI957,16.7
MBCG0_SX147,17.1
MBCG0_SX237,0.0
MBCG0_SX327,22.7
MBCG0_SX417,7.9
MBCG0_SX57,6.3
MBEF0_SI1281,21.8
MBEF0_SI1911,11.1
MBEF0_SI651,10.9
MBEF0_SX111,7.1
MBEF0_SX201,5.6
MBEF0_SX21,20.0
MBEF0_SX291,19.4
MBEF0_SX381,13.8
MBGT0_SI1341,12.0
MBGT0_SI1841,11.1
MBGT0_SI711,12.2
MBGT0_SX171,15.1
MBGT0_SX261,4.0
MBGT0_SX351,12.8
MBGT0_SX441,16.2
MBGT0_SX81,11.8
MBJV0_SI1247,21.2
MBJV0_SI1877,6.5
MBJV0_SI617,15.4
MBJV0_SX167,15.2
MBJV0_SX257,12.5
MBJV0_SX347,20.7
MBJV0_SX437,11.1
MBJV0_SX77,19.4
MBMA0_SI1222,13.7
MBMA0_SI1852,18.8
MBMA0_SI592,15.8
MBMA0_SX142,13.6
MBMA0_SX232,9.1
MBMA0_SX322,6.1
MBMA0_SX412,18.6
MBMA0_SX52,9.1
MBMA1_SI2207,0.0
MBMA1_SI2214,17.6
MBMA1_SI954,12.5
MBMA1_SX144,6.3
MBMA1_SX234,5.9
MBMA1_SX324,10.0
MBMA1_SX414,7.3
MBMA1_SX54,23.9
MBML0_SI1169,0.0
MBML0_SI1799,3.3
MBML0_SI539,13.9
MBML0_SX179,8.1
MBML0_SX269,0.0
MBML0_SX359,4.4
MBML0_SX449,27.7
MBML0_SX89,8.8
MBOM0_SI1014,15.1
MBOM0_SI1644,10.3
MBOM0_SI2274,5.4
MBOM0_SX114,13.5
MBOM0_SX204,0.0
MBOM0_SX294,10.3
MBOM0_SX311,16.1
MBOM0_SX384,8.7
MBSB0_SI1353,23.6
MBSB0_SI1983,21.1
MBSB0_SI723,40.0
MBSB0_SX183,25.0
MBSB0_SX273,17.2
MBSB0_SX3,12.5
MBSB0_SX363,28.6
MBSB0_SX93,8.3
MBTH0_SI2102,8.8
MBTH0_SI505,16.7
MBTH0_SI757,9.5
MBTH0_SX122,12.8
MBTH0_SX212,22.7
MBTH0_SX302,13.3
MBTH0_SX32,5.4
MBTH0_SX392,11.9
MBWP0_SI1531,4.8
MBWP0_SI1969,2.8
MBWP0_SI709,8.3
MBWP0_SX169,11.6
MBWP0_SX259,18.9
MBWP0_SX349,14.5
MBWP0_SX439,7.0
MBWP0_SX79,0.0
MCAE0_SI1447,25.4
MCAE0_SI2077,25.6
MCAE0_SI817,13.9
MCAE0_SX187,4.3
MCAE0_SX277,23.1
MCAE0_SX367,20.0
MCAE0_SX7,21.4
MCAE0_SX97,22.6
MCAL0_SI1138,25.0
MCAL0_SI1768,9.5
MCAL0_SI508,4.5
MCAL0_SX148,12.8
MCAL0_SX238,11.1
MCAL0_SX328,8.7
MCAL0_SX418,17.5
MCAL0_SX58,11.3
MCDC0_SI1292,3.0
MCDC0_SI1922,9.7
MCDC0_SI662,6.1
MCDC0_SX122,19.6
MCDC0_SX212,18.6
MCDC0_SX302,3.6
MCDC0_SX32,10.5
MCDC0_SX392,7.0
MCDD0_SI1513,0.0
MCDD0_SI2143,9.1
MCDD0_SI883,7.9
MCDD0_SX163,13.5
MCDD0_SX253,17.2
MCDD0_SX343,14.9
MCDD0_SX433,11.6
MCDD0_SX73,13.2
MCDR0_SI1154,24.0
MCDR0_SI1784,17.5
MCDR0_SI524,13.8
MCDR0_SX164,19.0
MCDR0_SX254,15.0
MCDR0_SX344,8.3
MCDR0_SX434,10.7
MCDR0_SX74,2.9
MCEF0_SI1135,11.4
MCEF0_SI1765,5.9
MCEF0_SI842,12.9
MCEF0_SX145,4.9
MCEF0_SX235,16.1
MCEF0_SX325,15.4
MCEF0_SX415,2.7
MCEF0_SX55,7.0
MCEW0_SI1442,22.9
MCEW0_SI2072,20.3
MCEW0_SI812,16.9
MCEW0_SX182,14.3
MCEW0_SX272,7.4
MCEW0_SX362,9.3
MCEW0_SX452,13.0
MCEW0_SX92,8.8
MCHL0_SI1347,20.0
MCHL0_SI1404,23.0
MCHL0_SI1977,0.0
MCHL0_SX177,4.0
MCHL0_SX267,8.1
MCHL0_SX357,13.5
MCHL0_SX447,14.8
MCHL0_SX87,6.1
MCLK0_SI1660,16.7
MCLK0_SI2290,21.8
MCLK0_SI650,22.0
MCLK0_SX130,11.8
MCLK0_SX220,16.3
MCLK0_SX310,8.8
MCLK0_SX40,8.3
MCLK0_SX400,13.9
MCLM0_SI1456,19.1
MCLM0_SI2086,26.3
MCLM0_SI826,22.8
MCLM0_SX106,6.7
MCLM0_SX16,9.5
MCLM0_SX196,8.3
MCLM0_SX286,11.8
MCLM0_SX376,22.0
MCPM0_SI1194,12.5
MCPM0_SI1824,24.6
MCPM0_SI564,15.9
MCPM0_SX114,8.1
MCPM0_SX204,13.3
MCPM0_SX24,9.1
MCPM0_SX294,3.8
MCPM0_SX384,4.8
MCRE0_SI1121,22.4
MCRE0_SI1725,6.3
MCRE0_SI1751,21.3
MCRE0_SX131,20.6
MCRE0_SX221,7.1
MCRE0_SX24,4.8
MCRE0_SX401,15.4
MCRE0_SX41,18.0
MCSS0_SI1380,22.0
MCSS0_SI688,11.7
MCSS0_SI750,9.4
MCSS0_SX120,10.8
MCSS0_SX210,4.0
MCSS0_SX30,8.0
MCSS0_SX300,11.1
MCSS0_SX390,8.3
MCTH0_SI1209,10.3
MCTH0_SI1839,3.1
MCTH0_SI579,7.5
MCTH0_SX129,7.1
MCTH0_SX219,28.6
MCTH0_SX309,4.9
MCTH0_SX39,12.2
MCTH0_SX399,3.4
MCTM0_SI1350,12.7
MCTM0_SI1980,14.0
MCTM0_SI720,15.0
MCTM0_SX180,0.0
MCTM0_SX270,6.5
MCTM0_SX360,9.7
MCTM0_SX450,8.9
MCTM0_SX90,7.4
MCXM0_SI1351,2.8
MCXM0_SI1981,14.0
MCXM0_SI721,13.8
MCXM0_SX181,15.6
MCXM0_SX271,14.7
MCXM0_SX361,6.1
MCXM0_SX451,27.1
MCXM0_SX91,15.0
MDAC0_SI1261,2.6
MDAC0_SI1837,13.8
MDAC0_SI631,20.3
MDAC0_SX181,17.0
MDAC0_SX271,15.2
MDAC0_SX361,8.6
MDAC0_SX451,12.8
MDAC0_SX91,8.1
MDAS0_SI1266,15.6
MDAS0_SI1896,17.2
MDAS0_SI636,5.3
MDAS0_SX186,19.2
MDAS0_SX21,19.0
MDAS0_SX276,6.5
MDAS0_SX6,8.0
MDAS0_SX96,2.7
MDBB1_SI1006,10.4
MDBB1_SI1636,11.5
MDBB1_SI2056,15.7
MDBB1_SX106,6.5
MDBB1_SX16,4.8
MDBB1_SX196,9.5
MDBB1_SX286,9.8
MDBB1_SX376,4.9
MDBP0_SI1158,5.3
MDBP0_SI1788,14.0
MDBP0_SI528,19.7
MDBP0_SX168,7.7
MDBP0_SX258,5.3
MDBP0_SX348,4.2
MDBP0_SX438,11.8
MDBP0_SX78,6.5
MDCD0_SI1415,5.4
MDCD0_SI2045,13.3
MDCD0_SI785,23.3
MDCD0_SX155,14.6
MDCD0_SX245,17.2
MDCD0_SX335,20.0
MDCD0_SX425,16.7
MDCD0_SX65,6.5
MDCM0_SI1480,11.5
MDCM0_SI2110,10.3
MDCM0_SI850,8.1
MDCM0_SX130,6.5
MDCM0_SX220,10.6
MDCM0_SX310,6.1
MDCM0_SX40,15.6
MDCM0_SX400,10.8
MDDC0_SI1419,15.9
MDDC0_SI2049,0.0
MDDC0_SI789,4.9
MDDC0_SX159,12.8
MDDC0_SX249,3.8
MDDC0_SX339,9.4
MDDC0_SX429,5.4
MDDC0_SX69,15.2
MDED0_SI1170,9.1
MDED0_SI1800,6.5
MDED0_SI540,13.1
MDED0_SX180,8.1
MDED0_SX270,3.3
MDED0_SX360,3.2
MDED0_SX450,11.1
MDED0_SX90,8.0
MDEF0_SI1123,17.5
MDEF0_SI1563,8.1
MDEF0_SI2193,11.8
MDEF0_SX123,8.6
MDEF0_SX213,9.7
MDEF0_SX303,3.7
MDEF0_SX33,18.8
MDEF0_SX393,6.7
MDEM0_SI1868,3.8
MDEM0_SI608,11.1
MDEM0_SI800,16.9
MDEM0_SX158,6.9
MDEM0_SX248,6.9
MDEM0_SX338,10.3
MDEM0_SX428,13.6
MDEM0_SX68,15.2
MDHL0_SI1439,18.2
MDHL0_SI2069,15.6
MDHL0_SI809,8.1
MDHL0_SX179,13.2
MDHL0_SX269,21.4
MDHL0_SX359,17.8
MDHL0_SX449,15.6
MDHL0_SX89,5.6
MDHS0_SI1530,15.2
MDHS0_SI2160,8.3
MDHS0_SI900,19.6
MDHS0_SX180,2.9
MDHS0_SX270,9.7
MDHS0_SX360,9.7
MDHS0_SX450,21.3
MDHS0_SX90,8.0
MDJM0_SI1455,18.8
MDJM0_SI2085,10.5
MDJM0_SI825,16.7
MDJM0_SX105,12.5
MDJM0_SX15,12.5
MDJM0_SX195,0.0
MDJM0_SX285,0.0
MDJM0_SX375,19.5
MDKS0_SI1066,4.3
MDKS0_SI1696,20.7
MDKS0_SI2326,7.3
MDKS0_SX166,8.1
MDKS0_SX256,6.1
MDKS0_SX346,10.2
MDKS0_SX436,8.7
MDKS0_SX76,11.9
MDLB0_SI1306,7.9
MDLB0_SI1936,16.0
MDLB0_SI676,13.6
MDLB0_SX136,3.7
MDLB0_SX226,11.9
MDLB0_SX316,6.9
MDLB0_SX406,6.0
MDLB0_SX46,9.7
MDLC0_SI1395,9.1
MDLC0_SI2025,6.5
MDLC0_SI765,10.5
MDLC0_SX135,16.3
MDLC0_SX225,3.7
MDLC0_SX315,6.9
MDLC0_SX405,5.4
MDLC0_SX45,12.5
MDLC1_SI1435,17.7
MDLC1_SI2065,20.0
MDLC1_SI2144,4.8
MDLC1_SX175,17.9
MDLC1_SX265,0.0
MDLC1_SX355,16.1
MDLC1_SX445,2.9
MDLC1_SX85,23.5
MDLC2_SI1614,5.0
MDLC2_SI2244,10.0
MDLC2_SI984,9.3
MDLC2_SX174,17.0
MDLC2_SX264,0.0
MDLC2_SX354,20.0
MDLC2_SX444,7.5
MDLC2_SX84,8.3
MDLH0_SI1960,5.9
MDLH0_SI574,4.3
MDLH0_SI700,10.0
MDLH0_SX160,8.7
MDLH0_SX250,10.3
MDLH0_SX340,19.4
MDLH0_SX430,19.1
MDLH0_SX70,0.0
MDLM0_SI1234,8.6
MDLM0_SI1864,21.1
MDLM0_SI604,14.3
MDLM0_SX154,12.5
MDLM0_SX244,26.8
MDLM0_SX334,32.1
MDLM0_SX424,20.0
MDLM0_SX64,20.0
MDLR0_SI1233,11.3
MDLR0_SI1863,8.3
MDLR0_SI603,5.3
MDLR0_SX153,14.9
MDLR0_SX243,2.6
MDLR0_SX333,12.0
MDLR0_SX423,15.2
MDLR0_SX63,17.1
MDLR1_SI1299,7.7
MDLR1_SI1929,14.3
MDLR1_SI669,8.9
MDLR1_SX129,0.0
MDLR1_SX219,14.3
MDLR1_SX309,11.6
MDLR1_SX39,9.5
MDLR1_SX399,0.0
MDMA0_SI1238,4.8
MDMA0_SI1430,5.3
MDMA0_SI2060,12.1
MDMA0_SX170,10.7
MDMA0_SX260,11.4
MDMA0_SX350,6.1
MDMA0_SX440,8.3
MDMA0_SX80,10.0
MDMT0_SI1832,7.1
MDMT0_SI2341,11.1
MDMT0_SI572,16.0
MDMT0_SX122,18.0
MDMT0_SX212,13.6
MDMT0_SX302,7.1
MDMT0_SX32,8.6
MDMT0_SX392,18.6
MDNS0_SI1011,9.8
MDNS0_SI2271,16.0
MDNS0_SI873,5.0
MDNS0_SX111,3.2
MDNS0_SX201,5.4
MDNS0_SX21,4.8
MDNS0_SX291,11.8
MDNS0_SX381,3.2
MDPB0_SI1760,15.1
MDPB0_SI2126,12.8
MDPB0_SI866,13.8
MDPB0_SX146,5.4
MDPB0_SX236,21.2
MDPB0_SX326,11.1
MDPB0_SX416,10.7
MDPB0_SX56,12.2
MDPK0_SI1053,17.6
MDPK0_SI1683,13.3
MDPK0_SI552,12.5
MDPK0_SX153,12.8
MDPK0_SX243,2.5
MDPK0_SX333,14.3
MDPK0_SX423,8.7
MDPK0_SX63,0.0
MDPS0_SI1651,4.0
MDPS0_SI1979,10.5
MDPS0_SI719,9.5
MDPS0_SX179,5.3
MDPS0_SX269,7.1
MDPS0_SX359,6.7
MDPS0_SX449,10.6
MDPS0_SX89,5.4
MDRD0_SI1382,18.5
MDRD0_SI2012,3.4
MDRD0_SI752,18.0
MDRD0_SX122,15.6
MDRD0_SX212,13.6
MDRD0_SX302,0.0
MDRD0_SX32,5.6
MDRD0_SX392,9.5
MDSJ0_SI1462,18.3
MDSJ0_SI2092,10.3
MDSJ0_SI832,13.5
MDSJ0_SX112,8.8
MDSJ0_SX22,4.3
MDSJ0_SX292,11.8
MDSJ0_SX382,11.1
MDSJ0_SX438,22.0
MDSS0_SI1881,7.7
MDSS0_SI2087,8.7
MDSS0_SI621,8.1
MDSS0_SX171,23.1
MDSS0_SX261,13.0
MDSS0_SX351,18.4
MDSS0_SX441,19.4
MDSS0_SX81,2.9
MDSS1_SI1327,20.0
MDSS1_SI1713,11.8
MDSS1_SI697,14.5
MDSS1_SX157,22.6
MDSS1_SX247,11.4
MDSS1_SX337,13.5
MDSS1_SX427,18.5
MDSS1_SX67,10.0
MDTB0_SI1200,13.9
MDTB0_SI1830,8.1
MDTB0_SI570,18.2
MDTB0_SX120,8.3
MDTB0_SX210,4.0
MDTB0_SX300,17.2
MDTB0_SX321,18.0
MDTB0_SX390,18.4
MDWD0_SI1260,9.2
MDWD0_SI1890,15.2
MDWD0_SI557,5.9
MDWD0_SX180,9.4
MDWD0_SX270,6.7
MDWD0_SX360,9.1
MDWD0_SX450,20.5
MDWD0_SX90,4.0
MDWH0_SI1168,11.5
MDWH0_SI1925,10.5
MDWH0_SI665,6.8
MDWH0_SX125,7.4
MDWH0_SX215,16.2
MDWH0_SX305,3.2
MDWH0_SX35,0.0
MDWH0_SX395,17.9
MDWM0_SI1546,17.6
MDWM0_SI2176,12.5
MDWM0_SI916,12.0
MDWM0_SX106,0.0
MDWM0_SX16,9.5
MDWM0_SX286,5.9
MDWM0_SX376,2.4
MDWM0_SX433,9.5
MEAL0_SI1547,3.6
MEAL0_SI2177,14.7
MEAL0_SI917,18.2
MEAL0_SX107,27.8
MEAL0_SX197,12.5
MEAL0_SX287,19.4
MEAL0_SX347,21.8
MEAL0_SX377,20.5
MEDR0_SI1374,14.7
MEDR0_SI2004,16.7
MEDR0_SI744,16.3
MEDR0_SX114,8.3
MEDR0_SX204,3.1
MEDR0_SX24,9.1
MEDR0_SX294,13.3
MEDR0_SX384,13.0
MEFG0_SI465,15.2
MEFG0_SI491,16.1
MEFG0_SI598,5.9
MEFG0_SX105,16.7
MEFG0_SX15,22.6
MEFG0_SX195,4.2
MEFG0_SX285,10.3
MEFG0_SX375,29.5
MEGJ0_SI1337,11.7
MEGJ0_SI1967,11.1
MEGJ0_SI707,25.0
MEGJ0_SX167,16.7
MEGJ0_SX257,11.5
MEGJ0_SX3,0.0
MEGJ0_SX437,8.5
MEGJ0_SX77,17.1
MEJL0_SI1592,20.5
MEJL0_SI1654,4.3
MEJL0_SI962,23.3
MEJL0_SX152,5.0
MEJL0_SX242,9.4
MEJL0_SX332,7.1
MEJL0_SX422,4.8
MEJL0_SX62,2.3
MEJS0_SI1240,12.5
MEJS0_SI1870,17.2
MEJS0_SI610,8.3
MEJS0_SX160,8.5
MEJS0_SX250,5.1
MEJS0_SX340,6.1
MEJS0_SX430,9.1
MEJS0_SX70,0.0
MESG0_SI1332,15.0
MESG0_SI1962,11.5
MESG0_SI702,17.1
MESG0_SX162,11.4
MESG0_SX252,0.0
MESG0_SX342,2.8
MESG0_SX432,14.5
MESG0_SX72,4.0
MESJ0_SI2039,19.2
MESJ0_SI2257,9.1
MESJ0_SI997,14.8
MESJ0_SX187,36.4
MESJ0_SX277,12.0
MESJ0_SX367,2.9
MESJ0_SX7,20.0
MESJ0_SX97,3.3
MEWM0_SI1348,21.4
MEWM0_SI1978,11.1
MEWM0_SI718,7.9
MEWM0_SX178,22.7
MEWM0_SX268,14.6
MEWM0_SX358,7.4
MEWM0_SX448,24.1
MEWM0_SX88,16.3
MFER0_SI1492,8.7
MFER0_SI2122,0.0
MFER0_SI862,15.0
MFER0_SX142,19.6
MFER0_SX232,9.1
MFER0_SX322,6.1
MFER0_SX412,10.0
MFER0_SX52,4.9
MFMC0_SI1132,7.1
MFMC0_SI1762,13.5
MFMC0_SI502,18.8
MFMC0_SX142,19.1
MFMC0_SX232,4.5
MFMC0_SX322,2.9
MFMC0_SX412,7.0
MFMC0_SX52,8.9
MFRM0_SI1155,25.9
MFRM0_SI1717,25.0
MFRM0_SI1785,11.8
MFRM0_SX165,22.5
MFRM0_SX255,3.0
MFRM0_SX345,3.6
MFRM0_SX435,14.6
MFRM0_SX75,6.7
MFWK0_SI1249,12.0
MFWK0_SI1879,7.4
MFWK0_SI619,19.4
MFWK0_SX169,7.3
MFWK0_SX259,14.7
MFWK0_SX349,25.9
MFWK0_SX439,4.4
MFWK0_SX79,9.8
MFXS0_SI1674,11.1
MFXS0_SI2225,6.3
MFXS0_SI2304,5.4
MFXS0_SX144,12.1
MFXS0_SX234,5.9
MFXS0_SX324,10.4
MFXS0_SX414,11.6
MFXS0_SX54,17.8
MFXV0_SI1005,18.5
MFXV0_SI1342,18.2
MFXV0_SI1635,13.9
MFXV0_SX105,8.8
MFXV0_SX15,0.0
MFXV0_SX195,8.7
MFXV0_SX285,16.7
MFXV0_SX375,2.4
MGAF0_SI1282,23.0
MGAF0_SI1912,17.9
MGAF0_SI652,14.7
MGAF0_SX112,11.1
MGAF0_SX202,12.5
MGAF0_SX22,14.3
MGAF0_SX292,2.0
MGAF0_SX382,2.7
MGAG0_SI1321,29.8
MGAG0_SI645,4.3
MGAG0_SI691,18.2
MGAG0_SX151,9.3
MGAG0_SX241,12.5
MGAG0_SX331,3.0
MGAG0_SX421,17.1
MGAG0_SX61,27.8
MGAK0_SI1036,6.9
MGAK0_SI1666,5.7
MGAK0_SI2296,14.3
MGAK0_SX136,15.8
MGAK0_SX226,7.3
MGAK0_SX316,3.4
MGAK0_SX406,6.1
MGAK0_SX46,6.5
MGAR0_SI1212,11.9
MGAR0_SI1694,17.9
MGAR0_SI1842,12.5
MGAR0_SX132,8.1
MGAR0_SX222,19.0
MGAR0_SX312,13.2
MGAR0_SX402,6.3
MGAR0_SX42,0.0
MGAW0_SI1165,21.9
MGAW0_SI1802,17.2
MGAW0_SI535,10.7
MGAW0_SX175,21.2
MGAW0_SX265,8.3
MGAW0_SX355,21.9
MGAW0_SX445,12.5
MGAW0_SX85,21.9
MGES0_SI1481,6.3
MGES0_SI2111,15.8
MGES0_SI851,19.2
MGES0_SX131,13.3
MGES0_SX221,18.6
MGES0_SX311,16.4
MGES0_SX401,14.3
MGES0_SX41,5.9
MGJC0_SI1256,17.1
MGJC0_SI1335,21.6
MGJC0_SI1965,22.2
MGJC0_SX165,17.9
MGJC0_SX255,5.9
MGJC0_SX345,13.8
MGJC0_SX435,22.4
MGJC0_SX75,12.5
MGRL0_SI1497,12.9
MGRL0_SI2127,8.8
MGRL0_SI867,14.8
MGRL0_SX147,18.6
MGRL0_SX237,0.0
MGRL0_SX327,15.4
MGRL0_SX417,13.2
MGRL0_SX57,20.0
MGRP0_SI1317,26.4
MGRP0_SI1947,9.7
MGRP0_SI687,13.9
MGRP0_SX147,6.5
MGRP0_SX237,10.5
MGRP0_SX327,22.2
MGRP0_SX417,10.5
MGRP0_SX57,2.9
MGSH0_SI1176,14.1
MGSH0_SI1806,7.7
MGSH0_SI546,14.8
MGSH0_SX127,0.0
MGSH0_SX186,17.2
MGSH0_SX276,21.9
MGSH0_SX6,3.8
MGSH0_SX96,8.3
MGSL0_SI1164,15.6
MGSL0_SI534,20.8
MGSL0_SI797,16.7
MGSL0_SX174,20.8
MGSL0_SX264,29.6
MGSL0_SX354,38.7
MGSL0_SX444,24.3
MGSL0_SX84,8.3
MGXP0_SI1087,18.5
MGXP0_SI457,13.8
MGXP0_SI525,17.2
MGXP0_SX187,3.8
MGXP0_SX277,14.3
MGXP0_SX367,11.1
MGXP0_SX7,13.8
MGXP0_SX97,18.2
MHBS0_SI1575,16.2
MHBS0_SI2205,15.2
MHBS0_SI945,15.3
MHBS0_SX135,4.5
MHBS0_SX225,7.7
MHBS0_SX315,7.1
MHBS0_SX405,8.1
MHBS0_SX45,6.1
MHIT0_SI1613,9.1
MHIT0_SI2243,0.0
MHIT0_SI983,18.3
MHIT0_SX173,20.0
MHIT0_SX263,10.7
MHIT0_SX353,6.1
MHIT0_SX443,3.3
MHIT0_SX83,13.5
MHJB0_SI1017,11.1
MHJB0_SI1647,7.9
MHJB0_SI2277,17.9
MHJB0_SX117,16.1
MHJB0_SX207,13.0
MHJB0_SX27,4.0
MHJB0_SX297,3.2
MHJB0_SX387,17.5
MHMG0_SI1365,12.5
MHMG0_SI1995,10.0
MHMG0_SI735,12.3
MHMG0_SX105,12.5
MHMG0_SX15,0.0
MHMG0_SX195,15.0
MHMG0_SX285,18.8
MHMG0_SX375,15.0
MHMR0_SI1119,15.2
MHMR0_SI1692,31.6
MHMR0_SI489,3.1
MHMR0_SX129,14.8
MHMR0_SX219,0.0
MHMR0_SX309,19.5
MHMR0_SX39,9.8
MHMR0_SX399,0.0
MHRM0_SI1475,0.0
MHRM0_SI2218,2.6
MHRM0_SI958,13.6
MHRM0_SX148,13.5
MHRM0_SX238,10.3
MHRM0_SX328,17.0
MHRM0_SX418,26.3
MHRM0_SX58,2.0
MHXL0_SI1772,8.8
MHXL0_SI512,13.5
MHXL0_SI612,7.7
MHXL0_SX152,10.0
MHXL0_SX242,13.9
MHXL0_SX332,9.8
MHXL0_SX422,19.5
MHXL0_SX62,9.1
MILB0_SI2163,6.1
MILB0_SI807,7.4
MILB0_SI903,18.2
MILB0_SX183,11.1
MILB0_SX273,15.6
MILB0_SX3,7.1
MILB0_SX363,9.5
MILB0_SX93,4.0
MJAC0_SI1331,15.4
MJAC0_SI2148,0.0
MJAC0_SI701,14.5
MJAC0_SX251,13.5
MJAC0_SX307,5.0
MJAC0_SX341,7.5
MJAC0_SX431,7.9
MJAC0_SX71,10.3
MJAE0_SI1524,13.2
MJAE0_SI1999,5.6
MJAE0_SI2154,12.5
MJAE0_SX174,10.4
MJAE0_SX264,20.7
MJAE0_SX354,14.7
MJAE0_SX444,13.5
MJAE0_SX84,4.5
MJAI0_SI1604,3.3
MJAI0_SI682,10.8
MJAI0_SI710,13.6
MJAI0_SX164,25.0
MJAI0_SX254,28.6
MJAI0_SX344,0.0
MJAI0_SX434,7.1
MJAI0_SX74,11.8
MJBG0_SI1232,20.9
MJBG0_SI1724,0.0
MJBG0_SI1862,0.0
MJBG0_SX152,4.8
MJBG0_SX242,8.1
MJBG0_SX332,8.9
MJBG0_SX422,14.6
MJBG0_SX62,13.3
MJDA0_SI1031,12.5
MJDA0_SI1661,29.4
MJDA0_SI2291,29.7
MJDA0_SX131,14.7
MJDA0_SX221,17.1
MJDA0_SX311,12.7
MJDA0_SX401,14.3
MJDA0_SX41,15.1
MJDC0_SI1161,24.0
MJDC0_SI2165,12.5
MJDC0_SI531,22.0
MJDC0_SX171,10.2
MJDC0_SX261,4.5
MJDC0_SX351,20.9
MJDC0_SX441,20.6
MJDC0_SX81,10.3
MJDE0_SI1120,20.3
MJDE0_SI463,5.0
MJDE0_SI490,10.1
MJDE0_SX130,5.9
MJDE0_SX220,8.0
MJDE0_SX310,15.8
MJDE0_SX40,17.4
MJDE0_SX400,9.8
MJDG0_SI1042,0.0
MJDG0_SI1672,12.5
MJDG0_SI1705,11.1
MJDG0_SX142,8.7
MJDG0_SX232,13.0
MJDG0_SX322,3.1
MJDG0_SX412,2.3
MJDG0_SX52,4.3
MJDM0_SI1340,15.7
MJDM0_SI1937,7.1
MJDM0_SI974,11.8
MJDM0_SX170,20.8
MJDM0_SX260,2.4
MJDM0_SX350,21.6
MJDM0_SX440,16.7
MJDM0_SX80,26.7
MJEB0_SI1286,6.4
MJEB0_SI1916,11.1
MJEB0_SI656,25.0
MJEB0_SX170,16.4
MJEB0_SX206,7.3
MJEB0_SX26,12.0
MJEB0_SX296,9.7
MJEB0_SX386,9.7
MJEB1_SI1467,10.5
MJEB1_SI2097,18.2
MJEB1_SI837,16.9
MJEB1_SX117,3.3
MJEB1_SX207,16.7
MJEB1_SX27,0.0
MJEB1_SX297,6.5
MJEB1_SX387,21.6
MJEE0_SI1237,15.4
MJEE0_SI1867,16.2
MJEE0_SI607,5.6
MJEE0_SX157,15.6
MJEE0_SX247,11.4
MJEE0_SX337,12.5
MJEE0_SX427,10.7
MJEE0_SX67,20.5
MJFH0_SI1107,6.3
MJFH0_SI1737,10.0
MJFH0_SI477,15.8
MJFH0_SX117,13.3
MJFH0_SX207,0.0
MJFH0_SX27,0.0
MJFH0_SX297,10.0
MJFH0_SX387,16.2
MJFR0_SI1605,8.1
MJFR0_SI2235,3.0
MJFR0_SI975,17.5
MJFR0_SX165,10.0
MJFR0_SX255,2.8
MJFR0_SX345,6.7
MJFR0_SX435,15.4
MJFR0_SX75,9.1
MJHI0_SI1328,25.0
MJHI0_SI555,3.6
MJHI0_SI698,11.9
MJHI0_SX158,10.7
MJHI0_SX248,26.9
MJHI0_SX338,20.0
MJHI0_SX428,13.3
MJHI0_SX68,8.8
MJJB0_SI1139,12.1
MJJB0_SI1277,4.2
MJJB0_SI1769,15.6
MJJB0_SX149,10.6
MJJB0_SX239,2.8
MJJB0_SX329,12.0
MJJB0_SX419,2.7
MJJB0_SX59,0.0
MJJJ0_SI1163,23.4
MJJJ0_SI1793,8.8
MJJJ0_SI533,12.9
MJJJ0_SX173,14.6
MJJJ0_SX263,3.4
MJJJ0_SX353,9.7
MJJJ0_SX443,10.0
MJJJ0_SX83,8.1
MJJM0_SI1251,18.3
MJJM0_SI1457,16.9
MJJM0_SI827,24.3
MJJM0_SX107,13.9
MJJM0_SX17,0.0
MJJM0_SX197,16.7
MJJM0_SX287,13.2
MJJM0_SX377,7.3
MJKR0_SI1201,15.1
MJKR0_SI1831,16.7
MJKR0_SI571,11.1
MJKR0_SX121,17.1
MJKR0_SX211,2.9
MJKR0_SX301,2.6
MJKR0_SX31,11.5
MJKR0_SX391,15.0
MJLB0_SI1616,15.6
MJLB0_SI2246,11.1
MJLB0_SI986,6.1
MJLB0_SX176,9.1
MJLB0_SX266,6.5
MJLB0_SX356,12.1
MJLB0_SX446,12.8
MJLB0_SX86,9.7
MJLG1_SI1012,8.8
MJLG1_SI1642,7.1
MJLG1_SI2272,22.0
MJLG1_SX112,13.5
MJLG1_SX202,20.0
MJLG1_SX22,13.6
MJLG1_SX292,15.7
MJLG1_SX382,12.8
MJLS0_SI1096,12.5
MJLS0_SI1726,20.3
MJLS0_SI466,3.4
MJLS0_SX106,16.7
MJLS0_SX16,0.0
MJLS0_SX196,0.0
MJLS0_SX286,5.9
MJLS0_SX376,7.1
MJMA0_SI1495,23.7
MJMA0_SI2125,19.2
MJMA0_SI865,16.7
MJMA0_SX145,5.1
MJMA0_SX235,13.3
MJMA0_SX325,4.0
MJMA0_SX415,11.1
MJMA0_SX55,8.9
MJMD0_SI1028,3.8
MJMD0_SI1658,10.0
MJMD0_SI2288,19.0
MJMD0_SX128,20.0
MJMD0_SX218,21.4
MJMD0_SX308,8.8
MJMD0_SX38,14.0
MJMD0_SX398,23.3
MJMM0_SI1255,28.3
MJMM0_SI1885,22.2
MJMM0_SI625,17.6
MJMM0_SX175,14.5
MJMM0_SX265,13.5
MJMM0_SX355,18.2
MJMM0_SX445,11.8
MJMM0_SX85,5.9
MJPG0_SI1191,26.5
MJPG0_SI1821,19.0
MJPG0_SI561,15.3
MJPG0_SX111,7.4
MJPG0_SX201,11.4
MJPG0_SX21,25.0
MJPG0_SX291,6.9
MJPG0_SX381,19.4
MJPM0_SI1368,19.6
MJPM0_SI1998,18.8
MJPM0_SI738,11.4
MJPM0_SX108,11.1
MJPM0_SX18,6.1
MJPM0_SX198,13.8
MJPM0_SX288,7.0
MJPM0_SX378,13.2
MJPM1_SI1897,11.8
MJPM1_SI2280,0.0
MJPM1_SI761,28.6
MJPM1_SX131,21.4
MJPM1_SX221,11.9
MJPM1_SX311,32.7
MJPM1_SX401,16.7
MJPM1_SX41,19.6
MJRA0_SI1236,16.7
MJRA0_SI1866,14.7
MJRA0_SI606,10.0
MJRA0_SX156,8.5
MJRA0_SX246,10.7
MJRA0_SX336,14.8
MJRA0_SX426,13.5
MJRA0_SX66,13.5
MJRG0_SI1366,11.4
MJRG0_SI1996,0.0
MJRG0_SI736,8.6
MJRG0_SX106,6.7
MJRG0_SX16,4.8
MJRG0_SX286,8.0
MJRG0_SX352,13.6
MJRG0_SX376,7.3
MJRH0_SI1125,10.5
MJRH0_SI1755,14.3
MJRH0_SI1840,17.5
MJRH0_SX135,9.8
MJRH0_SX225,8.3
MJRH0_SX315,17.9
MJRH0_SX405,5.4
MJRH0_SX45,9.7
MJRH1_SI1558,18.2
MJRH1_SI1774,8.8
MJRH1_SI514,10.3
MJRH1_SX154,2.9
MJRH1_SX244,14.3
MJRH1_SX334,14.7
MJRH1_SX424,5.9
MJRH1_SX64,15.2
MJRK0_SI1662,5.0
MJRK0_SI2103,0.0
MJRK0_SI880,12.7
MJRK0_SX160,22.2
MJRK0_SX250,12.8
MJRK0_SX340,6.5
MJRK0_SX430,14.6
MJRK0_SX70,0.0
MJRP0_SI1835,7.1
MJRP0_SI1845,11.3
MJRP0_SI585,7.5
MJRP0_SX135,13.6
MJRP0_SX225,8.0
MJRP0_SX315,10.7
MJRP0_SX405,8.3
MJRP0_SX45,22.2
MJSR0_SI1424,12.8
MJSR0_SI2054,18.6
MJSR0_SI794,16.1
MJSR0_SX164,10.5
MJSR0_SX254,4.8
MJSR0_SX344,4.2
MJSR0_SX434,4.0
MJSR0_SX74,18.8
MJWG0_SI2155,14.3
MJWG0_SI813,29.1
MJWG0_SI895,23.1
MJWG0_SX175,19.6
MJWG0_SX265,3.0
MJWG0_SX355,3.2
MJWG0_SX445,6.1
MJWG0_SX85,6.1
MJWS0_SI1143,12.9
MJWS0_SI1773,12.1
MJWS0_SI513,7.9
MJWS0_SX153,13.2
MJWS0_SX243,9.8
MJWS0_SX333,31.1
MJWS0_SX423,12.5
MJWS0_SX63,13.2
MJWT0_SI1291,18.8
MJWT0_SI1381,11.1
MJWT0_SI751,6.1
MJWT0_SX121,12.8
MJWT0_SX211,11.8
MJWT0_SX301,7.9
MJWT0_SX31,3.7
MJWT0_SX391,0.0
MJXA0_SI1507,17.3
MJXA0_SI2137,4.8
MJXA0_SI877,20.6
MJXA0_SX157,3.4
MJXA0_SX247,8.5
MJXA0_SX337,13.5
MJXA0_SX427,19.2
MJXA0_SX67,7.3
MJXL0_SI1172,21.3
MJXL0_SI1795,5.9
MJXL0_SI542,3.2
MJXL0_SX182,4.3
MJXL0_SX272,3.8
MJXL0_SX362,7.1
MJXL0_SX452,13.6
MJXL0_SX92,22.9
MKAG0_SI1609,21.3
MKAG0_SI2239,8.0
MKAG0_SI979,21.0
MKAG0_SX169,14.6
MKAG0_SX259,9.8
MKAG0_SX30,4.0
MKAG0_SX439,23.9
MKAG0_SX79,2.3
MKAH0_SI1528,5.6
MKAH0_SI2158,8.8
MKAH0_SI898,8.8
MKAH0_SX178,18.0
MKAH0_SX268,14.0
MKAH0_SX358,0.0
MKAH0_SX448,0.0
MKAH0_SX88,8.3
MKAJ0_SI1414,10.0
MKAJ0_SI2044,19.6
MKAJ0_SI784,4.9
MKAJ0_SX154,3.2
MKAJ0_SX244,15.4
MKAJ0_SX334,6.9
MKAJ0_SX424,14.7
MKAJ0_SX64,13.9
MKAM0_SI1250,14.5
MKAM0_SI1316,8.1
MKAM0_SI1465,6.9
MKAM0_SX146,8.6
MKAM0_SX236,0.0
MKAM0_SX326,17.2
MKAM0_SX416,11.1
MKAM0_SX56,9.8
MKDB0_SI2132,18.4
MKDB0_SI588,6.9
MKDB0_SI872,10.5
MKDB0_SX152,7.3
MKDB0_SX242,5.4
MKDB0_SX332,9.3
MKDB0_SX422,2.4
MKDB0_SX62,8.9
MKDD0_SI1567,12.0
MKDD0_SI2197,8.8
MKDD0_SI937,10.0
MKDD0_SX127,0.0
MKDD0_SX217,8.3
MKDD0_SX307,0.0
MKDD0_SX37,10.5
MKDD0_SX397,11.8
MKDT0_SI2153,16.1
MKDT0_SI814,18.6
MKDT0_SI893,0.0
MKDT0_SX173,20.0
MKDT0_SX263,14.3
MKDT0_SX353,12.5
MKDT0_SX443,10.3
MKDT0_SX83,2.9
MKES0_SI1253,7.1
MKES0_SI1883,12.8
MKES0_SI623,7.4
MKES0_SX173,14.6
MKES0_SX263,13.8
MKES0_SX353,6.1
MKES0_SX443,3.3
MKES0_SX83,7.9
MKJO0_SI1517,4.8
MKJO0_SI2147,15.2
MKJO0_SI887,13.9
MKJO0_SX167,21.8
MKJO0_SX257,7.7
MKJO0_SX424,17.1
MKJO0_SX437,16.3
MKJO0_SX77,11.9
MKLN0_SI1598,18.8
MKLN0_SI2228,16.7
MKLN0_SI968,22.9
MKLN0_SX158,13.3
MKLN0_SX248,3.4
MKLN0_SX338,8.3
MKLN0_SX428,15.6
MKLN0_SX68,9.1
MKLR0_SI1059,22.0
MKLR0_SI1689,3.8
MKLR0_SI2319,25.9
MKLR0_SX159,25.0
MKLR0_SX249,7.7
MKLR0_SX339,16.1
MKLR0_SX429,14.3
MKLR0_SX69,6.3
MKLS0_SI1437,24.6
MKLS0_SI1533,0.0
MKLS0_SI2067,15.0
MKLS0_SX177,16.0
MKLS0_SX267,12.8
MKLS0_SX357,17.5
MKLS0_SX447,3.8
MKLS0_SX87,2.9
MKLS1_SI1545,9.7
MKLS1_SI2175,13.0
MKLS1_SI915,17.2
MKLS1_SX105,3.2
MKLS1_SX15,8.8
MKLS1_SX195,12.0
MKLS1_SX285,6.7
MKLS1_SX375,7.3
MKLW0_SI1571,14.5
MKLW0_SI1844,18.8
MKLW0_SI2201,0.0
MKLW0_SX131,6.1
MKLW0_SX221,11.4
MKLW0_SX311,18.6
MKLW0_SX401,11.9
MKLW0_SX41,15.1
MKRG0_SI1491,9.1
MKRG0_SI2121,18.2
MKRG0_SI861,14.8
MKRG0_SX141,8.2
MKRG0_SX231,0.0
MKRG0_SX31,11.5
MKRG0_SX411,12.8
MKRG0_SX51,7.1
MKXL0_SI1185,8.8
MKXL0_SI1815,14.3
MKXL0_SI1958,15.0
MKXL0_SX105,9.7
MKXL0_SX15,3.1
MKXL0_SX195,8.7
MKXL0_SX285,12.9
MKXL0_SX375,5.1
MLBC0_SI1239,19.0
MLBC0_SI1869,9.1
MLBC0_SI609,8.2
MLBC0_SX159,5.4
MLBC0_SX249,7.7
MLBC0_SX339,17.6
MLBC0_SX429,5.0
MLBC0_SX69,2.9
MLEL0_SI1246,8.3
MLEL0_SI1876,10.0
MLEL0_SI616,12.9
MLEL0_SX166,15.3
MLEL0_SX256,6.3
MLEL0_SX346,14.3
MLEL0_SX436,8.7
MLEL0_SX76,2.6
MLJC0_SI1225,18.9
MLJC0_SI1855,10.5
MLJC0_SI595,10.8
MLJC0_SX145,17.9
MLJC0_SX235,13.8
MLJC0_SX325,18.5
MLJC0_SX415,13.5
MLJC0_SX55,18.2
MLJH0_SI1324,12.0
MLJH0_SI1422,7.5
MLJH0_SI694,18.9
MLJH0_SX154,8.3
MLJH0_SX244,20.0
MLJH0_SX334,15.2
MLJH0_SX424,22.9
MLJH0_SX64,13.9
MLNS0_SI1407,22.9
MLNS0_SI2037,25.5
MLNS0_SI777,11.8
MLNS0_SX147,12.5
MLNS0_SX237,5.3
MLNS0_SX327,27.1
MLNS0_SX417,17.9
MLNS0_SX57,9.7
MLSH0_SI1417,18.2
MLSH0_SI2047,19.4
MLSH0_SI787,3.3
MLSH0_SX157,22.9
MLSH0_SX247,6.5
MLSH0_SX337,5.0
MLSH0_SX427,10.7
MLSH0_SX67,9.5
MMAA0_SI1588,13.7
MMAA0_SI2105,4.0
MMAA0_SI845,27.3
MMAA0_SX125,10.3
MMAA0_SX215,13.5
MMAA0_SX305,14.3
MMAA0_SX35,10.0
MMAA0_SX395,5.1
MMAB1_SI1494,11.1
MMAB1_SI2124,4.0
MMAB1_SI864,14.8
MMAB1_SX144,12.1
MMAB1_SX234,6.1
MMAB1_SX324,7.7
MMAB1_SX414,7.3
MMAB1_SX54,11.1
MMAG0_SI1126,15.2
MMAG0_SI1756,8.0
MMAG0_SI496,16.7
MMAG0_SX136,7.4
MMAG0_SX226,14.3
MMAG0_SX316,6.9
MMAG0_SX406,10.0
MMAG0_SX46,9.4
MMAM0_SI1597,14.8
MMAM0_SI1668,32.0
MMAM0_SI2227,17.9
MMAM0_SX157,16.1
MMAM0_SX247,10.9
MMAM0_SX337,0.0
MMAM0_SX427,11.5
MMAM0_SX67,18.4
MMAR0_SI1336,14.3
MMAR0_SI1966,11.4
MMAR0_SI706,5.9
MMAR0_SX166,8.3
MMAR0_SX256,6.3
MMAR0_SX346,16.7
MMAR0_SX436,12.5
MMAR0_SX76,10.3
MMBS0_SI1151,3.7
MMBS0_SI1781,0.0
MMBS0_SI521,25.4
MMBS0_SX161,21.2
MMBS0_SX251,13.0
MMBS0_SX341,11.4
MMBS0_SX431,16.7
MMBS0_SX71,9.7
MMCC0_SI1338,16.1
MMCC0_SI1968,13.9
MMCC0_SI708,18.9
MMCC0_SX168,4.2
MMCC0_SX258,9.1
MMCC0_SX348,11.9
MMCC0_SX438,14.0
MMCC0_SX78,13.8
MMDB0_SI1358,13.3
MMDB0_SI1617,9.1
MMDB0_SI987,12.7
MMDB0_SX177,7.7
MMDB0_SX267,2.8
MMDB0_SX357,8.1
MMDB0_SX447,7.7
MMDB0_SX87,8.8
MMDG0_SI1780,18.2
MMDG0_SI2035,8.7
MMDG0_SI520,5.4
MMDG0_SX160,15.2
MMDG0_SX250,4.9
MMDG0_SX340,15.2
MMDG0_SX430,18.9
MMDG0_SX70,0.0
MMDM0_SI1311,20.3
MMDM0_SI1941,14.3
MMDM0_SI681,0.0
MMDM0_SX141,8.5
MMDM0_SX231,9.1
MMDM0_SX321,11.4
MMDM0_SX411,10.3
MMDM0_SX51,4.7
MMDM1_SI1650,5.9
MMDM1_SI2043,10.5
MMDM1_SI783,5.6
MMDM1_SX153,7.8
MMDM1_SX243,5.0
MMDM1_SX333,8.2
MMDM1_SX423,14.9
MMDM1_SX63,11.4
MMDS0_SI1343,17.0
MMDS0_SI1973,16.7
MMDS0_SI713,15.6
MMDS0_SX173,16.7
MMDS0_SX263,18.5
MMDS0_SX353,6.5
MMDS0_SX443,10.0
MMDS0_SX83,14.3
MMEA0_SI1388,27.1
MMEA0_SI2018,0.0
MMEA0_SI758,17.7
MMEA0_SX128,14.3
MMEA0_SX218,18.4
MMEA0_SX308,15.6
MMEA0_SX38,22.5
MMEA0_SX398,9.8
MMEB0_SI1357,16.7
MMEB0_SI1987,31.0
MMEB0_SI727,7.7
MMEB0_SX187,4.8
MMEB0_SX327,21.7
MMEB0_SX367,17.6
MMEB0_SX7,11.5
MMEB0_SX97,7.1
MMGC0_SI1305,18.6
MMGC0_SI1935,8.1
MMGC0_SI2184,8.7
MMGC0_SX135,9.1
MMGC0_SX225,25.9
MMGC0_SX315,6.9
MMGC0_SX405,5.1
MMGC0_SX45,3.0
MMGG0_SI1079,13.3
MMGG0_SI1709,11.5
MMGG0_SI2339,21.2
MMGG0_SX179,18.4
MMGG0_SX269,7.1
MMGG0_SX359,2.2
MMGG0_SX449,16.3
MMGG0_SX89,5.3
MMGK0_SI1322,22.0
MMGK0_SI1952,0.0
MMGK0_SI692,12.0
MMGK0_SX152,10.8
MMGK0_SX242,22.9
MMGK0_SX332,12.5
MMGK0_SX422,12.8
MMGK0_SX62,17.9
MMJB1_SI1408,12.2
MMJB1_SI2038,10.5
MMJB1_SI778,0.0
MMJB1_SX148,10.8
MMJB1_SX238,5.6
MMJB1_SX328,8.3
MMJB1_SX418,17.9
MMJB1_SX58,7.7
MMLM0_SI1527,0.0
MMLM0_SI2150,16.1
MMLM0_SI897,12.9
MMLM0_SX177,4.0
MMLM0_SX267,11.9
MMLM0_SX357,19.5
MMLM0_SX447,7.4
MMLM0_SX87,2.9
MMPM0_SI1061,11.4
MMPM0_SI1691,8.8
MMPM0_SI2321,9.1
MMPM0_SX161,15.7
MMPM0_SX251,11.3
MMPM0_SX341,7.5
MMPM0_SX431,8.1
MMPM0_SX71,6.5
MMRP0_SI2034,10.0
MMRP0_SI717,19.0
MMRP0_SI774,8.6
MMRP0_SX144,6.9
MMRP0_SX234,2.9
MMRP0_SX324,10.9
MMRP0_SX414,7.1
MMRP0_SX54,16.7
MMSM0_SI1106,20.7
MMSM0_SI1736,3.3
MMSM0_SI476,15.4
MMSM0_SX116,14.8
MMSM0_SX206,9.5
MMSM0_SX26,11.1
MMSM0_SX296,8.3
MMSM0_SX386,0.0
MMVP0_SI1284,13.8
MMVP0_SI1914,25.9
MMVP0_SI654,23.2
MMVP0_SX114,5.4
MMVP0_SX204,12.1
MMVP0_SX294,0.0
MMVP0_SX347,18.3
MMVP0_SX384,3.7
MMWB0_SI1619,4.5
MMWB0_SI2249,8.3
MMWB0_SI989,13.2
MMWB0_SX179,10.3
MMWB0_SX269,10.7
MMWB0_SX359,10.9
MMWB0_SX449,7.8
MMWB0_SX89,17.9
MMWS0_SI1518,20.6
MMWS0_SI559,0.0
MMWS0_SI888,5.4
MMWS0_SX168,11.1
MMWS0_SX258,11.8
MMWS0_SX348,8.9
MMWS0_SX438,10.4
MMWS0_SX78,9.1
MMWS1_SI1071,14.9
MMWS1_SI1701,17.1
MMWS1_SI2331,21.9
MMWS1_SX261,16.7
MMWS1_SX27,4.0
MMWS1_SX351,21.3
MMWS1_SX441,16.7
MMWS1_SX81,9.1
MMXS0_SI2136,5.9
MMXS0_SI629,8.5
MMXS0_SI876,14.8
MMXS0_SX156,6.8
MMXS0_SX246,3.3
MMXS0_SX336,1.9
MMXS0_SX426,5.4
MMXS0_SX66,2.7
MNET0_SI1446,17.0
MNET0_SI2076,17.4
MNET0_SI816,15.8
MNET0_SX186,10.3
MNET0_SX276,12.5
MNET0_SX366,11.8
MNET0_SX6,12.5
MNET0_SX96,8.3
MNTW0_SI1068,13.6
MNTW0_SI1698,7.4
MNTW0_SI2328,0.0
MNTW0_SX168,7.4
MNTW0_SX202,8.0
MNTW0_SX258,16.2
MNTW0_SX348,20.5
MNTW0_SX78,15.6
MPAR0_SI1576,5.9
MPAR0_SI2206,22.6
MPAR0_SI946,14.7
MPAR0_SX136,17.5
MPAR0_SX226,19.5
MPAR0_SX316,22.6
MPAR0_SX406,6.7
MPAR0_SX46,7.4
MPEB0_SI1034,5.3
MPEB0_SI1860,9.1
MPEB0_SI600,21.8
MPEB0_SX150,9.7
MPEB0_SX240,10.0
MPEB0_SX330,18.4
MPEB0_SX420,11.1
MPEB0_SX60,15.1
MPFU0_SI1258,10.4
MPFU0_SI1888,0.0
MPFU0_SI628,6.1
MPFU0_SX178,15.7
MPFU0_SX268,7.0
MPFU0_SX358,12.9
MPFU0_SX448,15.6
MPFU0_SX88,14.3
MPGH0_SI1554,17.3
MPGH0_SI675,13.3
MPGH0_SI924,21.2
MPGH0_SX114,6.1
MPGH0_SX204,9.7
MPGH0_SX24,4.8
MPGH0_SX294,10.7
MPGH0_SX384,15.0
MPGR0_SI1410,18.5
MPGR0_SI2040,4.8
MPGR0_SI780,24.0
MPGR0_SX150,23.3
MPGR0_SX240,9.8
MPGR0_SX330,8.1
MPGR0_SX420,13.3
MPGR0_SX60,12.0
MPGR1_SI1269,20.0
MPGR1_SI1499,12.3
MPGR1_SI2129,5.3
MPGR1_SX149,17.4
MPGR1_SX239,25.7
MPGR1_SX329,9.6
MPGR1_SX419,22.2
MPGR1_SX59,12.0
MPMB0_SI1501,23.5
MPMB0_SI2131,13.9
MPMB0_SI871,23.7
MPMB0_SX151,16.3
MPMB0_SX241,3.0
MPMB0_SX331,23.5
MPMB0_SX421,18.9
MPMB0_SX61,14.6
MPPC0_SI1412,10.9
MPPC0_SI2042,13.6
MPPC0_SI782,9.1
MPPC0_SX152,10.0
MPPC0_SX242,8.3
MPPC0_SX332,9.5
MPPC0_SX422,15.0
MPPC0_SX62,4.7
MPRB0_SI1205,19.4
MPRB0_SI1215,18.9
MPRB0_SI575,21.8
MPRB0_SX125,7.7
MPRB0_SX215,15.0
MPRB0_SX305,13.3
MPRB0_SX35,13.3
MPRB0_SX395,22.0
MPRD0_SI1431,8.3
MPRD0_SI2061,6.3
MPRD0_SI801,15.1
MPRD0_SX171,11.1
MPRD0_SX261,8.3
MPRD0_SX351,16.3
MPRD0_SX441,7.9
MPRD0_SX81,11.4
MPRK0_SI1097,11.9
MPRK0_SI1727,10.0
MPRK0_SI467,11.6
MPRK0_SX107,8.3
MPRK0_SX17,9.5
MPRK0_SX197,8.3
MPRK0_SX287,10.0
MPRK0_SX377,11.9
MPRT0_SI1210,18.9
MPRT0_SI495,0.0
MPRT0_SI580,9.4
MPRT0_SX130,19.4
MPRT0_SX220,14.9
MPRT0_SX310,5.9
MPRT0_SX40,13.3
MPRT0_SX400,15.2
MPSW0_SI1067,8.8
MPSW0_SI1697,22.0
MPSW0_SI2327,24.1
MPSW0_SX167,17.4
MPSW0_SX24,19.0
MPSW0_SX257,9.1
MPSW0_SX437,14.3
MPSW0_SX77,13.9
MRAB0_SI1224,14.8
MRAB0_SI1854,23.5
MRAB0_SI594,4.3
MRAB0_SX144,10.0
MRAB0_SX234,6.3
MRAB0_SX324,14.3
MRAB0_SX414,9.8
MRAB0_SX54,4.4
MRAB1_SI1478,17.9
MRAB1_SI2108,5.6
MRAB1_SI848,16.9
MRAB1_SX128,7.4
MRAB1_SX218,11.9
MRAB1_SX308,11.8
MRAB1_SX38,4.8
MRAB1_SX398,18.6
MRAI0_SI1954,5.9
MRAI0_SI2052,10.5
MRAI0_SI792,15.1
MRAI0_SX162,12.5
MRAI0_SX252,6.1
MRAI0_SX342,21.1
MRAI0_SX432,18.0
MRAI0_SX72,7.7
MRAM0_SI1275,8.6
MRAM0_SI1905,9.1
MRAM0_SI1951,20.0
MRAM0_SX105,9.7
MRAM0_SX15,8.6
MRAM0_SX195,0.0
MRAM0_SX285,2.9
MRAM0_SX375,5.1
MRAV0_SI1008,15.0
MRAV0_SI1638,16.7
MRAV0_SI2268,21.1
MRAV0_SX108,10.8
MRAV0_SX18,3.2
MRAV0_SX198,6.5
MRAV0_SX288,9.3
MRAV0_SX378,25.6
MRBC0_SI1665,8.0
MRBC0_SI1859,13.3
MRBC0_SI599,17.9
MRBC0_SX149,17.4
MRBC0_SX239,21.6
MRBC0_SX329,9.8
MRBC0_SX419,15.8
MRBC0_SX59,12.0
MRCG0_SI1428,16.1
MRCG0_SI2058,15.8
MRCG0_SI798,12.8
MRCG0_SX168,3.7
MRCG0_SX258,2.7
MRCG0_SX348,8.9
MRCG0_SX438,14.3
MRCG0_SX78,19.4
MRCW0_SI1371,20.0
MRCW0_SI2001,7.3
MRCW0_SI741,11.5
MRCW0_SX111,6.9
MRCW0_SX201,2.9
MRCW0_SX21,15.0
MRCW0_SX291,9.4
MRCW0_SX381,10.3
MRDD0_SI1050,21.2
MRDD0_SI1680,5.6
MRDD0_SI2310,7.4
MRDD0_SX150,9.7
MRDD0_SX240,7.5
MRDD0_SX277,10.7
MRDD0_SX330,15.0
MRDD0_SX60,9.4
MRDM0_SI1044,23.4
MRDM0_SI1595,3.3
MRDM0_SI965,15.2
MRDM0_SX155,11.4
MRDM0_SX245,14.3
MRDM0_SX335,16.4
MRDM0_SX425,11.1
MRDM0_SX65,9.7
MRDS0_SI1167,23.1
MRDS0_SI1797,27.7
MRDS0_SI537,16.9
MRDS0_SX177,4.0
MRDS0_SX267,8.1
MRDS0_SX357,15.8
MRDS0_SX447,14.3
MRDS0_SX87,6.1
MREE0_SI1104,13.1
MREE0_SI1734,11.8
MREE0_SI1959,25.4
MREE0_SX114,2.7
MREE0_SX204,6.1
MREE0_SX24,8.7
MREE0_SX294,10.3
MREE0_SX384,8.0
MREH1_SI1599,17.3
MREH1_SI2229,0.0
MREH1_SI969,7.9
MREH1_SX159,28.9
MREH1_SX249,12.0
MREH1_SX339,9.7
MREH1_SX429,4.8
MREH1_SX69,11.1
MREM0_SI1591,8.6
MREM0_SI511,11.1
MREM0_SI961,2.9
MREM0_SX151,13.3
MREM0_SX241,6.1
MREM0_SX331,14.7
MREM0_SX421,8.3
MREM0_SX61,5.3
MREW1_SI1500,11.1
MREW1_SI2130,6.7
MREW1_SI870,15.2
MREW1_SX150,3.2
MREW1_SX240,10.0
MREW1_SX330,8.1
MREW1_SX420,15.2
MREW1_SX60,7.8
MRFK0_SI1076,7.1
MRFK0_SI1706,13.0
MRFK0_SI2336,8.3
MRFK0_SX176,7.7
MRFK0_SX266,3.4
MRFK0_SX356,8.3
MRFK0_SX446,11.6
MRFK0_SX86,21.9
MRFL0_SI1156,14.0
MRFL0_SI1786,5.0
MRFL0_SI526,16.1
MRFL0_SX166,23.2
MRFL0_SX256,6.3
MRFL0_SX346,13.0
MRFL0_SX436,8.7
MRFL0_SX76,7.5
MRGM0_SI1162,23.1
MRGM0_SI1792,42.1
MRGM0_SI532,28.6
MRGM0_SX172,19.5
MRGM0_SX262,30.0
MRGM0_SX416,19.2
MRGM0_SX442,20.8
MRGM0_SX82,14.7
MRGS0_SI1356,19.0
MRGS0_SI1986,13.3
MRGS0_SI726,13.8
MRGS0_SX186,7.4
MRGS0_SX276,9.1
MRGS0_SX366,9.8
MRGS0_SX6,12.0
MRGS0_SX96,5.6
MRHL0_SI1515,0.0
MRHL0_SI2145,15.5
MRHL0_SI885,12.2
MRHL0_SX165,23.3
MRHL0_SX255,17.6
MRHL0_SX345,14.3
MRHL0_SX435,24.5
MRHL0_SX75,16.7
MRJB1_SI1020,8.1
MRJB1_SI1413,16.9
MRJB1_SI2021,13.0
MRJB1_SX120,10.3
MRJB1_SX210,4.0
MRJB1_SX30,7.7
MRJB1_SX300,20.7
MRJB1_SX390,8.1
MRJH0_SI1519,15.7
MRJH0_SI889,11.3
MRJH0_SI914,5.0
MRJH0_SX169,9.3
MRJH0_SX259,12.5
MRJH0_SX307,0.0
MRJH0_SX439,6.4
MRJH0_SX79,17.1
MRJM0_SI1095,4.0
MRJM0_SI1228,8.3
MRJM0_SI1858,19.6
MRJM0_SX148,8.1
MRJM0_SX238,13.2
MRJM0_SX328,2.1
MRJM0_SX418,5.0
MRJM0_SX58,10.9
MRJM1_SI1298,21.0
MRJM1_SI1928,8.3
MRJM1_SI668,6.1
MRJM1_SX128,14.8
MRJM1_SX218,7.5
MRJM1_SX308,22.2
MRJM1_SX38,9.5
MRJM1_SX398,23.3
MRJT0_SI1498,2.6
MRJT0_SI1805,6.7
MRJT0_SI868,8.1
MRJT0_SX148,13.5
MRJT0_SX238,17.1
MRJT0_SX328,14.9
MRJT0_SX418,27.5
MRJT0_SX58,14.5
MRKM0_SI1267,38.6
MRKM0_SI1391,20.3
MRKM0_SI637,25.5
MRKM0_SX187,14.3
MRKM0_SX277,3.7
MRKM0_SX367,14.7
MRKM0_SX7,29.6
MRKM0_SX97,25.0
MRLD0_SI1594,14.7
MRLD0_SI2224,3.8
MRLD0_SI964,8.8
MRLD0_SX154,6.1
MRLD0_SX244,14.3
MRLD0_SX334,10.3
MRLD0_SX424,11.1
MRLD0_SX64,11.8
MRLJ0_SI1420,10.8
MRLJ0_SI2050,15.8
MRLJ0_SI790,20.0
MRLJ0_SX160,14.3
MRLJ0_SX250,13.5
MRLJ0_SX340,6.9
MRLJ0_SX430,21.7
MRLJ0_SX70,0.0
MRLJ1_SI1671,9.1
MRLJ1_SI2301,10.0
MRLJ1_SI2332,5.6
MRLJ1_SX141,6.1
MRLJ1_SX231,0.0
MRLJ1_SX321,14.6
MRLJ1_SX411,7.5
MRLJ1_SX51,12.2
MRLK0_SI1468,14.8
MRLK0_SI2140,10.7
MRLK0_SI843,25.7
MRLK0_SX123,14.3
MRLK0_SX213,9.7
MRLK0_SX303,7.1
MRLK0_SX33,9.7
MRLK0_SX393,6.5
MRLR0_SI1196,12.1
MRLR0_SI1826,8.6
MRLR0_SI566,10.3
MRLR0_SX116,10.3
MRLR0_SX206,12.5
MRLR0_SX26,7.7
MRLR0_SX296,5.9
MRLR0_SX386,14.3
MRMB0_SI1581,8.1
MRMB0_SI2211,9.1
MRMB0_SI951,11.1
MRMB0_SX141,2.1
MRMB0_SX231,16.7
MRMB0_SX321,8.9
MRMB0_SX411,5.1
MRMB0_SX51,9.8
MRMG0_SI1080,14.7
MRMG0_SI1710,9.7
MRMG0_SI2340,6.4
MRMG0_SX180,5.6
MRMG0_SX270,3.1
MRMG0_SX360,0.0
MRMG0_SX450,8.3
MRMG0_SX90,8.0
MRMH0_SI1021,19.2
MRMH0_SI1349,13.8
MRMH0_SI2281,5.7
MRMH0_SX121,2.6
MRMH0_SX211,6.1
MRMH0_SX301,8.1
MRMH0_SX31,7.4
MRMH0_SX391,5.3
MRML0_SI1421,32.0
MRML0_SI2051,11.8
MRML0_SI791,3.0
MRML0_SX161,19.2
MRML0_SX251,12.5
MRML0_SX341,11.9
MRML0_SX431,2.9
MRML0_SX71,0.0
MRMS0_SI1113,15.5
MRMS0_SI2057,10.0
MRMS0_SI2100,17.9
MRMS0_SX120,8.6
MRMS0_SX210,4.0
MRMS0_SX30,4.0
MRMS0_SX300,7.4
MRMS0_SX390,7.9
MRPC1_SI1482,7.1
MRPC1_SI2026,9.1
MRPC1_SI2112,14.7
MRPC1_SX132,18.2
MRPC1_SX222,10.0
MRPC1_SX312,9.3
MRPC1_SX402,9.4
MRPC1_SX42,3.3
MRRE0_SI1334,14.7
MRRE0_SI704,8.8
MRRE0_SI952,15.9
MRRE0_SX164,6.7
MRRE0_SX254,17.4
MRRE0_SX344,4.0
MRRE0_SX434,7.1
MRRE0_SX74,0.0
MRSO0_SI1206,21.3
MRSO0_SI1659,16.7
MRSO0_SI2289,12.9
MRSO0_SX129,10.3
MRSO0_SX219,9.1
MRSO0_SX309,12.2
MRSO0_SX39,12.2
MRSO0_SX399,3.2
MRSP0_SI1429,12.9
MRSP0_SI2059,17.5
MRSP0_SI799,6.3
MRSP0_SX169,14.3
MRSP0_SX196,5.0
MRSP0_SX259,5.3
MRSP0_SX439,6.5
MRSP0_SX79,12.5
MRTC0_SI1458,12.3
MRTC0_SI2088,9.5
MRTC0_SI828,10.8
MRTC0_SX108,12.8
MRTC0_SX18,3.2
MRTC0_SX198,10.0
MRTC0_SX288,11.6
MRTC0_SX378,10.3
MRTJ0_SI1551,0.0
MRTJ0_SI2032,9.4
MRTJ0_SI772,20.0
MRTJ0_SX142,22.7
MRTJ0_SX232,15.6
MRTJ0_SX322,3.0
MRTJ0_SX412,2.3
MRTJ0_SX52,14.9
MRVG0_SI1140,18.8
MRVG0_SI1770,12.9
MRVG0_SI510,23.7
MRVG0_SX150,13.8
MRVG0_SX240,18.9
MRVG0_SX330,19.4
MRVG0_SX420,12.8
MRVG0_SX60,12.0
MRWA0_SI1603,8.6
MRWA0_SI2233,14.0
MRWA0_SI973,2.9
MRWA0_SX163,15.8
MRWA0_SX253,12.0
MRWA0_SX343,9.3
MRWA0_SX433,4.8
MRWA0_SX73,13.5
MRWS0_SI1102,22.2
MRWS0_SI1732,4.5
MRWS0_SI472,11.4
MRWS0_SX112,8.8
MRWS0_SX202,8.7
MRWS0_SX22,4.8
MRWS0_SX292,8.3
MRWS0_SX382,12.5
MRXB0_SI1585,13.9
MRXB0_SI2215,13.1
MRXB0_SI955,10.9
MRXB0_SX145,2.6
MRXB0_SX235,10.3
MRXB0_SX325,7.1
MRXB0_SX415,8.3
MRXB0_SX55,14.0
MSAH1_SI1049,5.9
MSAH1_SI1679,15.0
MSAH1_SI2309,15.6
MSAH1_SX149,10.4
MSAH1_SX239,16.7
MSAH1_SX329,16.7
MSAH1_SX419,13.5
MSAH1_SX59,8.3
MSAS0_SI1376,13.4
MSAS0_SI2006,18.2
MSAS0_SI746,12.5
MSAS0_SX116,11.5
MSAS0_SX206,12.2
MSAS0_SX26,3.8
MSAS0_SX296,12.1
MSAS0_SX386,17.2
MSAT0_SI1526,17.2
MSAT0_SI2156,8.3
MSAT0_SI896,28.6
MSAT0_SX176,14.3
MSAT0_SX266,6.9
MSAT0_SX356,17.1
MSAT0_SX446,19.5
MSAT0_SX86,9.7
MSAT1_SI1073,17.6
MSAT1_SI1703,3.0
MSAT1_SI2333,23.5
MSAT1_SX173,16.0
MSAT1_SX263,14.3
MSAT1_SX353,6.7
MSAT1_SX443,17.9
MSAT1_SX83,2.8
MSDB0_SI1007,20.7
MSDB0_SI1637,22.6
MSDB0_SI2267,9.1
MSDB0_SX107,19.4
MSDB0_SX17,0.0
MSDB0_SX197,8.0
MSDB0_SX287,8.8
MSDB0_SX377,17.9
MSDH0_SI2113,0.0
MSDH0_SI2240,5.3
MSDH0_SI980,17.3
MSDH0_SX170,19.2
MSDH0_SX260,19.5
MSDH0_SX350,20.4
MSDH0_SX440,12.2
MSDH0_SX80,10.7
MSDS0_SI1077,25.0
MSDS0_SI1707,13.9
MSDS0_SI2337,27.3
MSDS0_SX177,11.5
MSDS0_SX267,15.4
MSDS0_SX357,2.4
MSDS0_SX447,4.0
MSDS0_SX87,11.8
MSEM1_SI1440,8.6
MSEM1_SI2070,16.1
MSEM1_SI810,15.6
MSEM1_SX180,2.8
MSEM1_SX270,0.0
MSEM1_SX360,3.2
MSEM1_SX450,8.7
MSEM1_SX90,3.8
MSES0_SI1589,8.9
MSES0_SI2216,8.3
MSES0_SI2219,10.0
MSES0_SX149,11.1
MSES0_SX239,0.0
MSES0_SX329,21.2
MSES0_SX419,21.6
MSES0_SX59,16.7
MSFH0_SI1216,4.0
MSFH0_SI1738,13.5
MSFH0_SI586,12.5
MSFH0_SX136,9.8
MSFH0_SX226,7.1
MSFH0_SX316,10.7
MSFH0_SX406,10.6
MSFH0_SX46,6.5
MSFV0_SI1262,0.0
MSFV0_SI1892,25.6
MSFV0_SI632,17.7
MSFV0_SX182,8.7
MSFV0_SX272,3.7
MSFV0_SX362,7.0
MSFV0_SX452,4.3
MSFV0_SX92,14.3
MSJK0_SI1596,10.0
MSJK0_SI2226,11.5
MSJK0_SI966,9.7
MSJK0_SX156,13.6
MSJK0_SX246,6.5
MSJK0_SX336,7.3
MSJK0_SX426,2.6
MSJK0_SX66,5.6
MSMC0_SI1907,15.6
MSMC0_SI509,13.1
MSMC0_SI647,13.9
MSMC0_SX107,5.6
MSMC0_SX17,5.0
MSMC0_SX197,12.5
MSMC0_SX287,21.1
MSMC0_SX377,4.9
MSMR0_SI1150,11.1
MSMR0_SI1405,12.5
MSMR0_SI775,15.2
MSMR0_SX145,13.5
MSMR0_SX235,0.0
MSMR0_SX325,12.0
MSMR0_SX415,15.2
MSMR0_SX55,17.1
MSMS0_SI1433,16.9
MSMS0_SI2063,9.4
MSMS0_SI803,11.1
MSMS0_SX173,8.5
MSMS0_SX263,21.4
MSMS0_SX353,12.9
MSMS0_SX443,10.3
MSMS0_SX83,6.1
MSRG0_SI1221,17.2
MSRG0_SI1851,14.3
MSRG0_SI591,16.1
MSRG0_SX141,8.2
MSRG0_SX231,0.0
MSRG0_SX321,16.3
MSRG0_SX411,17.5
MSRG0_SX51,7.3
MSRR0_SI1131,5.9
MSRR0_SI1761,24.5
MSRR0_SI501,23.0
MSRR0_SX141,4.0
MSRR0_SX231,9.1
MSRR0_SX30,8.0
MSRR0_SX411,10.3
MSRR0_SX51,4.5
MSTF0_SI1396,5.7
MSTF0_SI766,5.0
MSTF0_SI852,17.2
MSTF0_SX136,21.2
MSTF0_SX226,5.0
MSTF0_SX316,10.3
MSTF0_SX406,10.4
MSTF0_SX46,9.4
MSVS0_SI1568,6.9
MSVS0_SI2198,12.3
MSVS0_SI938,22.0
MSVS0_SX128,7.1
MSVS0_SX218,16.7
MSVS0_SX308,14.7
MSVS0_SX38,2.4
MSVS0_SX398,11.1
MTAB0_SI1572,16.7
MTAB0_SI2202,0.0
MTAB0_SI942,7.3
MTAB0_SX132,19.4
MTAB0_SX222,10.0
MTAB0_SX312,12.1
MTAB0_SX402,5.9
MTAB0_SX42,0.0
MTAS0_SI1385,16.1
MTAS0_SI2015,7.7
MTAS0_SI755,16.2
MTAS0_SX125,7.1
MTAS0_SX215,0.0
MTAS0_SX305,3.6
MTAS0_SX35,6.9
MTAS0_SX395,14.3
MTAT0_SI1110,9.8
MTAT0_SI1740,15.4
MTAT0_SI811,10.5
MTAT0_SX120,13.9
MTAT0_SX210,0.0
MTAT0_SX30,4.0
MTAT0_SX300,7.4
MTAT0_SX390,5.4
MTAT1_SI1409,9.1
MTAT1_SI1627,15.8
MTAT1_SI779,11.3
MTAT1_SX149,8.0
MTAT1_SX239,8.1
MTAT1_SX329,14.8
MTAT1_SX419,5.4
MTAT1_SX59,7.1
MTBC0_SI1173,0.0
MTBC0_SI1803,17.6
MTBC0_SI543,14.3
MTBC0_SX183,12.9
MTBC0_SX273,16.1
MTBC0_SX347,15.0
MTBC0_SX363,7.0
MTBC0_SX93,8.0
MTCS0_SI1972,7.1
MTCS0_SI2265,0.0
MTCS0_SI712,25.9
MTCS0_SX172,15.0
MTCS0_SX262,12.9
MTCS0_SX352,1.5
MTCS0_SX442,8.7
MTCS0_SX82,5.9
MTDB0_SI1401,11.5
MTDB0_SI2031,11.5
MTDB0_SI771,18.0
MTDB0_SX141,4.1
MTDB0_SX231,0.0
MTDB0_SX321,18.0
MTDB0_SX411,12.8
MTDB0_SX51,0.0
MTDP0_SI1274,14.3
MTDP0_SI1521,20.4
MTDP0_SI2151,18.9
MTDP0_SX171,20.0
MTDP0_SX261,15.4
MTDP0_SX351,23.5
MTDP0_SX441,10.8
MTDP0_SX81,11.4
MTER0_SI1157,14.1
MTER0_SI1787,10.0
MTER0_SI527,6.3
MTER0_SX167,6.1
MTER0_SX17,0.0
MTER0_SX257,8.0
MTER0_SX437,17.0
MTER0_SX77,5.1
MTJG0_SI1520,0.0
MTJG0_SI2157,14.3
MTJG0_SI890,18.4
MTJG0_SX170,17.3
MTJG0_SX260,7.1
MTJG0_SX350,12.2
MTJG0_SX440,16.7
MTJG0_SX80,6.9
MTJM0_SI1226,8.0
MTJM0_SI1856,10.0
MTJM0_SI655,23.7
MTJM0_SX146,8.8
MTJM0_SX236,6.5
MTJM0_SX326,6.9
MTJM0_SX416,14.8
MTJM0_SX56,5.0
MTJS0_SI1192,10.0
MTJS0_SI1822,14.0
MTJS0_SI562,21.3
MTJS0_SX112,5.7
MTJS0_SX202,21.7
MTJS0_SX22,15.0
MTJS0_SX292,4.1
MTJS0_SX382,10.8
MTJU0_SI2020,13.3
MTJU0_SI2269,6.7
MTJU0_SI760,18.2
MTJU0_SX130,24.2
MTJU0_SX220,9.8
MTJU0_SX310,10.8
MTJU0_SX40,17.0
MTJU0_SX400,7.7
MTKD0_SI1187,3.1
MTKD0_SI1817,15.2
MTKD0_SI630,9.7
MTKD0_SX107,5.4
MTKD0_SX17,5.0
MTKD0_SX197,4.2
MTKD0_SX287,10.3
MTKD0_SX377,15.0
MTKP0_SI1023,18.2
MTKP0_SI2283,20.0
MTKP0_SI454,28.8
MTKP0_SX123,22.5
MTKP0_SX213,8.8
MTKP0_SX303,13.8
MTKP0_SX33,9.4
MTKP0_SX393,0.0
MTLB0_SI1134,18.8
MTLB0_SI1764,5.0
MTLB0_SI504,14.3
MTLB0_SX144,3.3
MTLB0_SX234,0.0
MTLB0_SX324,24.6
MTLB0_SX414,12.2
MTLB0_SX54,10.9
MTLC0_SI1313,7.7
MTLC0_SI1477,13.8
MTLC0_SI847,9.1
MTLC0_SX127,4.2
MTLC0_SX217,19.2
MTLC0_SX307,4.5
MTLC0_SX37,9.8
MTLC0_SX397,6.1
MTML0_SI1065,6.1
MTML0_SI1695,17.1
MTML0_SI2325,20.5
MTML0_SX165,19.0
MTML0_SX255,15.2
MTML0_SX345,20.0
MTML0_SX435,24.0
MTML0_SX75,16.1
MTMN0_SI1064,14.3
MTMN0_SI2324,10.7
MTMN0_SI582,18.8
MTMN0_SX164,21.4
MTMN0_SX254,8.7
MTMN0_SX344,0.0
MTMN0_SX434,20.7
MTMN0_SX74,8.8
MTMT0_SI1118,7.3
MTMT0_SI1748,5.9
MTMT0_SI488,17.3
MTMT0_SX128,11.1
MTMT0_SX218,4.8
MTMT0_SX308,3.0
MTMT0_SX38,11.4
MTMT0_SX398,18.2
MTPF0_SI1235,14.9
MTPF0_SI1865,9.1
MTPF0_SI605,22.0
MTPF0_SX155,15.0
MTPF0_SX245,10.7
MTPF0_SX335,16.1
MTPF0_SX425,4.2
MTPF0_SX65,10.0
MTPG0_SI1383,13.8
MTPG0_SI2013,10.0
MTPG0_SI753,18.6
MTPG0_SX123,22.9
MTPG0_SX213,3.3
MTPG0_SX303,6.9
MTPG0_SX33,6.5
MTPG0_SX393,12.1
MTPP0_SI1508,17.2
MTPP0_SI2138,9.1
MTPP0_SI878,3.7
MTPP0_SX158,7.4
MTPP0_SX248,7.1
MTPP0_SX338,8.1
MTPP0_SX428,14.6
MTPP0_SX68,8.8
MTPR0_SI1600,18.4
MTPR0_SI2230,17.2
MTPR0_SI506,4.8
MTPR0_SX160,8.7
MTPR0_SX250,10.3
MTPR0_SX340,3.1
MTPR0_SX430,15.7
MTPR0_SX70,0.0
MTQC0_SI1441,13.8
MTQC0_SI2071,42.9
MTQC0_SI480,17.4
MTQC0_SX181,23.4
MTQC0_SX271,12.5
MTQC0_SX361,11.1
MTQC0_SX451,27.5
MTQC0_SX91,17.9
MTRC0_SI1623,8.1
MTRC0_SI589,21.9
MTRC0_SI993,7.1
MTRC0_SX170,10.7
MTRC0_SX183,10.3
MTRC0_SX273,13.3
MTRC0_SX363,10.0
MTRC0_SX93,12.0
MTRR0_SI1548,4.8
MTRR0_SI2178,22.2
MTRR0_SI918,18.2
MTRR0_SX108,15.0
MTRR0_SX18,13.8
MTRR0_SX198,21.9
MTRR0_SX288,4.7
MTRR0_SX378,15.8
MTRT0_SI1227,15.5
MTRT0_SI1857,11.9
MTRT0_SI597,2.9
MTRT0_SX147,21.4
MTRT0_SX237,16.7
MTRT0_SX254,0.0
MTRT0_SX417,17.5
MTRT0_SX57,12.9
MTWH1_SI1512,16.7
MTWH1_SI2142,5.0
MTWH1_SI882,15.6
MTWH1_SX162,14.3
MTWH1_SX252,0.0
MTWH1_SX342,16.2
MTWH1_SX432,11.8
MTWH1_SX72,7.4
MTXS0_SI1060,17.3
MTXS0_SI1690,10.0
MTXS0_SI2320,19.0
MTXS0_SX160,14.3
MTXS0_SX250,7.9
MTXS0_SX340,17.2
MTXS0_SX430,12.8
MTXS0_SX70,7.1
MVJH0_SI1556,32.1
MVJH0_SI2186,14.6
MVJH0_SI926,18.9
MVJH0_SX116,10.0
MVJH0_SX206,7.5
MVJH0_SX26,7.7
MVJH0_SX296,6.7
MVJH0_SX386,9.7
MVLO0_SI1147,5.9
MVLO0_SI1777,0.0
MVLO0_SI517,5.5
MVLO0_SX157,3.0
MVLO0_SX247,8.5
MVLO0_SX337,7.9
MVLO0_SX427,4.0
MVLO0_SX67,9.3
MVRW0_SI1485,11.9
MVRW0_SI2115,5.3
MVRW0_SI855,10.8
MVRW0_SX135,15.9
MVRW0_SX225,19.2
MVRW0_SX315,13.8
MVRW0_SX405,16.7
MVRW0_SX45,9.1
MWAC0_SI1601,22.0
MWAC0_SI2231,10.5
MWAC0_SI971,3.4
MWAC0_SX161,8.2
MWAC0_SX251,7.5
MWAC0_SX341,18.6
MWAC0_SX431,8.6
MWAC0_SX71,6.5
MWAD0_SI1062,17.9
MWAD0_SI1749,5.6
MWAD0_SI2322,14.7
MWAD0_SX162,10.0
MWAD0_SX252,12.5
MWAD0_SX342,19.4
MWAD0_SX432,11.3
MWAD0_SX72,4.5
MWAR0_SI1045,15.3
MWAR0_SI1675,0.0
MWAR0_SI2305,3.7
MWAR0_SX145,7.9
MWAR0_SX235,17.2
MWAR0_SX325,0.0
MWAR0_SX415,0.0
MWAR0_SX55,13.0
MWCH0_SI1622,19.0
MWCH0_SI1895,0.0
MWCH0_SI2252,19.0
MWCH0_SX182,0.0
MWCH0_SX272,12.0
MWCH0_SX362,9.5
MWCH0_SX452,13.6
MWCH0_SX92,17.6
MWDK0_SI1436,6.8
MWDK0_SI2017,10.0
MWDK0_SI806,5.9
MWDK0_SX176,5.9
MWDK0_SX266,6.5
MWDK0_SX356,5.7
MWDK0_SX446,4.9
MWDK0_SX86,3.3
MWEM0_SI1320,11.1
MWEM0_SI1393,25.0
MWEM0_SI1950,16.0
MWEM0_SX150,10.0
MWEM0_SX240,13.2
MWEM0_SX330,17.9
MWEM0_SX420,27.5
MWEM0_SX60,12.2
MWGR0_SI1606,21.6
MWGR0_SI2236,15.2
MWGR0_SI976,16.7
MWGR0_SX166,17.2
MWGR0_SX256,3.0
MWGR0_SX346,10.9
MWGR0_SX436,8.0
MWGR0_SX76,5.3
MWRE0_SI1057,10.3
MWRE0_SI1687,5.0
MWRE0_SI2317,11.4
MWRE0_SX157,8.3
MWRE0_SX247,12.5
MWRE0_SX337,11.4
MWRE0_SX427,11.1
MWRE0_SX67,15.6
MWRP0_SI1443,14.1
MWRP0_SI1525,15.8
MWRP0_SI2073,18.0
MWRP0_SX183,20.0
MWRP0_SX273,19.4
MWRP0_SX3,0.0
MWRP0_SX363,22.7
MWRP0_SX93,8.3
MWSB0_SI1626,20.7
MWSB0_SI2256,18.2
MWSB0_SI996,29.4
MWSB0_SX186,11.5
MWSB0_SX276,3.1
MWSB0_SX366,5.7
MWSB0_SX6,22.2
MWSB0_SX96,10.5
MWSH0_SI1426,17.5
MWSH0_SI2266,8.3
MWSH0_SI796,6.3
MWSH0_SX166,17.5
MWSH0_SX256,12.1
MWSH0_SX346,11.4
MWSH0_SX436,12.5
MWSH0_SX76,15.0
MZMB0_SI1166,20.7
MZMB0_SI1796,10.5
MZMB0_SI536,15.9
MZMB0_SX176,18.8
MZMB0_SX266,12.1
MZMB0_SX356,11.1
MZMB0_SX446,5.0
MZMB0_SX86,9.4
